Format Version,1.1,Take Name,Trial03,Capture Frame Rate,120.014526,Export Frame Rate,120.014526,Capture Start Time,2017-11-07 07.12.50.309 PM,Total Frames,646,Rotation Type,Quaternion

,,Marker,Marker,Marker,Marker,Marker,Marker,Marker,Marker,Marker
,,Marker_11922,Marker_11922,Marker_11922,Marker_11914,Marker_11914,Marker_11914,Marker_11916,Marker_11916,Marker_11916
,,"8392B20CF49E35702E92","8392B20CF49E35702E92","8392B20CF49E35702E92","8392B20CF49E35702E8A","8392B20CF49E35702E8A","8392B20CF49E35702E8A","8392B20CF49E35702E8C","8392B20CF49E35702E8C","8392B20CF49E35702E8C"
,,Position,Position,Position,Position,Position,Position,Position,Position,Position
Frame,Time,X,Y,Z,X,Y,Z,X,Y,Z
0,0.000000,0.068613,0.047569,-0.008978,0.114703,0.070102,0.060311,0.102718,0.056706,0.123749
1,0.008332,0.067783,0.047641,-0.008706,0.114281,0.070118,0.060239,0.102443,0.056743,0.123697
2,0.016665,0.067916,0.047844,-0.008927,0.114080,0.070133,0.060261,0.102257,0.056851,0.123654
3,0.024997,0.069008,0.048434,-0.009437,0.114233,0.070282,0.060360,0.102130,0.056865,0.123668
4,0.033329,0.070795,0.049026,-0.010346,0.114498,0.070356,0.060512,0.102161,0.056864,0.123719
5,0.041662,0.073918,0.049908,-0.011731,0.114923,0.070455,0.060697,0.102263,0.056809,0.123785
6,0.049994,0.078447,0.051193,-0.013540,0.115516,0.070438,0.060952,0.102277,0.056577,0.123919
7,0.058326,0.084232,0.052980,-0.015561,0.116323,0.070592,0.061262,0.102396,0.056449,0.124067
8,0.066659,0.090669,0.055124,-0.017357,0.117142,0.070691,0.061707,0.102640,0.056405,0.124202
9,0.074991,0.097212,0.057552,-0.018576,0.118065,0.070843,0.062083,0.102791,0.056290,0.124297
10,0.083323,0.102830,0.059523,-0.019347,0.118924,0.071006,0.062558,0.103118,0.056225,0.124413
11,0.091656,0.107641,0.061068,-0.019679,0.119460,0.070933,0.062897,0.103343,0.056173,0.124488
12,0.099988,0.110969,0.062104,-0.019711,0.120250,0.071147,0.063191,0.103676,0.056214,0.124569
13,0.108320,0.112820,0.062913,-0.019617,0.120707,0.071165,0.063378,0.103994,0.056194,0.124676
14,0.116653,0.113321,0.062994,-0.019474,0.120973,0.071083,0.063487,0.104219,0.056137,0.124760
15,0.124985,0.112175,0.062307,-0.019362,0.121206,0.071066,0.063494,0.104506,0.056144,0.124836
16,0.133317,0.109500,0.061306,-0.019135,0.121220,0.070942,0.063376,0.104700,0.056115,0.124867
17,0.141650,0.105282,0.059883,-0.018721,0.120919,0.070747,0.063173,0.104733,0.056058,0.124866
18,0.149982,0.099864,0.058265,-0.017964,0.120509,0.070674,0.062819,0.104725,0.056057,0.124849
19,0.158314,0.093804,0.056843,-0.016763,0.119826,0.070671,0.062525,0.104632,0.056115,0.124785
20,0.166646,0.087398,0.055244,-0.015152,0.118833,0.070501,0.062148,0.104329,0.056129,0.124706
21,0.174979,0.081404,0.053493,-0.013406,0.117873,0.070485,0.061812,0.104058,0.056280,0.124567
22,0.183311,0.076895,0.052163,-0.011816,0.116946,0.070476,0.061447,0.103607,0.056309,0.124394
23,0.191643,0.073679,0.051157,-0.010778,0.115977,0.070482,0.061190,0.103126,0.056447,0.124248
24,0.199976,0.072256,0.050822,-0.010399,0.115266,0.070491,0.060970,0.102737,0.056554,0.124132
25,0.208308,0.072071,0.050767,-0.010617,0.114807,0.070569,0.060884,0.102347,0.056608,0.123980
26,0.216640,0.072751,0.050888,-0.011201,0.114666,0.070629,0.060845,0.102121,0.056800,0.123902
27,0.224973,0.074620,0.051217,-0.012032,0.114713,0.070674,0.060863,0.101886,0.056791,0.123879
28,0.233305,0.077447,0.051591,-0.013311,0.114908,0.070678,0.060919,0.101790,0.056778,0.123865
29,0.241637,0.081555,0.052154,-0.014755,0.115475,0.070692,0.061063,0.101856,0.056759,0.123883
30,0.249970,0.086632,0.052837,-0.016388,0.116167,0.070696,0.061198,0.101978,0.056704,0.123907
31,0.258302,0.092226,0.053512,-0.017908,0.116815,0.070577,0.061395,0.102185,0.056599,0.123934
32,0.266634,0.098189,0.054471,-0.019012,0.117771,0.070646,0.061677,0.102363,0.056459,0.124005
33,0.274967,0.103579,0.055668,-0.019712,0.118457,0.070564,0.061930,0.102542,0.056323,0.124115
34,0.283299,0.107814,0.057004,-0.019974,0.119241,0.070619,0.062257,0.102935,0.056319,0.124197
35,0.291631,0.110734,0.058217,-0.019984,0.119936,0.070781,0.062542,0.103369,0.056255,0.124323
36,0.299964,0.112180,0.059063,-0.019893,0.120246,0.070702,0.062778,0.103674,0.056210,0.124444
37,0.308296,0.112122,0.059414,-0.019717,0.120639,0.070714,0.062951,0.104026,0.056220,0.124573
38,0.316628,0.110602,0.059289,-0.019489,0.120886,0.070753,0.063004,0.104250,0.056148,0.124670
39,0.324961,0.107296,0.058531,-0.019133,0.120887,0.070705,0.062861,0.104485,0.056093,0.124717
40,0.333293,0.102467,0.057381,-0.018522,0.120569,0.070591,0.062658,0.104601,0.056072,0.124741
41,0.341625,0.096713,0.056031,-0.017495,0.120026,0.070508,0.062399,0.104568,0.056053,0.124722
42,0.349958,0.090390,0.054606,-0.016024,0.119180,0.070403,0.062057,0.104444,0.056056,0.124666
43,0.358290,0.083736,0.053008,-0.014178,0.118306,0.070398,0.061714,0.104284,0.056242,0.124566
44,0.366622,0.077665,0.051683,-0.012046,0.117147,0.070337,0.061361,0.103895,0.056293,0.124418
45,0.374955,0.072497,0.050423,-0.010134,0.116054,0.070365,0.061077,0.103555,0.056434,0.124255
46,0.383287,0.069142,0.049693,-0.008747,0.115064,0.070402,0.060834,0.103014,0.056577,0.124102
47,0.391619,0.067480,0.049337,-0.008289,0.114337,0.070443,0.060657,0.102505,0.056642,0.123928
48,0.399952,0.067343,0.049433,-0.008516,0.113869,0.070543,0.060545,0.102233,0.056919,0.123791
49,0.408284,0.067968,0.049693,-0.009223,0.113616,0.070580,0.060506,0.101807,0.056935,0.123712
50,0.416616,0.069267,0.050266,-0.009985,0.113582,0.070642,0.060517,0.101577,0.056914,0.123660
51,0.424949,0.070736,0.050940,-0.010782,0.113664,0.070676,0.060581,0.101568,0.056948,0.123646
52,0.433281,0.072779,0.051865,-0.011709,0.113957,0.070773,0.060689,0.101582,0.056898,0.123686
53,0.441613,0.075759,0.053060,-0.012854,0.114422,0.070785,0.060865,0.101716,0.056838,0.123798
54,0.449946,0.079526,0.054448,-0.014243,0.115023,0.070948,0.061098,0.101962,0.056800,0.123907
55,0.458278,0.084186,0.056035,-0.015767,0.115601,0.070942,0.061366,0.102139,0.056655,0.124036
56,0.466610,0.089943,0.058027,-0.017136,0.116479,0.071137,0.061709,0.102489,0.056561,0.124167
57,0.474943,0.095880,0.059655,-0.018430,0.117264,0.071165,0.062078,0.102695,0.056491,0.124255
58,0.483275,0.102462,0.061362,-0.019304,0.118222,0.071292,0.062495,0.102836,0.056360,0.124341
59,0.491607,0.109046,0.062694,-0.019756,0.119031,0.071281,0.062831,0.103097,0.056290,0.124426
60,0.499939,0.114621,0.063228,-0.019888,0.119933,0.071329,0.063169,0.103373,0.056285,0.124459
61,0.508272,0.119045,0.063622,-0.019752,0.120513,0.071203,0.063348,0.103593,0.056268,0.124463
62,0.516604,0.121661,0.064187,-0.019533,0.120856,0.071094,0.063478,0.103811,0.056231,0.124489
63,0.524936,0.122514,0.064712,-0.019376,0.121196,0.071143,0.063599,0.104060,0.056243,0.124559
64,0.533269,0.121732,0.064854,-0.019384,0.121351,0.071228,0.063634,0.104197,0.056216,0.124628
65,0.541601,0.119176,0.064457,-0.019490,0.121240,0.071162,0.063548,0.104303,0.056197,0.124662
66,0.549933,0.114872,0.063449,-0.019592,0.121043,0.071140,0.063341,0.104363,0.056174,0.124666
67,0.558266,0.108648,0.061727,-0.019438,0.120598,0.071063,0.062959,0.104365,0.056201,0.124645
68,0.566598,0.101034,0.059846,-0.018607,0.119909,0.071008,0.062502,0.104300,0.056248,0.124601
69,0.574930,0.092134,0.057509,-0.016960,0.118697,0.070721,0.062053,0.104198,0.056347,0.124521
70,0.583263,0.083184,0.054933,-0.014450,0.117718,0.070772,0.061570,0.103914,0.056380,0.124400
71,0.591595,0.074916,0.052315,-0.011438,0.116367,0.070620,0.061193,0.103623,0.056482,0.124251
72,0.599927,0.068698,0.050434,-0.008489,0.115097,0.070532,0.060863,0.103203,0.056656,0.124079
73,0.608260,0.064681,0.049243,-0.006512,0.114015,0.070490,0.060638,0.102658,0.056711,0.123904
74,0.616592,0.063260,0.048882,-0.006033,0.113213,0.070481,0.060498,0.102300,0.056993,0.123771
75,0.624924,0.063954,0.049288,-0.006809,0.112890,0.070689,0.060437,0.101770,0.057021,0.123697
76,0.633257,0.065806,0.049971,-0.008234,0.112832,0.070813,0.060477,0.101483,0.057094,0.123630
77,0.641589,0.068806,0.050861,-0.009899,0.113037,0.070860,0.060566,0.101221,0.057111,0.123627
78,0.649921,0.072929,0.051821,-0.011858,0.113622,0.071001,0.060751,0.101140,0.057046,0.123677
79,0.658254,0.078402,0.053007,-0.014071,0.114134,0.070948,0.060937,0.101267,0.056951,0.123719
80,0.666586,0.084757,0.054201,-0.016264,0.115192,0.071047,0.061195,0.101447,0.056874,0.123796
81,0.674918,0.091692,0.055597,-0.018135,0.116197,0.071045,0.061498,0.101636,0.056747,0.123867
82,0.683251,0.098637,0.057507,-0.019332,0.117258,0.071113,0.061809,0.101997,0.056649,0.123922
83,0.691583,0.104603,0.059421,-0.020008,0.118089,0.071109,0.062164,0.102340,0.056467,0.124028
84,0.699915,0.109424,0.061121,-0.020186,0.118913,0.071213,0.062594,0.102777,0.056426,0.124184
85,0.708248,0.113006,0.062430,-0.020086,0.119568,0.071257,0.062902,0.103216,0.056340,0.124324
86,0.716580,0.115458,0.063319,-0.019877,0.120230,0.071307,0.063204,0.103643,0.056332,0.124445
87,0.724912,0.116756,0.063912,-0.019676,0.120690,0.071281,0.063380,0.103976,0.056293,0.124563
88,0.733245,0.116857,0.064087,-0.019540,0.120952,0.071279,0.063469,0.104213,0.056241,0.124659
89,0.741577,0.115579,0.063749,-0.019490,0.120982,0.071200,0.063457,0.104366,0.056159,0.124735
90,0.749909,0.112767,0.063002,-0.019416,0.120918,0.071177,0.063369,0.104488,0.056167,0.124768
91,0.758242,0.107979,0.061590,-0.019174,0.120610,0.071116,0.063152,0.104477,0.056155,0.124775
92,0.766574,0.102018,0.059976,-0.018544,0.120029,0.071017,0.062798,0.104404,0.056186,0.124744
93,0.774906,0.094801,0.057833,-0.017404,0.119341,0.071032,0.062415,0.104227,0.056269,0.124668
94,0.783239,0.087407,0.055603,-0.015612,0.118235,0.070826,0.061947,0.104004,0.056358,0.124539
95,0.791571,0.080357,0.053458,-0.013461,0.117162,0.070764,0.061520,0.103595,0.056390,0.124374
96,0.799903,0.074292,0.051721,-0.011137,0.115949,0.070646,0.061130,0.103090,0.056491,0.124205
97,0.808235,0.069532,0.050342,-0.009205,0.114847,0.070644,0.060843,0.102743,0.056662,0.124004
98,0.816568,0.066733,0.049578,-0.008049,0.113952,0.070650,0.060594,0.102376,0.056910,0.123831
99,0.824900,0.065836,0.049402,-0.007864,0.113242,0.070605,0.060475,0.101889,0.056985,0.123711
100,0.833232,0.066577,0.049716,-0.008617,0.113114,0.070781,0.060441,0.101551,0.057040,0.123619
101,0.841565,0.068853,0.050432,-0.010044,0.113140,0.070879,0.060479,0.101343,0.057124,0.123584
102,0.849897,0.072520,0.051507,-0.011822,0.113470,0.070960,0.060587,0.101182,0.057098,0.123589
103,0.858229,0.077210,0.052678,-0.013798,0.114063,0.071099,0.060780,0.101185,0.057026,0.123654
104,0.866562,0.083012,0.054041,-0.015836,0.114840,0.071120,0.061037,0.101282,0.056894,0.123727
105,0.874894,0.089581,0.055415,-0.017652,0.115776,0.071137,0.061304,0.101508,0.056833,0.123819
106,0.883226,0.096417,0.056766,-0.019100,0.116864,0.071212,0.061692,0.101773,0.056738,0.123908
107,0.891559,0.102972,0.058370,-0.019918,0.117815,0.071215,0.062069,0.102093,0.056563,0.124008
108,0.899891,0.108778,0.060234,-0.020220,0.118707,0.071234,0.062531,0.102484,0.056446,0.124126
109,0.908223,0.113194,0.061887,-0.020176,0.119430,0.071255,0.062955,0.102868,0.056374,0.124268
110,0.916556,0.116433,0.063390,-0.019908,0.120301,0.071443,0.063339,0.103324,0.056284,0.124428
111,0.924888,0.118061,0.064120,-0.019634,0.120839,0.071440,0.063602,0.103773,0.056325,0.124559
112,0.933220,0.118147,0.064164,-0.019437,0.121313,0.071513,0.063804,0.104067,0.056263,0.124689
113,0.941553,0.116377,0.063596,-0.019380,0.121585,0.071448,0.063776,0.104341,0.056212,0.124777
114,0.949885,0.112819,0.062569,-0.019290,0.121387,0.071222,0.063599,0.104614,0.056227,0.124828
115,0.958217,0.107856,0.061201,-0.018989,0.120987,0.071094,0.063370,0.104716,0.056235,0.124850
116,0.966550,0.101674,0.059440,-0.018327,0.120374,0.070977,0.063011,0.104625,0.056226,0.124823
117,0.974882,0.094856,0.057598,-0.017119,0.119681,0.070969,0.062564,0.104384,0.056201,0.124747
118,0.983214,0.087532,0.055303,-0.015455,0.118509,0.070778,0.062097,0.104140,0.056338,0.124617
119,0.991547,0.080990,0.053242,-0.013505,0.117419,0.070733,0.061637,0.103768,0.056438,0.124434
120,0.999879,0.075842,0.051609,-0.011682,0.116236,0.070682,0.061236,0.103163,0.056509,0.124244
121,1.008211,0.072315,0.050425,-0.010428,0.115188,0.070664,0.060893,0.102772,0.056683,0.124025
122,1.016544,0.070682,0.049831,-0.010119,0.114467,0.070670,0.060685,0.102288,0.056895,0.123866
123,1.024876,0.070908,0.049933,-0.010561,0.113945,0.070732,0.060575,0.101817,0.056975,0.123720
124,1.033208,0.072195,0.050286,-0.011456,0.113834,0.070836,0.060560,0.101523,0.057058,0.123625
125,1.041541,0.074590,0.050821,-0.012585,0.113955,0.070903,0.060588,0.101286,0.057095,0.123582
126,1.049873,0.078104,0.051347,-0.014004,0.114272,0.070897,0.060689,0.101189,0.057083,0.123581
127,1.058205,0.082751,0.052060,-0.015655,0.114938,0.070932,0.060869,0.101276,0.057051,0.123620
128,1.066538,0.088261,0.053019,-0.017315,0.115649,0.070894,0.061114,0.101331,0.056871,0.123709
129,1.074870,0.094318,0.054618,-0.018607,0.116477,0.070843,0.061424,0.101592,0.056816,0.123788
130,1.083202,0.099689,0.056186,-0.019524,0.117484,0.071035,0.061803,0.101960,0.056733,0.123892
131,1.091535,0.104398,0.057899,-0.019968,0.118252,0.071062,0.062166,0.102240,0.056506,0.124035
132,1.099867,0.108364,0.059480,-0.020100,0.118952,0.071138,0.062601,0.102722,0.056513,0.124206
133,1.108199,0.111829,0.060922,-0.020063,0.119595,0.071206,0.062990,0.103027,0.056389,0.124357
134,1.116532,0.114498,0.062111,-0.019888,0.120338,0.071340,0.063294,0.103478,0.056338,0.124496
135,1.124864,0.115898,0.062854,-0.019700,0.120781,0.071323,0.063523,0.103853,0.056333,0.124598
136,1.133196,0.115911,0.063151,-0.019511,0.121096,0.071338,0.063673,0.104060,0.056249,0.124716
137,1.141528,0.114136,0.062671,-0.019366,0.121335,0.071355,0.063725,0.104259,0.056207,0.124814
138,1.149861,0.110360,0.061548,-0.019129,0.121114,0.071149,0.063566,0.104464,0.056200,0.124866
139,1.158193,0.105421,0.060047,-0.018669,0.120800,0.071087,0.063316,0.104497,0.056192,0.124869
140,1.166525,0.099498,0.058214,-0.017876,0.120088,0.070875,0.062944,0.104438,0.056213,0.124836
141,1.174858,0.093082,0.056350,-0.016642,0.119411,0.070857,0.062561,0.104193,0.056227,0.124744
142,1.183190,0.086661,0.054582,-0.014985,0.118382,0.070728,0.062125,0.103957,0.056304,0.124611
143,1.191522,0.080517,0.052976,-0.013090,0.117379,0.070746,0.061727,0.103588,0.056384,0.124444
144,1.199855,0.074940,0.051330,-0.011240,0.116224,0.070693,0.061325,0.103024,0.056463,0.124273
145,1.208187,0.071350,0.050377,-0.009792,0.115258,0.070744,0.061027,0.102619,0.056586,0.124112
146,1.216519,0.069052,0.049671,-0.009096,0.114514,0.070725,0.060803,0.102255,0.056852,0.123917
147,1.224852,0.068325,0.049561,-0.009009,0.113827,0.070715,0.060683,0.101839,0.056947,0.123800
148,1.233184,0.068855,0.049861,-0.009398,0.113612,0.070777,0.060644,0.101594,0.057031,0.123717
149,1.241516,0.069853,0.050048,-0.010110,0.113685,0.070870,0.060641,0.101349,0.057000,0.123682
150,1.249849,0.071690,0.050319,-0.010991,0.113891,0.070910,0.060696,0.101315,0.056995,0.123681
151,1.258181,0.074313,0.050700,-0.012102,0.114393,0.070930,0.060781,0.101433,0.056998,0.123714
152,1.266513,0.077818,0.051033,-0.013447,0.114935,0.070853,0.060900,0.101574,0.056916,0.123784
153,1.274846,0.082145,0.051467,-0.015027,0.115655,0.070816,0.061093,0.101738,0.056806,0.123885
154,1.283178,0.087396,0.052376,-0.016513,0.116380,0.070697,0.061308,0.101986,0.056701,0.123985
155,1.291510,0.092912,0.053615,-0.017868,0.117240,0.070750,0.061649,0.102276,0.056534,0.124068
156,1.299843,0.098638,0.055216,-0.018918,0.118108,0.070806,0.061988,0.102651,0.056512,0.124201
157,1.308175,0.104349,0.056940,-0.019590,0.119056,0.071005,0.062442,0.102823,0.056393,0.124308
158,1.316507,0.109817,0.058580,-0.019863,0.119596,0.070933,0.062840,0.103068,0.056314,0.124432
159,1.324840,0.114467,0.059755,-0.019915,0.120408,0.071142,0.063234,0.103370,0.056305,0.124512
160,1.333172,0.118005,0.060545,-0.019768,0.120817,0.071052,0.063467,0.103577,0.056303,0.124559
161,1.341504,0.120202,0.061134,-0.019576,0.121218,0.071050,0.063629,0.103797,0.056288,0.124616
162,1.349837,0.121021,0.061371,-0.019491,0.121501,0.071056,0.063712,0.103985,0.056268,0.124673
163,1.358169,0.120367,0.061135,-0.019464,0.121544,0.071003,0.063718,0.104021,0.056204,0.124724
164,1.366501,0.117936,0.060596,-0.019521,0.121441,0.070924,0.063596,0.104114,0.056194,0.124730
165,1.374834,0.113792,0.059716,-0.019531,0.121168,0.070898,0.063369,0.104129,0.056161,0.124723
166,1.383166,0.108059,0.058497,-0.019226,0.120715,0.070894,0.063021,0.104129,0.056213,0.124694
167,1.391498,0.101046,0.057000,-0.018399,0.119988,0.070849,0.062607,0.104064,0.056278,0.124649
168,1.399831,0.093062,0.055001,-0.016854,0.119005,0.070693,0.062161,0.103856,0.056315,0.124571
169,1.408163,0.084801,0.052622,-0.014564,0.118012,0.070652,0.061750,0.103671,0.056396,0.124457
170,1.416495,0.077064,0.050405,-0.011736,0.116759,0.070480,0.061313,0.103323,0.056467,0.124306
171,1.424828,0.070517,0.048586,-0.008877,0.115579,0.070358,0.060976,0.102918,0.056557,0.124157
172,1.433160,0.065741,0.047350,-0.006394,0.114599,0.070407,0.060754,0.102612,0.056694,0.123967
173,1.441492,0.063084,0.046736,-0.004987,0.113769,0.070417,0.060552,0.102282,0.056894,0.123843
174,1.449824,0.062415,0.046589,-0.004833,0.113162,0.070375,0.060446,0.101895,0.056985,0.123743
175,1.458157,0.063013,0.046744,-0.005560,0.113014,0.070440,0.060407,0.101673,0.057074,0.123681
176,1.466489,0.064742,0.047063,-0.006750,0.113081,0.070467,0.060465,0.101467,0.057067,0.123657
177,1.474821,0.067771,0.047529,-0.008392,0.113471,0.070552,0.060588,0.101339,0.056994,0.123697
178,1.483154,0.071913,0.048088,-0.010478,0.114111,0.070552,0.060707,0.101437,0.056965,0.123750
179,1.491486,0.077150,0.048897,-0.012748,0.114914,0.070598,0.060878,0.101522,0.056850,0.123838
180,1.499818,0.083212,0.049940,-0.014969,0.115948,0.070646,0.061138,0.101657,0.056705,0.123958
181,1.508151,0.089666,0.051310,-0.016856,0.116778,0.070556,0.061413,0.101938,0.056629,0.124036
182,1.516483,0.095888,0.053149,-0.018221,0.117781,0.070671,0.061776,0.102317,0.056524,0.124117
183,1.524815,0.101010,0.055157,-0.019111,0.118493,0.070761,0.062120,0.102691,0.056469,0.124225
184,1.533148,0.105343,0.057189,-0.019544,0.119281,0.070953,0.062539,0.102914,0.056340,0.124355
185,1.541480,0.108607,0.058689,-0.019668,0.119741,0.070960,0.062843,0.103352,0.056314,0.124490
186,1.549812,0.110842,0.059655,-0.019655,0.120254,0.071083,0.063110,0.103671,0.056319,0.124576
187,1.558145,0.111981,0.060159,-0.019522,0.120631,0.071093,0.063280,0.103961,0.056304,0.124674
188,1.566477,0.112001,0.060242,-0.019417,0.120771,0.071046,0.063336,0.104080,0.056259,0.124746
189,1.574809,0.110613,0.059993,-0.019273,0.120786,0.070964,0.063313,0.104215,0.056230,0.124793
190,1.583142,0.107677,0.059389,-0.018996,0.120671,0.070982,0.063208,0.104240,0.056184,0.124823
191,1.591474,0.103300,0.058248,-0.018448,0.120099,0.070760,0.062960,0.104220,0.056198,0.124817
192,1.599806,0.097769,0.056696,-0.017540,0.119680,0.070787,0.062683,0.104128,0.056252,0.124769
193,1.608139,0.091142,0.054912,-0.016093,0.118962,0.070728,0.062335,0.103989,0.056301,0.124681
194,1.616471,0.084168,0.053001,-0.014109,0.117931,0.070558,0.061980,0.103716,0.056361,0.124556
195,1.624803,0.077546,0.051085,-0.011739,0.116933,0.070505,0.061623,0.103342,0.056373,0.124431
196,1.633136,0.072149,0.049568,-0.009449,0.115897,0.070469,0.061277,0.102942,0.056497,0.124279
197,1.641468,0.068361,0.048505,-0.007710,0.114914,0.070458,0.060987,0.102687,0.056667,0.124131
198,1.649800,0.066435,0.047944,-0.007005,0.114360,0.070504,0.060839,0.102253,0.056814,0.123979
199,1.658133,0.066424,0.047875,-0.007286,0.113910,0.070603,0.060740,0.101889,0.056885,0.123900
200,1.666465,0.067890,0.048123,-0.008343,0.113776,0.070642,0.060756,0.101582,0.056895,0.123837
201,1.674797,0.070840,0.048622,-0.009986,0.113970,0.070646,0.060821,0.101404,0.056881,0.123830
202,1.683130,0.075009,0.049292,-0.011912,0.114532,0.070672,0.060959,0.101273,0.056790,0.123872
203,1.691462,0.080127,0.049938,-0.014014,0.115255,0.070667,0.061149,0.101343,0.056760,0.123908
204,1.699794,0.086611,0.050811,-0.016043,0.116078,0.070606,0.061353,0.101423,0.056650,0.123978
205,1.708127,0.093581,0.051648,-0.017838,0.117046,0.070560,0.061640,0.101702,0.056616,0.124049
206,1.716459,0.100644,0.052751,-0.019050,0.118135,0.070591,0.061971,0.101997,0.056492,0.124090
207,1.724791,0.106716,0.054276,-0.019778,0.119132,0.070663,0.062354,0.102424,0.056438,0.124165
208,1.733124,0.111887,0.056313,-0.019996,0.119693,0.070627,0.062762,0.102787,0.056373,0.124277
209,1.741456,0.116201,0.058367,-0.019899,0.120408,0.070863,0.063221,0.103179,0.056270,0.124433
210,1.749788,0.119398,0.060056,-0.019655,0.120971,0.070962,0.063566,0.103533,0.056263,0.124566
211,1.758121,0.121562,0.061259,-0.019370,0.121565,0.071120,0.063893,0.103898,0.056248,0.124690
212,1.766453,0.122402,0.061968,-0.019131,0.121958,0.071178,0.064087,0.104097,0.056211,0.124792
213,1.774785,0.121489,0.062057,-0.019089,0.122065,0.071143,0.064129,0.104325,0.056174,0.124877
214,1.783117,0.118661,0.061490,-0.019128,0.122024,0.071112,0.064047,0.104509,0.056174,0.124929
215,1.791450,0.114281,0.060421,-0.019131,0.121725,0.071026,0.063786,0.104495,0.056094,0.124967
216,1.799782,0.108628,0.058884,-0.018894,0.121159,0.070859,0.063451,0.104512,0.056147,0.124936
217,1.808114,0.102162,0.057202,-0.018228,0.120382,0.070723,0.063040,0.104337,0.056167,0.124867
218,1.816447,0.095173,0.055252,-0.017123,0.119585,0.070712,0.062540,0.104037,0.056205,0.124745
219,1.824779,0.088357,0.053281,-0.015562,0.118414,0.070577,0.062061,0.103750,0.056306,0.124585
220,1.833111,0.082280,0.051564,-0.013774,0.117435,0.070614,0.061575,0.103334,0.056351,0.124420
221,1.841444,0.077048,0.049848,-0.012104,0.116341,0.070572,0.061186,0.102897,0.056508,0.124231
222,1.849776,0.073731,0.048776,-0.010959,0.115366,0.070477,0.060881,0.102467,0.056601,0.124049
223,1.858108,0.072408,0.048296,-0.010666,0.114634,0.070463,0.060691,0.102159,0.056852,0.123898
224,1.866441,0.072812,0.048397,-0.011074,0.114287,0.070465,0.060611,0.101722,0.056880,0.123792
225,1.874773,0.074457,0.048799,-0.011974,0.114289,0.070523,0.060629,0.101499,0.056915,0.123742
226,1.883105,0.076957,0.049183,-0.013129,0.114526,0.070570,0.060702,0.101332,0.056879,0.123726
227,1.891438,0.080637,0.049675,-0.014447,0.115042,0.070670,0.060820,0.101356,0.056887,0.123762
228,1.899770,0.085079,0.050181,-0.015923,0.115753,0.070663,0.061022,0.101422,0.056810,0.123818
229,1.908102,0.090257,0.051084,-0.017305,0.116419,0.070546,0.061256,0.101491,0.056671,0.123908
230,1.916435,0.095410,0.052470,-0.018400,0.117136,0.070528,0.061575,0.101794,0.056610,0.123993
231,1.924767,0.099991,0.054279,-0.019166,0.117986,0.070680,0.061930,0.102172,0.056487,0.124082
232,1.933099,0.103816,0.056092,-0.019645,0.118774,0.070925,0.062335,0.102615,0.056484,0.124229
233,1.941432,0.107298,0.057956,-0.019811,0.119290,0.070970,0.062706,0.102853,0.056344,0.124363
234,1.949764,0.109883,0.059364,-0.019826,0.119821,0.071016,0.063044,0.103275,0.056295,0.124494
235,1.958096,0.111440,0.060047,-0.019772,0.120415,0.071179,0.063262,0.103598,0.056313,0.124581
236,1.966429,0.111958,0.060354,-0.019686,0.120657,0.071107,0.063378,0.103918,0.056291,0.124673
237,1.974761,0.111291,0.060349,-0.019487,0.120808,0.071084,0.063410,0.104019,0.056217,0.124741
238,1.983093,0.108997,0.059632,-0.019286,0.120768,0.070961,0.063338,0.104142,0.056180,0.124794
239,1.991426,0.105221,0.058432,-0.018903,0.120564,0.070913,0.063162,0.104202,0.056176,0.124808
240,1.999758,0.100404,0.057073,-0.018195,0.120057,0.070755,0.062860,0.104163,0.056170,0.124783
241,2.008090,0.094293,0.055276,-0.017046,0.119505,0.070705,0.062542,0.104029,0.056205,0.124726
242,2.016423,0.087671,0.053552,-0.015223,0.118526,0.070531,0.062147,0.103874,0.056276,0.124632
243,2.024755,0.080816,0.051637,-0.013003,0.117620,0.070530,0.061780,0.103591,0.056345,0.124505
244,2.033087,0.074966,0.049882,-0.010727,0.116537,0.070439,0.061395,0.103213,0.056433,0.124356
245,2.041420,0.070723,0.048650,-0.008919,0.115588,0.070402,0.061116,0.102827,0.056577,0.124207
246,2.049752,0.068041,0.047871,-0.007868,0.114710,0.070406,0.060904,0.102398,0.056638,0.124052
247,2.058084,0.067290,0.047793,-0.007649,0.114283,0.070483,0.060769,0.102043,0.056812,0.123947
248,2.066417,0.067347,0.047808,-0.007979,0.113946,0.070529,0.060684,0.101692,0.056841,0.123868
249,2.074749,0.068128,0.048051,-0.008468,0.113792,0.070539,0.060663,0.101544,0.056899,0.123808
250,2.083081,0.069349,0.048212,-0.009164,0.113944,0.070553,0.060705,0.101487,0.056914,0.123794
251,2.091413,0.071373,0.048421,-0.010164,0.114340,0.070568,0.060816,0.101509,0.056881,0.123826
252,2.099746,0.074459,0.048948,-0.011555,0.114758,0.070592,0.060920,0.101487,0.056728,0.123911
253,2.108078,0.078466,0.049897,-0.013187,0.115446,0.070620,0.061101,0.101742,0.056710,0.123991
254,2.116410,0.082993,0.050868,-0.014902,0.116057,0.070585,0.061305,0.101976,0.056652,0.124062
255,2.124743,0.088271,0.052221,-0.016409,0.116883,0.070668,0.061579,0.102269,0.056543,0.124136
256,2.133075,0.093805,0.053595,-0.017749,0.117743,0.070762,0.061871,0.102588,0.056521,0.124239
257,2.141407,0.099575,0.054803,-0.018795,0.118428,0.070751,0.062171,0.102746,0.056412,0.124325
258,2.149740,0.105310,0.055720,-0.019474,0.119325,0.070836,0.062539,0.102877,0.056334,0.124401
259,2.158072,0.111106,0.056569,-0.019777,0.119849,0.070681,0.062878,0.103110,0.056269,0.124474
260,2.166404,0.116350,0.057384,-0.019789,0.120612,0.070738,0.063230,0.103300,0.056251,0.124518
261,2.174737,0.120593,0.058388,-0.019589,0.121051,0.070710,0.063483,0.103462,0.056237,0.124549
262,2.183069,0.123766,0.059657,-0.019266,0.121325,0.070720,0.063728,0.103583,0.056192,0.124590
263,2.191401,0.125790,0.060927,-0.018995,0.121769,0.070974,0.063993,0.103709,0.056162,0.124657
264,2.199734,0.126709,0.061749,-0.018781,0.121908,0.071089,0.064113,0.103808,0.056178,0.124695
265,2.208066,0.126433,0.062122,-0.018790,0.121880,0.071079,0.064149,0.103839,0.056167,0.124731
266,2.216398,0.124424,0.062152,-0.018937,0.121860,0.071180,0.064045,0.103876,0.056166,0.124735
267,2.224731,0.120732,0.061636,-0.019231,0.121525,0.071109,0.063829,0.103911,0.056186,0.124732
268,2.233063,0.115406,0.060521,-0.019394,0.121044,0.071013,0.063507,0.103896,0.056197,0.124732
269,2.241395,0.108581,0.058899,-0.019193,0.120495,0.070989,0.063128,0.103911,0.056252,0.124694
270,2.249728,0.100514,0.057005,-0.018320,0.119756,0.070905,0.062587,0.103797,0.056286,0.124620
271,2.258060,0.091927,0.054867,-0.016617,0.118561,0.070674,0.062116,0.103659,0.056314,0.124540
272,2.266392,0.083431,0.052489,-0.014231,0.117388,0.070544,0.061672,0.103396,0.056311,0.124445
273,2.274725,0.076029,0.050262,-0.011498,0.116361,0.070562,0.061299,0.103071,0.056448,0.124310
274,2.283057,0.070234,0.048568,-0.008930,0.115219,0.070403,0.060982,0.102796,0.056569,0.124181
275,2.291389,0.066388,0.047553,-0.006961,0.114373,0.070412,0.060789,0.102425,0.056631,0.124006
276,2.299722,0.064142,0.046994,-0.005908,0.113667,0.070428,0.060591,0.102150,0.056867,0.123897
277,2.308054,0.063514,0.046918,-0.005764,0.113197,0.070407,0.060507,0.101736,0.056863,0.123822
278,2.316386,0.063906,0.047062,-0.006221,0.113042,0.070437,0.060486,0.101597,0.056973,0.123758
279,2.324719,0.065368,0.047531,-0.007081,0.113127,0.070484,0.060532,0.101477,0.056986,0.123742
280,2.333051,0.067445,0.047960,-0.008318,0.113462,0.070579,0.060646,0.101506,0.057000,0.123756
281,2.341383,0.070713,0.048741,-0.009978,0.113997,0.070685,0.060768,0.101546,0.056915,0.123819
282,2.349716,0.075036,0.049886,-0.011854,0.114578,0.070617,0.060952,0.101608,0.056780,0.123925
283,2.358048,0.080010,0.051028,-0.013906,0.115393,0.070696,0.061198,0.101840,0.056719,0.124024
284,2.366380,0.086270,0.052406,-0.015934,0.116249,0.070747,0.061476,0.102099,0.056639,0.124117
285,2.374713,0.093610,0.053825,-0.017790,0.117328,0.070850,0.061828,0.102407,0.056549,0.124220
286,2.383045,0.101325,0.055369,-0.019072,0.118348,0.070850,0.062194,0.102570,0.056468,0.124283
287,2.391377,0.108664,0.056986,-0.019737,0.119226,0.070876,0.062639,0.102734,0.056350,0.124344
288,2.399710,0.114835,0.058598,-0.019886,0.120046,0.070937,0.063108,0.102975,0.056266,0.124438
289,2.408042,0.119458,0.060287,-0.019647,0.120640,0.070984,0.063468,0.103271,0.056222,0.124523
290,2.416374,0.122109,0.061557,-0.019349,0.121144,0.071061,0.063779,0.103580,0.056231,0.124605
291,2.424706,0.122991,0.062201,-0.019110,0.121551,0.071165,0.063970,0.103852,0.056197,0.124725
292,2.433039,0.122288,0.062213,-0.019059,0.121882,0.071245,0.064007,0.104067,0.056213,0.124800
293,2.441371,0.119729,0.061737,-0.019132,0.121895,0.071175,0.063912,0.104302,0.056203,0.124859
294,2.449703,0.115486,0.060788,-0.019182,0.121568,0.070979,0.063660,0.104424,0.056161,0.124885
295,2.458036,0.110209,0.059575,-0.019002,0.121176,0.070914,0.063400,0.104467,0.056163,0.124895
296,2.466368,0.103816,0.057979,-0.018451,0.120472,0.070761,0.063043,0.104407,0.056175,0.124863
297,2.474700,0.096764,0.056241,-0.017390,0.119710,0.070729,0.062592,0.104237,0.056218,0.124786
298,2.483033,0.089677,0.054542,-0.015798,0.118621,0.070622,0.062180,0.104014,0.056275,0.124671
299,2.491365,0.082921,0.052783,-0.013915,0.117493,0.070563,0.061798,0.103677,0.056354,0.124522
300,2.499697,0.077182,0.051249,-0.011907,0.116380,0.070537,0.061424,0.103214,0.056414,0.124390
301,2.508030,0.072433,0.049830,-0.010184,0.115491,0.070594,0.061117,0.102837,0.056582,0.124221
302,2.516362,0.069296,0.048919,-0.008954,0.114571,0.070540,0.060876,0.102422,0.056673,0.124063
303,2.524694,0.068044,0.048546,-0.008471,0.113951,0.070595,0.060695,0.102107,0.056877,0.123933
304,2.533027,0.068292,0.048582,-0.008830,0.113583,0.070588,0.060643,0.101770,0.056944,0.123838
305,2.541359,0.069639,0.048768,-0.009682,0.113568,0.070624,0.060642,0.101578,0.056975,0.123790
306,2.549691,0.072215,0.049201,-0.010971,0.113928,0.070741,0.060689,0.101497,0.056986,0.123766
307,2.558024,0.076040,0.049771,-0.012538,0.114506,0.070754,0.060808,0.101493,0.056935,0.123796
308,2.566356,0.080885,0.050419,-0.014320,0.115182,0.070787,0.060957,0.101559,0.056856,0.123844
309,2.574688,0.086446,0.050959,-0.016187,0.116053,0.070751,0.061168,0.101643,0.056712,0.123941
310,2.583021,0.092939,0.051875,-0.017816,0.116915,0.070659,0.061433,0.101916,0.056653,0.124013
311,2.591353,0.099771,0.053075,-0.018990,0.117863,0.070580,0.061803,0.102198,0.056506,0.124073
312,2.599685,0.106039,0.054403,-0.019712,0.118725,0.070563,0.062155,0.102565,0.056469,0.124177
313,2.608018,0.111342,0.055941,-0.019970,0.119642,0.070720,0.062604,0.102800,0.056345,0.124276
314,2.616350,0.115363,0.057504,-0.019928,0.120224,0.070736,0.062968,0.103188,0.056272,0.124402
315,2.624682,0.117761,0.058520,-0.019783,0.120827,0.070841,0.063300,0.103584,0.056301,0.124502
316,2.633015,0.119033,0.059250,-0.019611,0.121234,0.070876,0.063469,0.103841,0.056244,0.124623
317,2.641347,0.118784,0.059533,-0.019518,0.121473,0.070883,0.063565,0.104061,0.056234,0.124703
318,2.649679,0.116797,0.059276,-0.019478,0.121463,0.070792,0.063513,0.104251,0.056213,0.124772
319,2.658012,0.112986,0.058481,-0.019375,0.121320,0.070770,0.063357,0.104369,0.056155,0.124807
320,2.666344,0.107664,0.057389,-0.019024,0.121026,0.070798,0.063057,0.104411,0.056160,0.124802
321,2.674676,0.100924,0.055835,-0.018211,0.120371,0.070699,0.062666,0.104345,0.056164,0.124776
322,2.683009,0.093577,0.054037,-0.016780,0.119447,0.070589,0.062264,0.104150,0.056243,0.124693
323,2.691341,0.085984,0.052025,-0.014777,0.118315,0.070482,0.061838,0.103901,0.056318,0.124556
324,2.699673,0.078814,0.050152,-0.012382,0.117120,0.070387,0.061413,0.103511,0.056338,0.124408
325,2.708006,0.072511,0.048443,-0.009903,0.115946,0.070367,0.061073,0.103025,0.056455,0.124244
326,2.716338,0.068025,0.047515,-0.007637,0.114916,0.070421,0.060801,0.102676,0.056612,0.124065
327,2.724670,0.064911,0.046830,-0.006122,0.114086,0.070431,0.060571,0.102300,0.056851,0.123901
328,2.733002,0.063353,0.046545,-0.005509,0.113365,0.070425,0.060428,0.101899,0.056968,0.123765
329,2.741335,0.063148,0.046498,-0.005648,0.112985,0.070412,0.060340,0.101648,0.057057,0.123677
330,2.749667,0.064127,0.046665,-0.006374,0.112944,0.070436,0.060331,0.101468,0.057086,0.123621
331,2.757999,0.065916,0.046799,-0.007584,0.113194,0.070500,0.060399,0.101404,0.057124,0.123606
332,2.766332,0.069422,0.047404,-0.009243,0.113725,0.070583,0.060529,0.101453,0.057041,0.123649
333,2.774664,0.073942,0.047910,-0.011424,0.114401,0.070524,0.060695,0.101529,0.056932,0.123756
334,2.782996,0.079688,0.048703,-0.013789,0.115279,0.070476,0.060908,0.101627,0.056780,0.123854
335,2.791329,0.086605,0.049770,-0.015939,0.116323,0.070484,0.061176,0.101855,0.056662,0.123983
336,2.799661,0.094288,0.050887,-0.017838,0.117413,0.070443,0.061535,0.102124,0.056511,0.124069
337,2.807993,0.102036,0.052058,-0.019157,0.118477,0.070422,0.061944,0.102489,0.056478,0.124181
338,2.816326,0.109109,0.053657,-0.019756,0.119556,0.070530,0.062404,0.102744,0.056372,0.124267
339,2.824658,0.114633,0.055759,-0.019901,0.120258,0.070525,0.062841,0.103097,0.056272,0.124378
340,2.832990,0.118790,0.058005,-0.019692,0.120937,0.070720,0.063330,0.103480,0.056249,0.124493
341,2.841323,0.121516,0.059616,-0.019417,0.121401,0.070864,0.063645,0.103775,0.056208,0.124640
342,2.849655,0.123169,0.060281,-0.019192,0.121950,0.071064,0.063927,0.103995,0.056191,0.124745
343,2.857987,0.123948,0.060538,-0.019008,0.122128,0.070954,0.064019,0.104202,0.056179,0.124817
344,2.866320,0.123564,0.060432,-0.019031,0.122199,0.070882,0.063993,0.104386,0.056162,0.124850
345,2.874652,0.121626,0.060044,-0.019140,0.122227,0.070910,0.063880,0.104447,0.056121,0.124863
346,2.882984,0.118273,0.059499,-0.019266,0.121719,0.070715,0.063652,0.104429,0.056087,0.124863
347,2.891317,0.113347,0.058521,-0.019238,0.121280,0.070702,0.063400,0.104313,0.056082,0.124840
348,2.899649,0.106762,0.057161,-0.018893,0.120696,0.070657,0.063015,0.104212,0.056166,0.124791
349,2.907981,0.098682,0.055376,-0.017831,0.119923,0.070728,0.062568,0.104046,0.056229,0.124699
350,2.916314,0.089912,0.053262,-0.015866,0.118666,0.070502,0.062076,0.103798,0.056292,0.124568
351,2.924646,0.081335,0.050987,-0.013226,0.117547,0.070527,0.061590,0.103473,0.056334,0.124434
352,2.932978,0.073569,0.048770,-0.010106,0.116280,0.070458,0.061199,0.103126,0.056498,0.124266
353,2.941311,0.067498,0.047154,-0.007121,0.115100,0.070396,0.060847,0.102870,0.056678,0.124097
354,2.949643,0.063372,0.046250,-0.004799,0.114122,0.070343,0.060615,0.102501,0.056798,0.123900
355,2.957975,0.061033,0.045756,-0.003610,0.113244,0.070272,0.060426,0.102181,0.057012,0.123774
356,2.966308,0.060372,0.045653,-0.003535,0.112890,0.070352,0.060336,0.101770,0.057024,0.123698
357,2.974640,0.061083,0.045878,-0.004048,0.112736,0.070382,0.060305,0.101562,0.057076,0.123632
358,2.982972,0.062406,0.045992,-0.004949,0.112834,0.070383,0.060348,0.101468,0.057102,0.123619
359,2.991305,0.064545,0.046197,-0.006221,0.113123,0.070382,0.060443,0.101477,0.057080,0.123636
360,2.999637,0.067481,0.046411,-0.007965,0.113707,0.070448,0.060568,0.101479,0.056951,0.123704
361,3.007969,0.071894,0.047170,-0.010108,0.114411,0.070441,0.060721,0.101644,0.056874,0.123802
362,3.016302,0.077062,0.048222,-0.012422,0.115191,0.070431,0.060915,0.101864,0.056785,0.123912
363,3.024634,0.082867,0.049721,-0.014662,0.116128,0.070594,0.061170,0.102061,0.056688,0.124011
364,3.032966,0.089198,0.051710,-0.016546,0.116810,0.070562,0.061494,0.102365,0.056584,0.124105
365,3.041299,0.095344,0.053984,-0.018055,0.117736,0.070792,0.061873,0.102623,0.056534,0.124217
366,3.049631,0.101108,0.056728,-0.019016,0.118510,0.071006,0.062278,0.102776,0.056430,0.124312
367,3.057963,0.106063,0.059307,-0.019469,0.118940,0.071104,0.062741,0.102952,0.056367,0.124416
368,3.066295,0.110332,0.061368,-0.019617,0.119636,0.071398,0.063136,0.103183,0.056295,0.124533
369,3.074628,0.114019,0.062799,-0.019595,0.120098,0.071498,0.063404,0.103364,0.056293,0.124612
370,3.082960,0.117087,0.063497,-0.019475,0.120417,0.071484,0.063610,0.103529,0.056301,0.124642
371,3.091292,0.119343,0.063748,-0.019362,0.120741,0.071434,0.063707,0.103640,0.056271,0.124663
372,3.099625,0.120282,0.063837,-0.019267,0.120911,0.071373,0.063772,0.103748,0.056261,0.124681
373,3.107957,0.119749,0.063971,-0.019237,0.120921,0.071371,0.063772,0.103840,0.056239,0.124704
374,3.116289,0.117918,0.063655,-0.019285,0.120773,0.071365,0.063658,0.103856,0.056244,0.124731
375,3.124622,0.114802,0.062846,-0.019335,0.120595,0.071381,0.063489,0.103838,0.056265,0.124723
376,3.132954,0.110506,0.061788,-0.019257,0.120191,0.071326,0.063254,0.103748,0.056282,0.124703
377,3.141286,0.105225,0.060411,-0.018871,0.119584,0.071195,0.062952,0.103627,0.056313,0.124675
378,3.149619,0.098791,0.058469,-0.018053,0.119066,0.071180,0.062616,0.103494,0.056343,0.124629
379,3.157951,0.091525,0.056194,-0.016623,0.118115,0.070914,0.062220,0.103360,0.056361,0.124565
380,3.166283,0.084456,0.053863,-0.014595,0.117274,0.070840,0.061843,0.103143,0.056397,0.124459
381,3.174616,0.077902,0.051627,-0.012360,0.116300,0.070710,0.061484,0.102955,0.056518,0.124330
382,3.182948,0.072486,0.049981,-0.010112,0.115443,0.070693,0.061188,0.102742,0.056605,0.124217
383,3.191280,0.068322,0.048908,-0.008239,0.114565,0.070582,0.060951,0.102419,0.056668,0.124097
384,3.199613,0.065798,0.048455,-0.007009,0.113899,0.070676,0.060802,0.102076,0.056776,0.124007
385,3.207945,0.064765,0.048344,-0.006554,0.113571,0.070772,0.060728,0.101864,0.056891,0.123918
386,3.216277,0.064755,0.048405,-0.006798,0.113306,0.070749,0.060676,0.101674,0.056956,0.123850
387,3.224610,0.065967,0.048859,-0.007464,0.113364,0.070806,0.060704,0.101584,0.057004,0.123822
388,3.232942,0.068086,0.049317,-0.008676,0.113644,0.070896,0.060799,0.101531,0.056985,0.123834
389,3.241274,0.071207,0.049883,-0.010309,0.113942,0.070885,0.060880,0.101562,0.056946,0.123857
390,3.249607,0.075491,0.050706,-0.012268,0.114583,0.070873,0.061039,0.101559,0.056812,0.123933
391,3.257939,0.081009,0.051909,-0.014329,0.115150,0.070828,0.061246,0.101752,0.056774,0.123997
392,3.266271,0.087499,0.053129,-0.016428,0.116021,0.070848,0.061464,0.101868,0.056670,0.124068
393,3.274604,0.094974,0.054530,-0.018194,0.117097,0.070959,0.061766,0.102110,0.056621,0.124117
394,3.282936,0.102951,0.055866,-0.019482,0.118072,0.070962,0.062105,0.102296,0.056524,0.124158
395,3.291268,0.110732,0.056993,-0.020051,0.119043,0.070997,0.062576,0.102526,0.056507,0.124210
396,3.299601,0.118037,0.058026,-0.019980,0.119833,0.070946,0.062982,0.102691,0.056458,0.124262
397,3.307933,0.124183,0.058676,-0.019489,0.120630,0.070949,0.063403,0.102816,0.056353,0.124330
398,3.316265,0.129029,0.059011,-0.018821,0.121300,0.070873,0.063737,0.103082,0.056283,0.124429
399,3.324598,0.132738,0.058953,-0.018106,0.121913,0.070821,0.064060,0.103375,0.056276,0.124509
400,3.332930,0.135785,0.058725,-0.017416,0.122485,0.070791,0.064294,0.103598,0.056257,0.124573
401,3.341262,0.138242,0.058190,-0.016755,0.122885,0.070637,0.064476,0.103754,0.056200,0.124641
402,3.349595,0.140462,0.057634,-0.016107,0.123276,0.070569,0.064646,0.103867,0.056201,0.124680
403,3.357927,0.142406,0.057248,-0.015524,0.123541,0.070517,0.064809,0.103879,0.056164,0.124696
404,3.366259,0.143630,0.057075,-0.015133,0.123680,0.070480,0.064894,0.103878,0.056150,0.124699
405,3.374591,0.143756,0.057137,-0.015078,0.123690,0.070467,0.064917,0.103873,0.056147,0.124704
406,3.382924,0.142219,0.057293,-0.015531,0.123645,0.070537,0.064865,0.103902,0.056171,0.124716
407,3.391256,0.138836,0.057449,-0.016478,0.123390,0.070523,0.064695,0.103920,0.056176,0.124737
408,3.399588,0.133398,0.057170,-0.017648,0.122885,0.070444,0.064367,0.103952,0.056187,0.124747
409,3.407921,0.125827,0.056370,-0.018785,0.122498,0.070590,0.063913,0.103989,0.056208,0.124743
410,3.416253,0.116482,0.055128,-0.019352,0.121757,0.070525,0.063298,0.104023,0.056241,0.124705
411,3.424585,0.106342,0.053617,-0.018878,0.120650,0.070436,0.062597,0.103987,0.056272,0.124638
412,3.432918,0.095915,0.051805,-0.017350,0.119254,0.070317,0.061964,0.103833,0.056337,0.124508
413,3.441250,0.086092,0.049990,-0.014965,0.117853,0.070309,0.061449,0.103545,0.056350,0.124365
414,3.449582,0.077490,0.048392,-0.012049,0.116433,0.070348,0.061051,0.103140,0.056484,0.124199
415,3.457915,0.070841,0.047322,-0.009173,0.115105,0.070384,0.060756,0.102795,0.056655,0.124017
416,3.466247,0.065826,0.046452,-0.006847,0.114045,0.070430,0.060543,0.102411,0.056892,0.123854
417,3.474579,0.063077,0.046115,-0.005509,0.113037,0.070372,0.060382,0.101935,0.057021,0.123724
418,3.482912,0.062391,0.046067,-0.005373,0.112616,0.070528,0.060317,0.101584,0.057125,0.123621
419,3.491244,0.063432,0.046442,-0.006229,0.112385,0.070603,0.060320,0.101219,0.057189,0.123560
420,3.499576,0.065629,0.047091,-0.007786,0.112457,0.070645,0.060388,0.101008,0.057184,0.123565
421,3.507909,0.068996,0.048350,-0.009589,0.112949,0.070788,0.060538,0.100940,0.057136,0.123599
422,3.516241,0.072930,0.049990,-0.011484,0.113532,0.070923,0.060765,0.100989,0.057026,0.123688
423,3.524573,0.077440,0.051883,-0.013367,0.114021,0.070983,0.061052,0.101159,0.056903,0.123824
424,3.532906,0.082823,0.054112,-0.015177,0.114813,0.071104,0.061377,0.101414,0.056842,0.123951
425,3.541238,0.088743,0.056572,-0.016831,0.115786,0.071382,0.061748,0.101697,0.056770,0.124094
426,3.549570,0.095005,0.059078,-0.018127,0.116625,0.071511,0.062143,0.102001,0.056720,0.124232
427,3.557903,0.101006,0.061340,-0.018950,0.117605,0.071702,0.062570,0.102350,0.056607,0.124367
428,3.566235,0.106095,0.063211,-0.019334,0.118482,0.071828,0.062936,0.102659,0.056529,0.124436
429,3.574567,0.109914,0.064846,-0.019359,0.119175,0.071886,0.063262,0.102999,0.056454,0.124558
430,3.582900,0.112091,0.065869,-0.019248,0.119667,0.071931,0.063507,0.103302,0.056347,0.124669
431,3.591232,0.113093,0.066178,-0.019093,0.119990,0.071861,0.063649,0.103622,0.056333,0.124786
432,3.599564,0.112527,0.065871,-0.019000,0.120270,0.071879,0.063658,0.103937,0.056381,0.124849
433,3.607897,0.110328,0.065119,-0.018891,0.120266,0.071771,0.063543,0.104156,0.056399,0.124861
434,3.616229,0.106294,0.063818,-0.018625,0.120088,0.071687,0.063381,0.104218,0.056382,0.124884
435,3.624561,0.100674,0.062136,-0.017979,0.119609,0.071625,0.063107,0.104214,0.056400,0.124870
436,3.632894,0.093050,0.059777,-0.016590,0.118781,0.071391,0.062735,0.104146,0.056464,0.124826
437,3.641226,0.084376,0.057110,-0.014184,0.117835,0.071259,0.062330,0.103877,0.056486,0.124725
438,3.649558,0.075264,0.054135,-0.010825,0.116516,0.071076,0.061902,0.103524,0.056547,0.124581
439,3.657891,0.067176,0.051595,-0.006932,0.115302,0.071105,0.061504,0.103082,0.056714,0.124369
440,3.666223,0.060801,0.049756,-0.003292,0.113845,0.070974,0.061094,0.102645,0.056877,0.124192
441,3.674555,0.056311,0.048550,-0.000471,0.112789,0.071097,0.060815,0.101939,0.056950,0.123998
442,3.682888,0.052906,0.047652,0.001585,0.111755,0.071106,0.060551,0.101502,0.057184,0.123776
443,3.691220,0.051340,0.047263,0.002321,0.110978,0.071160,0.060390,0.100995,0.057371,0.123607
444,3.699552,0.051383,0.047310,0.001940,0.110659,0.071236,0.060310,0.100747,0.057549,0.123505
445,3.707884,0.052740,0.047700,0.000694,0.110569,0.071272,0.060314,0.100416,0.057560,0.123461
446,3.716217,0.055120,0.048344,-0.001167,0.110629,0.071248,0.060421,0.100313,0.057566,0.123491
447,3.724549,0.057938,0.049090,-0.003266,0.111065,0.071297,0.060615,0.100339,0.057471,0.123580
448,3.732881,0.062192,0.050401,-0.005956,0.111801,0.071417,0.060795,0.100518,0.057349,0.123687
449,3.741214,0.067916,0.052065,-0.009071,0.112566,0.071416,0.061003,0.100689,0.057203,0.123832
450,3.749546,0.075002,0.053929,-0.012295,0.113594,0.071511,0.061294,0.101019,0.057107,0.123963
451,3.757878,0.083201,0.055754,-0.015158,0.114857,0.071641,0.061594,0.101297,0.056919,0.124076
452,3.766211,0.091531,0.057041,-0.017458,0.116133,0.071634,0.061932,0.101803,0.056950,0.124159
453,3.774543,0.099673,0.057903,-0.018975,0.117355,0.071542,0.062293,0.102076,0.056820,0.124237
454,3.782875,0.107199,0.058317,-0.019720,0.118483,0.071448,0.062616,0.102475,0.056705,0.124322
455,3.791208,0.113482,0.058237,-0.019875,0.119371,0.071210,0.062902,0.102759,0.056615,0.124377
456,3.799540,0.118369,0.057777,-0.019712,0.120371,0.071160,0.063187,0.103103,0.056554,0.124452
457,3.807872,0.121512,0.057321,-0.019471,0.120958,0.070920,0.063357,0.103372,0.056407,0.124543
458,3.816205,0.122925,0.057449,-0.019279,0.121332,0.070762,0.063478,0.103704,0.056409,0.124577
459,3.824537,0.122635,0.057658,-0.019183,0.121533,0.070790,0.063555,0.103880,0.056355,0.124670
460,3.832869,0.120591,0.057795,-0.019249,0.121521,0.070806,0.063553,0.103996,0.056320,0.124748
461,3.841202,0.116727,0.057530,-0.019313,0.121299,0.070828,0.063407,0.104043,0.056312,0.124766
462,3.849534,0.111446,0.056919,-0.019184,0.120981,0.070925,0.063163,0.104031,0.056336,0.124760
463,3.857866,0.104792,0.055770,-0.018737,0.120224,0.070865,0.062756,0.103941,0.056402,0.124720
464,3.866199,0.097366,0.054490,-0.017596,0.119401,0.070921,0.062382,0.103722,0.056426,0.124626
465,3.874531,0.089540,0.052828,-0.015855,0.118167,0.070798,0.061918,0.103455,0.056446,0.124537
466,3.882863,0.081874,0.050868,-0.013580,0.116946,0.070712,0.061506,0.103064,0.056535,0.124371
467,3.891196,0.075144,0.048975,-0.011151,0.115758,0.070604,0.061120,0.102776,0.056655,0.124214
468,3.899528,0.069740,0.047350,-0.008884,0.114601,0.070530,0.060820,0.102376,0.056786,0.124007
469,3.907860,0.066459,0.046498,-0.007275,0.113643,0.070499,0.060540,0.101976,0.056952,0.123838
470,3.916193,0.064945,0.046105,-0.006755,0.112953,0.070456,0.060347,0.101669,0.057104,0.123665
471,3.924525,0.064865,0.046103,-0.007090,0.112573,0.070535,0.060254,0.101297,0.057179,0.123555
472,3.932857,0.066013,0.046501,-0.007950,0.112477,0.070599,0.060247,0.100993,0.057203,0.123524
473,3.941190,0.068107,0.047047,-0.009150,0.112658,0.070657,0.060312,0.100885,0.057217,0.123515
474,3.949522,0.071173,0.047639,-0.010762,0.113094,0.070662,0.060451,0.100902,0.057193,0.123536
475,3.957854,0.076001,0.048798,-0.012693,0.113698,0.070754,0.060609,0.101016,0.057116,0.123590
476,3.966187,0.081786,0.050156,-0.014909,0.114599,0.070837,0.060837,0.101205,0.057010,0.123690
477,3.974519,0.088511,0.052053,-0.016919,0.115468,0.070873,0.061163,0.101433,0.056898,0.123819
478,3.982851,0.095508,0.054478,-0.018436,0.116389,0.070988,0.061570,0.101564,0.056712,0.123971
479,3.991184,0.101765,0.057043,-0.019419,0.117485,0.071229,0.062035,0.101885,0.056629,0.124084
480,3.999516,0.107131,0.059870,-0.019848,0.118213,0.071376,0.062571,0.102360,0.056549,0.124213
481,4.007848,0.111380,0.062406,-0.019867,0.119008,0.071634,0.063039,0.102630,0.056461,0.124328
482,4.016180,0.114496,0.064446,-0.019625,0.119522,0.071796,0.063399,0.102921,0.056393,0.124468
483,4.024513,0.116342,0.065609,-0.019404,0.119941,0.071818,0.063658,0.103298,0.056361,0.124610
484,4.032845,0.116892,0.066092,-0.019207,0.120499,0.072014,0.063827,0.103527,0.056338,0.124699
485,4.041177,0.115813,0.065829,-0.019125,0.120677,0.071933,0.063858,0.103797,0.056322,0.124774
486,4.049510,0.112825,0.064935,-0.019026,0.120598,0.071797,0.063732,0.104035,0.056352,0.124838
487,4.057842,0.108171,0.063391,-0.018783,0.120243,0.071597,0.063504,0.104099,0.056321,0.124864
488,4.066174,0.102203,0.061594,-0.018158,0.119843,0.071553,0.063245,0.104094,0.056320,0.124868
489,4.074507,0.095021,0.059488,-0.016944,0.118956,0.071324,0.062865,0.103988,0.056349,0.124836
490,4.082839,0.087448,0.057257,-0.015062,0.118095,0.071252,0.062466,0.103725,0.056357,0.124736
491,4.091171,0.079750,0.054769,-0.012611,0.116899,0.071083,0.062058,0.103388,0.056400,0.124606
492,4.099504,0.072719,0.052410,-0.009906,0.115660,0.070932,0.061652,0.102923,0.056481,0.124421
493,4.107836,0.067067,0.050623,-0.007365,0.114576,0.070862,0.061316,0.102600,0.056668,0.124259
494,4.116168,0.063214,0.049466,-0.005419,0.113634,0.070887,0.061005,0.101972,0.056732,0.124087
495,4.124501,0.061272,0.048941,-0.004486,0.112916,0.070982,0.060794,0.101570,0.056862,0.123919
496,4.132833,0.060676,0.048796,-0.004445,0.112450,0.071048,0.060675,0.101250,0.057022,0.123790
497,4.141165,0.061237,0.048907,-0.005076,0.112166,0.071034,0.060655,0.100828,0.057018,0.123723
498,4.149498,0.063112,0.049281,-0.006339,0.112376,0.071131,0.060717,0.100677,0.057054,0.123705
499,4.157830,0.066546,0.049934,-0.008296,0.112692,0.071139,0.060815,0.100646,0.057023,0.123731
500,4.166162,0.071539,0.050954,-0.010734,0.113229,0.071020,0.060993,0.100644,0.056893,0.123807
501,4.174495,0.077588,0.052087,-0.013353,0.114133,0.071085,0.061209,0.100904,0.056820,0.123880
502,4.182827,0.084792,0.053469,-0.015734,0.115215,0.071078,0.061476,0.101216,0.056742,0.123955
503,4.191159,0.092276,0.054547,-0.017723,0.116478,0.071159,0.061807,0.101527,0.056662,0.124043
504,4.199492,0.099832,0.055503,-0.019106,0.117619,0.071123,0.062106,0.101825,0.056573,0.124125
505,4.207824,0.107106,0.056511,-0.019840,0.118593,0.070992,0.062543,0.102305,0.056477,0.124221
506,4.216156,0.113542,0.057376,-0.020027,0.119520,0.070889,0.062961,0.102625,0.056392,0.124291
507,4.224489,0.119360,0.058419,-0.019789,0.120475,0.070974,0.063399,0.102883,0.056232,0.124417
508,4.232821,0.124348,0.059410,-0.019310,0.121217,0.070967,0.063853,0.103262,0.056188,0.124546
509,4.241153,0.128180,0.060565,-0.018739,0.121846,0.070984,0.064208,0.103516,0.056137,0.124651
510,4.249486,0.130523,0.061775,-0.018253,0.122391,0.071090,0.064508,0.103791,0.056101,0.124746
511,4.257818,0.131415,0.062954,-0.017961,0.122593,0.071119,0.064752,0.103962,0.056073,0.124840
512,4.266150,0.130767,0.063825,-0.017930,0.122688,0.071259,0.064862,0.104104,0.056075,0.124934
513,4.274483,0.128249,0.064113,-0.018216,0.122596,0.071362,0.064795,0.104152,0.056008,0.125007
514,4.282815,0.123952,0.063661,-0.018653,0.122259,0.071390,0.064563,0.104171,0.056008,0.125033
515,4.291147,0.117910,0.062309,-0.019028,0.121702,0.071270,0.064170,0.104235,0.056079,0.124996
516,4.299480,0.110586,0.060475,-0.018997,0.121008,0.071144,0.063630,0.104159,0.056151,0.124939
517,4.307812,0.101951,0.058184,-0.018270,0.120029,0.071018,0.063097,0.104001,0.056187,0.124847
518,4.316144,0.092904,0.055669,-0.016653,0.118964,0.070965,0.062504,0.103782,0.056251,0.124728
519,4.324477,0.084197,0.053104,-0.014328,0.117554,0.070748,0.061993,0.103449,0.056301,0.124575
520,4.332809,0.076456,0.050865,-0.011604,0.116241,0.070664,0.061512,0.102921,0.056354,0.124398
521,4.341141,0.070090,0.048993,-0.008897,0.114973,0.070627,0.061116,0.102604,0.056542,0.124221
522,4.349473,0.065664,0.047890,-0.006676,0.113964,0.070674,0.060846,0.102074,0.056684,0.124060
523,4.357806,0.062957,0.047260,-0.005353,0.113246,0.070716,0.060646,0.101708,0.056847,0.123900
524,4.366138,0.062179,0.047154,-0.005082,0.112694,0.070761,0.060533,0.101386,0.056945,0.123790
525,4.374470,0.062725,0.047292,-0.005682,0.112465,0.070778,0.060500,0.101058,0.056995,0.123730
526,4.382803,0.064336,0.047624,-0.006822,0.112603,0.070842,0.060555,0.100841,0.056988,0.123717
527,4.391135,0.067117,0.048164,-0.008322,0.112959,0.070822,0.060656,0.100843,0.056952,0.123756
528,4.399467,0.070972,0.048749,-0.010282,0.113635,0.070894,0.060836,0.100966,0.056882,0.123837
529,4.407800,0.076257,0.049637,-0.012471,0.114340,0.070803,0.061031,0.101180,0.056774,0.123904
530,4.416132,0.082504,0.050525,-0.014830,0.115164,0.070683,0.061265,0.101405,0.056691,0.123996
531,4.424464,0.089800,0.051945,-0.016939,0.116311,0.070769,0.061564,0.101675,0.056604,0.124092
532,4.432797,0.097163,0.054052,-0.018516,0.117388,0.070873,0.061942,0.102011,0.056511,0.124171
533,4.441129,0.103861,0.056668,-0.019395,0.118267,0.070971,0.062460,0.102413,0.056455,0.124285
534,4.449461,0.109724,0.059310,-0.019724,0.119067,0.071165,0.062916,0.102621,0.056311,0.124410
535,4.457794,0.114953,0.061576,-0.019660,0.119862,0.071447,0.063399,0.102947,0.056268,0.124560
536,4.466126,0.119631,0.063367,-0.019285,0.120530,0.071580,0.063849,0.103232,0.056235,0.124672
537,4.474458,0.123354,0.064733,-0.018820,0.121036,0.071598,0.064192,0.103453,0.056197,0.124784
538,4.482791,0.126131,0.065760,-0.018370,0.121449,0.071607,0.064438,0.103698,0.056169,0.124859
539,4.491123,0.127426,0.066129,-0.018088,0.121827,0.071648,0.064625,0.103849,0.056129,0.124955
540,4.499455,0.127393,0.066111,-0.018023,0.121991,0.071642,0.064664,0.103945,0.056068,0.125004
541,4.507788,0.126052,0.065768,-0.018173,0.121975,0.071593,0.064586,0.104007,0.056032,0.125034
542,4.516120,0.122849,0.064571,-0.018503,0.121744,0.071476,0.064351,0.104042,0.056040,0.125036
543,4.524452,0.118067,0.062938,-0.018823,0.121396,0.071378,0.064047,0.104035,0.056081,0.125010
544,4.532785,0.111184,0.060893,-0.018887,0.120759,0.071182,0.063598,0.104062,0.056160,0.124955
545,4.541117,0.102791,0.058650,-0.018223,0.120001,0.071093,0.063136,0.104049,0.056270,0.124871
546,4.549449,0.093478,0.056066,-0.016603,0.119018,0.071049,0.062578,0.103829,0.056302,0.124768
547,4.557782,0.084157,0.053331,-0.014055,0.117585,0.070749,0.062058,0.103542,0.056350,0.124617
548,4.566114,0.075773,0.050826,-0.010938,0.116325,0.070683,0.061610,0.103144,0.056429,0.124454
549,4.574446,0.068854,0.048783,-0.007750,0.115114,0.070659,0.061212,0.102788,0.056562,0.124282
550,4.582779,0.063708,0.047364,-0.005070,0.114014,0.070637,0.060904,0.102332,0.056671,0.124116
551,4.591111,0.060427,0.046700,-0.003183,0.113226,0.070710,0.060680,0.101853,0.056779,0.123977
552,4.599443,0.058421,0.046309,-0.002123,0.112483,0.070680,0.060515,0.101561,0.056933,0.123821
553,4.607776,0.057680,0.046201,-0.001811,0.112094,0.070684,0.060441,0.101258,0.057008,0.123724
554,4.616108,0.057904,0.046162,-0.002006,0.111980,0.070697,0.060422,0.101002,0.057025,0.123704
555,4.624440,0.058867,0.046133,-0.002768,0.112162,0.070736,0.060485,0.100930,0.057032,0.123692
556,4.632773,0.061178,0.046473,-0.004113,0.112566,0.070740,0.060594,0.101029,0.057015,0.123727
557,4.641105,0.064892,0.046813,-0.006280,0.113232,0.070742,0.060757,0.101169,0.056881,0.123826
558,4.649437,0.070076,0.047439,-0.009090,0.113870,0.070630,0.060908,0.101365,0.056788,0.123913
559,4.657769,0.076959,0.048490,-0.012158,0.114888,0.070644,0.061145,0.101609,0.056711,0.124031
560,4.666102,0.085261,0.049873,-0.015148,0.115963,0.070576,0.061417,0.101809,0.056623,0.124132
561,4.674434,0.094317,0.051509,-0.017574,0.117311,0.070726,0.061832,0.102041,0.056518,0.124246
562,4.682766,0.103409,0.053480,-0.019072,0.118463,0.070781,0.062292,0.102331,0.056441,0.124304
563,4.691099,0.111756,0.055798,-0.019678,0.119317,0.070710,0.062872,0.102520,0.056343,0.124368
564,4.699431,0.118611,0.058165,-0.019633,0.120307,0.070971,0.063414,0.102734,0.056237,0.124452
565,4.707763,0.123887,0.060509,-0.019142,0.121094,0.071194,0.063943,0.103079,0.056168,0.124582
566,4.716096,0.127712,0.062322,-0.018573,0.121597,0.071279,0.064328,0.103351,0.056139,0.124705
567,4.724428,0.130393,0.063625,-0.018025,0.122142,0.071446,0.064665,0.103703,0.056153,0.124813
568,4.732760,0.131814,0.064208,-0.017673,0.122432,0.071435,0.064867,0.103964,0.056172,0.124899
569,4.741093,0.131866,0.064386,-0.017583,0.122581,0.071332,0.064954,0.104073,0.056100,0.124969
570,4.749425,0.129900,0.064221,-0.017866,0.122701,0.071301,0.064869,0.104164,0.055980,0.125048
571,4.757757,0.125643,0.063483,-0.018323,0.122549,0.071295,0.064692,0.104270,0.055946,0.125089
572,4.766090,0.119860,0.062302,-0.018729,0.122000,0.071164,0.064347,0.104287,0.055942,0.125125
573,4.774422,0.112846,0.060701,-0.018815,0.121507,0.071184,0.063980,0.104227,0.055969,0.125118
574,4.782754,0.104564,0.058467,-0.018240,0.120627,0.071021,0.063451,0.104123,0.056052,0.125032
575,4.791087,0.095854,0.056008,-0.016884,0.119466,0.070820,0.062844,0.104061,0.056234,0.124887
576,4.799419,0.087276,0.053446,-0.014862,0.118262,0.070702,0.062286,0.103674,0.056246,0.124722
577,4.807751,0.079469,0.051007,-0.012434,0.116983,0.070624,0.061806,0.103257,0.056283,0.124560
578,4.816084,0.073235,0.049259,-0.009961,0.115772,0.070571,0.061359,0.102839,0.056440,0.124347
579,4.824416,0.068398,0.047948,-0.007933,0.114638,0.070519,0.061025,0.102533,0.056658,0.124170
580,4.832748,0.065660,0.047341,-0.006646,0.113801,0.070617,0.060817,0.101903,0.056698,0.124023
581,4.841081,0.064930,0.047230,-0.006503,0.113311,0.070675,0.060688,0.101496,0.056789,0.123887
582,4.849413,0.065998,0.047451,-0.007370,0.113117,0.070714,0.060659,0.101257,0.056898,0.123797
583,4.857745,0.068552,0.047957,-0.009017,0.113288,0.070781,0.060725,0.100980,0.056924,0.123764
584,4.866078,0.072956,0.048900,-0.011191,0.113738,0.070868,0.060862,0.100848,0.056865,0.123800
585,4.874410,0.078892,0.050037,-0.013610,0.114428,0.070851,0.061100,0.100916,0.056818,0.123859
586,4.882742,0.086171,0.051256,-0.016089,0.115398,0.070828,0.061363,0.101059,0.056708,0.123924
587,4.891075,0.094834,0.052807,-0.018126,0.116698,0.070933,0.061773,0.101238,0.056597,0.124024
588,4.899407,0.103600,0.054211,-0.019502,0.117764,0.070866,0.062230,0.101556,0.056541,0.124111
589,4.907739,0.111854,0.055781,-0.019959,0.118855,0.070842,0.062781,0.101883,0.056412,0.124218
590,4.916072,0.118727,0.057544,-0.019793,0.120062,0.070973,0.063303,0.102420,0.056380,0.124315
591,4.924404,0.123565,0.059315,-0.019316,0.120795,0.070911,0.063748,0.102851,0.056250,0.124460
592,4.932736,0.126909,0.060944,-0.018755,0.121557,0.071045,0.064162,0.103390,0.056175,0.124642
593,4.941069,0.129537,0.062148,-0.018225,0.122264,0.071204,0.064544,0.103849,0.056131,0.124833
594,4.949401,0.131835,0.063013,-0.017654,0.122806,0.071225,0.064878,0.104112,0.056009,0.125015
595,4.957733,0.133849,0.063921,-0.017155,0.123049,0.071157,0.065109,0.104284,0.055899,0.125134
596,4.966066,0.135191,0.064838,-0.016793,0.123315,0.071229,0.065297,0.104276,0.055764,0.125219
597,4.974398,0.135493,0.065685,-0.016612,0.123298,0.071250,0.065380,0.104261,0.055714,0.125267
598,4.982730,0.134632,0.066201,-0.016726,0.123125,0.071341,0.065356,0.104238,0.055736,0.125285
599,4.991062,0.131825,0.066056,-0.017223,0.122790,0.071343,0.065200,0.104171,0.055768,0.125272
600,4.999395,0.127345,0.065407,-0.017946,0.122486,0.071512,0.064881,0.104178,0.055884,0.125216
601,5.007727,0.121046,0.063922,-0.018649,0.121840,0.071411,0.064438,0.104029,0.055934,0.125157
602,5.016059,0.113149,0.061949,-0.018914,0.121188,0.071421,0.063928,0.103978,0.056081,0.125037
603,5.024392,0.104273,0.059648,-0.018433,0.120122,0.071201,0.063291,0.103913,0.056216,0.124904
604,5.032724,0.094936,0.057084,-0.017033,0.119058,0.071144,0.062651,0.103694,0.056277,0.124759
605,5.041056,0.085805,0.054483,-0.014829,0.117593,0.070860,0.062091,0.103370,0.056320,0.124598
606,5.049389,0.077562,0.052092,-0.012070,0.116260,0.070768,0.061656,0.102928,0.056393,0.124422
607,5.057721,0.070819,0.050295,-0.009225,0.115041,0.070771,0.061272,0.102662,0.056591,0.124276
608,5.066053,0.065677,0.048980,-0.006691,0.114042,0.070856,0.060996,0.102140,0.056681,0.124129
609,5.074386,0.062177,0.048272,-0.004790,0.113252,0.070914,0.060832,0.101705,0.056767,0.124009
610,5.082718,0.060099,0.048108,-0.003603,0.112720,0.070987,0.060739,0.101397,0.056868,0.123911
611,5.091050,0.059051,0.048027,-0.003096,0.112409,0.071079,0.060741,0.101115,0.056946,0.123875
612,5.099383,0.059103,0.048269,-0.003149,0.112310,0.071115,0.060762,0.100917,0.056967,0.123872
613,5.107715,0.059836,0.048461,-0.003726,0.112379,0.071096,0.060821,0.100913,0.056976,0.123894
614,5.116047,0.061704,0.049104,-0.004841,0.112661,0.071091,0.060936,0.100980,0.056937,0.123939
615,5.124380,0.064577,0.050056,-0.006515,0.113066,0.071056,0.061094,0.101159,0.056835,0.124002
616,5.132712,0.068428,0.051286,-0.008617,0.113689,0.071111,0.061270,0.101475,0.056818,0.124098
617,5.141044,0.073204,0.052825,-0.010893,0.114436,0.071230,0.061526,0.101768,0.056795,0.124203
618,5.149377,0.078653,0.054437,-0.013121,0.115351,0.071327,0.061785,0.101982,0.056719,0.124286
619,5.157709,0.085197,0.056029,-0.015354,0.116240,0.071416,0.062060,0.102225,0.056583,0.124398
620,5.166041,0.092738,0.057474,-0.017369,0.117217,0.071495,0.062419,0.102371,0.056500,0.124465
621,5.174374,0.101363,0.059016,-0.018835,0.118120,0.071445,0.062757,0.102486,0.056413,0.124503
622,5.182706,0.110238,0.060588,-0.019591,0.119140,0.071548,0.063192,0.102623,0.056357,0.124509
623,5.191038,0.118538,0.062377,-0.019557,0.119882,0.071472,0.063654,0.102648,0.056240,0.124531
624,5.199371,0.125316,0.064262,-0.018875,0.120591,0.071503,0.064149,0.102881,0.056233,0.124583
625,5.207703,0.129866,0.066177,-0.018046,0.121236,0.071655,0.064580,0.103082,0.056174,0.124655
626,5.216035,0.132414,0.067790,-0.017375,0.121639,0.071730,0.064922,0.103243,0.056117,0.124773
627,5.224368,0.133358,0.068573,-0.017007,0.122035,0.071882,0.065139,0.103491,0.056143,0.124896
628,5.232700,0.132735,0.068732,-0.017020,0.122323,0.071946,0.065234,0.103709,0.056126,0.125010
629,5.241032,0.130034,0.068306,-0.017452,0.122314,0.071837,0.065150,0.103853,0.056054,0.125068
630,5.249365,0.125215,0.067283,-0.018028,0.122196,0.071782,0.064947,0.104057,0.055990,0.125129
631,5.257697,0.118925,0.065829,-0.018522,0.121855,0.071755,0.064615,0.104143,0.055935,0.125188
632,5.266029,0.111277,0.063919,-0.018595,0.121225,0.071685,0.064137,0.104145,0.055926,0.125189
633,5.274362,0.103159,0.061740,-0.018041,0.120325,0.071542,0.063554,0.104088,0.056029,0.125088
634,5.282694,0.094837,0.059337,-0.016836,0.119115,0.071348,0.063005,0.104015,0.056193,0.124937
635,5.291026,0.086975,0.057008,-0.015061,0.118012,0.071305,0.062472,0.103708,0.056269,0.124776
636,5.299358,0.079895,0.054838,-0.012974,0.116675,0.071160,0.061995,0.103284,0.056348,0.124597
637,5.307691,0.073915,0.052951,-0.010933,0.115447,0.071111,0.061592,0.102741,0.056456,0.124386
638,5.316023,0.069456,0.051594,-0.009141,0.114406,0.071128,0.061236,0.102326,0.056642,0.124203
639,5.324355,0.066287,0.050749,-0.007787,0.113509,0.071039,0.060958,0.101810,0.056743,0.124023
640,5.332688,0.064337,0.050450,-0.006925,0.113005,0.071206,0.060775,0.101502,0.056886,0.123845
641,5.341020,0.063232,0.050325,-0.006581,0.112611,0.071242,0.060721,0.101227,0.056980,0.123724
642,5.349352,0.063630,0.050627,-0.006810,0.112476,0.071252,0.060728,0.100966,0.056978,0.123695
643,5.357685,0.065541,0.051105,-0.007980,0.112600,0.071273,0.060807,0.100884,0.056966,0.123701
644,5.366017,0.069577,0.052209,-0.010041,0.112963,0.071280,0.060942,0.100946,0.056915,0.123765
645,5.374349,0.075566,0.053722,-0.012705,0.113745,0.071291,0.061176,0.101044,0.056757,0.123874
