Format Version,1.23,Take Name,bryan dominant (he's got devil hands),Take Notes,,Capture Frame Rate,120.000000,Export Frame Rate,120.000000,Capture Start Time,2024-03-05 11.05.45.261 AM,Capture Start Frame,292089,Total Frames in Take,690,Total Exported Frames,690,Rotation Type,Quaternion,Length Units,Meters,Coordinate Space,Global

,Type,Marker,Marker,Marker,Marker,Marker,Marker,Marker,Marker,Marker
,Name,Unlabeled 1091,Unlabeled 1091,Unlabeled 1091,Unlabeled 1092,Unlabeled 1092,Unlabeled 1092,Unlabeled 1093,Unlabeled 1093,Unlabeled 1093
,ID,"FAF70","FAF70","FAF70","FAFD0","FAFD0","FAFD0","FAFF0","FAFF0","FAFF0"
,,Position,Position,Position,Position,Position,Position,Position,Position,Position
Frame,Time (Seconds),X,Y,Z,X,Y,Z,X,Y,Z
0,0.000000,0.206877,0.127050,-0.133893,0.096478,0.120027,-0.100448,0.101405,0.062712,-0.117010
1,0.008333,0.206875,0.127051,-0.133887,0.096471,0.120021,-0.100467,0.101419,0.062704,-0.117025
2,0.016667,0.206860,0.127059,-0.133914,0.096437,0.120002,-0.100505,0.101418,0.062687,-0.117048
3,0.025000,0.206826,0.127067,-0.133895,0.096379,0.119960,-0.100576,0.101404,0.062650,-0.117166
4,0.033333,0.206787,0.127071,-0.133886,0.096304,0.119899,-0.100713,0.101395,0.062599,-0.117218
5,0.041667,0.206754,0.127078,-0.133884,0.096227,0.119828,-0.100792,0.101388,0.062552,-0.117284
6,0.050000,0.206722,0.127079,-0.133878,0.096176,0.119782,-0.100872,0.101383,0.062503,-0.117320
7,0.058333,0.206709,0.127094,-0.133912,0.096147,0.119768,-0.100952,0.101389,0.062484,-0.117353
8,0.066667,0.206703,0.127115,-0.133917,0.096135,0.119776,-0.101012,0.101398,0.062482,-0.117361
9,0.075000,0.206715,0.127127,-0.133919,0.096139,0.119793,-0.101019,0.101411,0.062497,-0.117402
10,0.083333,0.206736,0.127125,-0.133908,0.096148,0.119796,-0.101027,0.101424,0.062505,-0.117411
11,0.091667,0.206758,0.127105,-0.133898,0.096156,0.119795,-0.101002,0.101437,0.062507,-0.117430
12,0.100000,0.206773,0.127082,-0.133878,0.096172,0.119785,-0.100983,0.101445,0.062510,-0.117428
13,0.108333,0.206784,0.127060,-0.133852,0.096174,0.119768,-0.100961,0.101438,0.062511,-0.117386
14,0.116667,0.206785,0.127051,-0.133825,0.096167,0.119742,-0.100952,0.101435,0.062504,-0.117359
15,0.125000,0.206778,0.127047,-0.133798,0.096147,0.119713,-0.100936,0.101417,0.062495,-0.117336
16,0.133333,0.206764,0.127048,-0.133794,0.096128,0.119687,-0.100941,0.101403,0.062491,-0.117308
17,0.141667,0.206734,0.127064,-0.133790,0.096094,0.119657,-0.100939,0.101390,0.062471,-0.117311
18,0.150000,0.206708,0.127079,-0.133805,0.096061,0.119630,-0.100985,0.101383,0.062437,-0.117332
19,0.158333,0.206687,0.127079,-0.133802,0.096023,0.119595,-0.101036,0.101381,0.062406,-0.117363
20,0.166667,0.206670,0.127081,-0.133829,0.095985,0.119558,-0.101076,0.101383,0.062381,-0.117393
21,0.175000,0.206655,0.127105,-0.133868,0.095947,0.119528,-0.101091,0.101379,0.062364,-0.117409
22,0.183333,0.206645,0.127127,-0.133866,0.095933,0.119517,-0.101103,0.101376,0.062366,-0.117397
23,0.191667,0.206643,0.127142,-0.133866,0.095944,0.119526,-0.101100,0.101380,0.062379,-0.117352
24,0.200000,0.206634,0.127148,-0.133843,0.095958,0.119528,-0.101080,0.101381,0.062390,-0.117311
25,0.208333,0.206655,0.127142,-0.133888,0.095979,0.119522,-0.101053,0.101376,0.062393,-0.117277
26,0.216667,0.206667,0.127121,-0.133874,0.095983,0.119496,-0.101017,0.101368,0.062376,-0.117256
27,0.225000,0.206664,0.127113,-0.133880,0.095971,0.119466,-0.101012,0.101359,0.062357,-0.117220
28,0.233333,0.206643,0.127124,-0.133878,0.095942,0.119432,-0.101037,0.101347,0.062342,-0.117238
29,0.241667,0.206615,0.127143,-0.133864,0.095898,0.119401,-0.101062,0.101334,0.062326,-0.117249
30,0.250000,0.206587,0.127162,-0.133875,0.095853,0.119380,-0.101098,0.101326,0.062305,-0.117237
31,0.258333,0.206551,0.127188,-0.133869,0.095811,0.119359,-0.101101,0.101325,0.062286,-0.117275
32,0.266667,0.206525,0.127200,-0.133857,0.095792,0.119358,-0.101140,0.101344,0.062275,-0.117287
33,0.275000,0.206513,0.127207,-0.133867,0.095799,0.119369,-0.101129,0.101380,0.062279,-0.117281
34,0.283333,0.206517,0.127211,-0.133879,0.095826,0.119387,-0.101108,0.101428,0.062288,-0.117297
35,0.291667,0.206525,0.127214,-0.133877,0.095852,0.119409,-0.101080,0.101484,0.062304,-0.117279
36,0.300000,0.206535,0.127222,-0.133874,0.095871,0.119430,-0.101051,0.101519,0.062331,-0.117246
37,0.308333,0.206529,0.127229,-0.133868,0.095875,0.119432,-0.101014,0.101544,0.062341,-0.117253
38,0.316667,0.206522,0.127229,-0.133835,0.095857,0.119413,-0.100996,0.101567,0.062333,-0.117280
39,0.325000,0.206507,0.127222,-0.133833,0.095832,0.119382,-0.101029,0.101578,0.062312,-0.117322
40,0.333333,0.206478,0.127225,-0.133818,0.095794,0.119343,-0.101057,0.101600,0.062284,-0.117371
41,0.341667,0.206441,0.127223,-0.133792,0.095757,0.119315,-0.101079,0.101638,0.062259,-0.117422
42,0.350000,0.206395,0.127235,-0.133759,0.095718,0.119298,-0.101086,0.101684,0.062253,-0.117473
43,0.358333,0.206362,0.127254,-0.133746,0.095685,0.119278,-0.101132,0.101731,0.062236,-0.117512
44,0.366667,0.206327,0.127270,-0.133740,0.095640,0.119252,-0.101146,0.101775,0.062206,-0.117545
45,0.375000,0.206289,0.127279,-0.133755,0.095591,0.119215,-0.101168,0.101799,0.062165,-0.117613
46,0.383333,0.206250,0.127289,-0.133771,0.095552,0.119187,-0.101210,0.101818,0.062126,-0.117651
47,0.391667,0.206208,0.127312,-0.133848,0.095502,0.119154,-0.101232,0.101849,0.062087,-0.117728
48,0.400000,0.206176,0.127343,-0.133877,0.095456,0.119119,-0.101288,0.101855,0.062053,-0.117749
49,0.408333,0.206146,0.127355,-0.133888,0.095406,0.119089,-0.101384,0.101860,0.062031,-0.117787
50,0.416667,0.206117,0.127371,-0.133897,0.095353,0.119044,-0.101426,0.101875,0.062000,-0.117822
51,0.425000,0.206080,0.127389,-0.133897,0.095288,0.118996,-0.101525,0.101896,0.061966,-0.117904
52,0.433333,0.206048,0.127402,-0.133943,0.095208,0.118927,-0.101627,0.101931,0.061921,-0.117976
53,0.441667,0.205993,0.127403,-0.133934,0.095109,0.118829,-0.101721,0.101974,0.061858,-0.118094
54,0.450000,0.205927,0.127414,-0.133959,0.095007,0.118726,-0.101834,0.102011,0.061786,-0.118190
55,0.458333,0.205842,0.127445,-0.133984,0.094897,0.118617,-0.101923,0.102027,0.061703,-0.118256
56,0.466667,0.205746,0.127478,-0.133976,0.094784,0.118537,-0.102033,0.102019,0.061673,-0.118296
57,0.475000,0.205667,0.127514,-0.133961,0.094708,0.118478,-0.102066,0.102018,0.061672,-0.118274
58,0.483333,0.205622,0.127543,-0.133953,0.094667,0.118411,-0.102022,0.102023,0.061654,-0.118276
59,0.491667,0.205604,0.127533,-0.133951,0.094638,0.118340,-0.102030,0.102019,0.061630,-0.118266
60,0.500000,0.205595,0.127505,-0.133922,0.094611,0.118279,-0.102002,0.102012,0.061612,-0.118242
61,0.508333,0.205571,0.127497,-0.133900,0.094588,0.118241,-0.101962,0.102011,0.061599,-0.118199
62,0.516667,0.205558,0.127519,-0.133905,0.094569,0.118223,-0.101946,0.102010,0.061596,-0.118183
63,0.525000,0.205548,0.127542,-0.133911,0.094555,0.118202,-0.101943,0.102014,0.061590,-0.118161
64,0.533333,0.205541,0.127558,-0.133908,0.094555,0.118204,-0.101946,0.102016,0.061588,-0.118146
65,0.541667,0.205537,0.127560,-0.133911,0.094560,0.118207,-0.101964,0.102016,0.061579,-0.118122
66,0.550000,0.205547,0.127550,-0.133944,0.094569,0.118202,-0.101947,0.102024,0.061565,-0.118091
67,0.558333,0.205557,0.127543,-0.133925,0.094582,0.118216,-0.101956,0.102025,0.061562,-0.118101
68,0.566667,0.205580,0.127542,-0.133965,0.094597,0.118236,-0.101964,0.102031,0.061568,-0.118089
69,0.575000,0.205593,0.127549,-0.133963,0.094614,0.118277,-0.101986,0.102036,0.061584,-0.118093
70,0.583333,0.205606,0.127568,-0.133972,0.094627,0.118312,-0.101989,0.102037,0.061603,-0.118092
71,0.591667,0.205624,0.127571,-0.133981,0.094647,0.118342,-0.101986,0.102047,0.061622,-0.118110
72,0.600000,0.205643,0.127564,-0.133971,0.094683,0.118373,-0.101943,0.102061,0.061640,-0.118089
73,0.608333,0.205662,0.127556,-0.133960,0.094718,0.118389,-0.101923,0.102074,0.061636,-0.118085
74,0.616667,0.205687,0.127548,-0.133982,0.094748,0.118401,-0.101884,0.102083,0.061650,-0.118039
75,0.625000,0.205707,0.127550,-0.134000,0.094790,0.118447,-0.101808,0.102088,0.061686,-0.117970
76,0.633333,0.205711,0.127563,-0.134010,0.094835,0.118497,-0.101734,0.102102,0.061717,-0.117900
77,0.641667,0.205716,0.127591,-0.134008,0.094873,0.118537,-0.101660,0.102108,0.061752,-0.117797
78,0.650000,0.205723,0.127598,-0.134013,0.094886,0.118542,-0.101602,0.102108,0.061763,-0.117751
79,0.658333,0.205714,0.127589,-0.133992,0.094885,0.118533,-0.101572,0.102108,0.061759,-0.117691
80,0.666667,0.205686,0.127588,-0.134007,0.094854,0.118500,-0.101571,0.102105,0.061741,-0.117682
81,0.675000,0.205647,0.127601,-0.134022,0.094809,0.118457,-0.101577,0.102088,0.061702,-0.117671
82,0.683333,0.205602,0.127615,-0.133995,0.094754,0.118421,-0.101624,0.102077,0.061668,-0.117675
83,0.691667,0.205563,0.127626,-0.133963,0.094698,0.118388,-0.101651,0.102061,0.061643,-0.117702
84,0.700000,0.205522,0.127628,-0.133940,0.094643,0.118353,-0.101688,0.102048,0.061612,-0.117730
85,0.708333,0.205501,0.127627,-0.133951,0.094594,0.118304,-0.101713,0.102048,0.061578,-0.117788
86,0.716667,0.205479,0.127620,-0.133954,0.094551,0.118246,-0.101723,0.102041,0.061554,-0.117805
87,0.725000,0.205462,0.127609,-0.133951,0.094536,0.118229,-0.101742,0.102066,0.061545,-0.117891
88,0.733333,0.205445,0.127608,-0.133961,0.094518,0.118196,-0.101759,0.102093,0.061529,-0.117935
89,0.741667,0.205421,0.127611,-0.133937,0.094493,0.118173,-0.101773,0.102107,0.061532,-0.117972
90,0.750000,0.205387,0.127622,-0.133916,0.094467,0.118154,-0.101786,0.102105,0.061539,-0.117978
91,0.758333,0.205361,0.127639,-0.133906,0.094433,0.118126,-0.101812,0.102110,0.061541,-0.117971
92,0.766667,0.205324,0.127640,-0.133873,0.094400,0.118083,-0.101824,0.102108,0.061535,-0.117963
93,0.775000,0.205309,0.127627,-0.133872,0.094364,0.118024,-0.101855,0.102087,0.061515,-0.117963
94,0.783333,0.205294,0.127605,-0.133855,0.094334,0.117965,-0.101873,0.102038,0.061490,-0.117970
95,0.791667,0.205280,0.127596,-0.133831,0.094293,0.117906,-0.101914,0.101960,0.061475,-0.117984
96,0.800000,0.205268,0.127609,-0.133819,0.094248,0.117860,-0.101965,0.101877,0.061473,-0.117938
97,0.808333,0.205252,0.127627,-0.133822,0.094205,0.117828,-0.101980,0.101772,0.061461,-0.117853
98,0.816667,0.205227,0.127647,-0.133770,0.094142,0.117739,-0.102009,0.101595,0.061432,-0.117808
99,0.825000,0.205214,0.127641,-0.133757,0.094095,0.117676,-0.102007,0.101393,0.061366,-0.117854
100,0.833333,0.205196,0.127621,-0.133719,0.094050,0.117602,-0.102055,0.101216,0.061299,-0.117728
101,0.841667,0.205165,0.127597,-0.133668,0.093990,0.117510,-0.102063,0.101167,0.061276,-0.117694
102,0.850000,0.205150,0.127631,-0.133684,0.093982,0.117480,-0.102034,0.100932,0.061189,-0.117531
103,0.858333,0.205140,0.127644,-0.133692,0.093875,0.117292,-0.102071,0.100622,0.061122,-0.117285
104,0.866667,0.205092,0.127679,-0.133712,0.093805,0.117203,-0.102116,0.100338,0.061051,-0.117043
105,0.875000,0.205033,0.127716,-0.133780,0.093708,0.117036,-0.102141,0.099937,0.060857,-0.116714
106,0.883333,0.204967,0.127745,-0.133844,0.093606,0.116878,-0.102187,0.099542,0.060734,-0.116364
107,0.891667,0.204888,0.127782,-0.133906,0.093486,0.116727,-0.102282,0.099268,0.060625,-0.115990
108,0.900000,0.204790,0.127820,-0.133949,0.093418,0.116652,-0.102306,0.099125,0.060513,-0.115746
109,0.908333,0.204705,0.127863,-0.133991,0.093308,0.116456,-0.102286,0.098755,0.060328,-0.115247
110,0.916667,0.204618,0.127897,-0.134020,0.093219,0.116290,-0.102295,0.098534,0.060214,-0.114988
111,0.925000,0.204525,0.127939,-0.134019,0.093155,0.116237,-0.102317,0.098421,0.060156,-0.114892
112,0.933333,0.204459,0.127941,-0.134001,0.093072,0.116164,-0.102288,0.098318,0.060111,-0.114787
113,0.941667,0.204392,0.127942,-0.134019,0.093002,0.116099,-0.102329,0.098230,0.060089,-0.114737
114,0.950000,0.204354,0.127965,-0.134066,0.092961,0.116072,-0.102369,0.098185,0.060071,-0.114748
115,0.958333,0.204346,0.127969,-0.134084,0.092950,0.116076,-0.102391,0.098174,0.060063,-0.114706
116,0.966667,0.204334,0.127985,-0.134092,0.092939,0.116083,-0.102440,0.098159,0.060051,-0.114646
117,0.975000,0.204335,0.128007,-0.134101,0.092948,0.116091,-0.102415,0.098157,0.060063,-0.114608
118,0.983333,0.204369,0.128012,-0.134135,0.092961,0.116112,-0.102444,0.098158,0.060075,-0.114625
119,0.991667,0.204386,0.128012,-0.134161,0.092972,0.116122,-0.102445,0.098167,0.060079,-0.114621
120,1.000000,0.204394,0.128025,-0.134189,0.092977,0.116113,-0.102481,0.098185,0.060085,-0.114634
121,1.008333,0.204397,0.128029,-0.134224,0.092972,0.116078,-0.102481,0.098207,0.060102,-0.114679
122,1.016667,0.204413,0.128027,-0.134226,0.092967,0.116051,-0.102480,0.098263,0.060153,-0.114738
123,1.025000,0.204456,0.128022,-0.134179,0.093000,0.116133,-0.102450,0.098531,0.060346,-0.115213
124,1.033333,0.204552,0.127986,-0.134110,0.093097,0.116313,-0.102370,0.098861,0.060574,-0.115701
125,1.041667,0.204671,0.127916,-0.134023,0.093208,0.116501,-0.102263,0.099254,0.060797,-0.116176
126,1.050000,0.204800,0.127840,-0.133887,0.093300,0.116646,-0.102260,0.099540,0.060950,-0.116700
127,1.058333,0.204946,0.127773,-0.133808,0.093360,0.116764,-0.102254,0.099906,0.061137,-0.117394
128,1.066667,0.205044,0.127712,-0.133670,0.093448,0.116957,-0.102207,0.100067,0.061263,-0.117665
129,1.075000,0.205126,0.127656,-0.133577,0.093470,0.117037,-0.102239,0.100429,0.061446,-0.118245
130,1.083333,0.205212,0.127654,-0.133579,0.093563,0.117232,-0.102246,0.100678,0.061589,-0.118627
131,1.091667,0.205301,0.127656,-0.133611,0.093634,0.117349,-0.102276,0.100975,0.061723,-0.118899
132,1.100000,0.205361,0.127676,-0.133705,0.093708,0.117434,-0.102246,0.101205,0.061771,-0.119048
133,1.108333,0.205347,0.127725,-0.133771,0.093741,0.117415,-0.102247,0.101255,0.061753,-0.119035
134,1.116667,0.205290,0.127768,-0.133806,0.093741,0.117394,-0.102241,0.101240,0.061730,-0.119053
135,1.125000,0.205233,0.127816,-0.133903,0.093720,0.117378,-0.102263,0.101258,0.061700,-0.118996
136,1.133333,0.205133,0.127874,-0.133960,0.093681,0.117347,-0.102258,0.101270,0.061661,-0.118957
137,1.141667,0.205058,0.127957,-0.134062,0.093653,0.117318,-0.102237,0.101243,0.061623,-0.118786
138,1.150000,0.205028,0.128016,-0.134131,0.093642,0.117268,-0.102215,0.101144,0.061535,-0.118513
139,1.158333,0.205014,0.128036,-0.134149,0.093605,0.117166,-0.102167,0.101068,0.061466,-0.118411
140,1.166667,0.204993,0.128026,-0.134167,0.093573,0.117052,-0.102128,0.100770,0.061316,-0.117934
141,1.175000,0.204959,0.127992,-0.134166,0.093502,0.116859,-0.102145,0.100445,0.061139,-0.117524
142,1.183333,0.204883,0.127990,-0.134169,0.093396,0.116607,-0.102230,0.099987,0.060859,-0.116863
143,1.191667,0.204774,0.128044,-0.134255,0.093307,0.116436,-0.102176,0.099579,0.060655,-0.116223
144,1.200000,0.204647,0.128110,-0.134335,0.093142,0.116213,-0.102241,0.099048,0.060395,-0.115408
145,1.208333,0.204486,0.128168,-0.134373,0.092957,0.115997,-0.102346,0.098405,0.060103,-0.114752
146,1.216667,0.204289,0.128212,-0.134302,0.092714,0.115763,-0.102526,0.098009,0.060021,-0.114378
147,1.225000,0.204142,0.128251,-0.134255,0.092619,0.115770,-0.102616,0.097615,0.059906,-0.114042
148,1.233333,0.204087,0.128236,-0.134229,0.092399,0.115492,-0.102833,0.097332,0.059823,-0.113983
149,1.241667,0.204039,0.128219,-0.134219,0.092341,0.115458,-0.102805,0.096878,0.059665,-0.113642
150,1.250000,0.204029,0.128209,-0.134127,0.092236,0.115283,-0.102910,0.096752,0.059686,-0.113567
151,1.258333,0.204069,0.128178,-0.133989,0.092263,0.115313,-0.102795,0.096657,0.059661,-0.113509
152,1.266667,0.204155,0.128137,-0.133892,0.092294,0.115272,-0.102734,0.096641,0.059667,-0.113517
153,1.275000,0.204268,0.128093,-0.133860,0.092354,0.115243,-0.102575,0.096656,0.059672,-0.113540
154,1.283333,0.204390,0.128034,-0.133821,0.092412,0.115220,-0.102492,0.096673,0.059673,-0.113695
155,1.291667,0.204469,0.127981,-0.133731,0.092439,0.115220,-0.102387,0.096710,0.059753,-0.114029
156,1.300000,0.204505,0.127944,-0.133631,0.092451,0.115268,-0.102325,0.096886,0.059890,-0.114481
157,1.308333,0.204505,0.127919,-0.133506,0.092506,0.115427,-0.102194,0.097229,0.060049,-0.115160
158,1.316667,0.204545,0.127917,-0.133442,0.092537,0.115570,-0.102142,0.097468,0.060212,-0.115461
159,1.325000,0.204595,0.127884,-0.133362,0.092606,0.115703,-0.102102,0.097731,0.060330,-0.115807
160,1.333333,0.204632,0.127872,-0.133355,0.092663,0.115755,-0.102086,0.097962,0.060402,-0.116049
161,1.341667,0.204682,0.127865,-0.133303,0.092782,0.115885,-0.102089,0.098188,0.060472,-0.116226
162,1.350000,0.204786,0.127829,-0.133269,0.092873,0.115919,-0.102103,0.098236,0.060485,-0.116256
163,1.358333,0.204886,0.127794,-0.133278,0.092929,0.115942,-0.102085,0.098274,0.060504,-0.116266
164,1.366667,0.204938,0.127800,-0.133283,0.092965,0.115976,-0.102075,0.098305,0.060545,-0.116347
165,1.375000,0.204993,0.127809,-0.133295,0.092966,0.115986,-0.102126,0.098296,0.060568,-0.116393
166,1.383333,0.205045,0.127787,-0.133307,0.092946,0.115981,-0.102231,0.098251,0.060589,-0.116429
167,1.391667,0.205089,0.127758,-0.133287,0.092917,0.115976,-0.102341,0.098155,0.060608,-0.116515
168,1.400000,0.205142,0.127730,-0.133285,0.092883,0.115936,-0.102445,0.097910,0.060554,-0.116688
169,1.408333,0.205192,0.127682,-0.133250,0.092810,0.115867,-0.102550,0.097562,0.060524,-0.116678
170,1.416667,0.205202,0.127655,-0.133241,0.092731,0.115837,-0.102644,0.097276,0.060521,-0.116584
171,1.425000,0.205173,0.127658,-0.133152,0.092635,0.115803,-0.102679,0.096971,0.060470,-0.116658
172,1.433333,0.205160,0.127682,-0.133128,0.092542,0.115777,-0.102726,0.096806,0.060475,-0.116754
173,1.441667,0.205151,0.127673,-0.133053,0.092513,0.115756,-0.102692,0.096814,0.060478,-0.116750
174,1.450000,0.205170,0.127659,-0.133028,0.092531,0.115729,-0.102606,0.096848,0.060458,-0.116737
175,1.458333,0.205219,0.127615,-0.132947,0.092572,0.115701,-0.102566,0.096868,0.060455,-0.116779
176,1.466667,0.205320,0.127562,-0.132948,0.092628,0.115737,-0.102493,0.097007,0.060554,-0.117048
177,1.475000,0.205409,0.127514,-0.132894,0.092668,0.115853,-0.102544,0.097175,0.060687,-0.117383
178,1.483333,0.205448,0.127501,-0.132810,0.092713,0.115958,-0.102635,0.097439,0.060795,-0.117590
179,1.491667,0.205475,0.127539,-0.132740,0.092765,0.116120,-0.102616,0.097879,0.060986,-0.118038
180,1.500000,0.205579,0.127573,-0.132741,0.092825,0.116264,-0.102600,0.098345,0.061171,-0.118498
181,1.508333,0.205684,0.127521,-0.132693,0.092890,0.116353,-0.102606,0.098676,0.061254,-0.118795
182,1.516667,0.205727,0.127480,-0.132659,0.092953,0.116419,-0.102588,0.098931,0.061343,-0.119090
183,1.525000,0.205742,0.127454,-0.132624,0.093020,0.116476,-0.102609,0.099202,0.061406,-0.119266
184,1.533333,0.205816,0.127463,-0.132695,0.093112,0.116544,-0.102501,0.099440,0.061437,-0.119302
185,1.541667,0.205842,0.127500,-0.132701,0.093217,0.116593,-0.102409,0.099605,0.061447,-0.119333
186,1.550000,0.205800,0.127541,-0.132753,0.093334,0.116632,-0.102231,0.099764,0.061451,-0.119161
187,1.558333,0.205705,0.127603,-0.132872,0.093434,0.116627,-0.102071,0.099954,0.061371,-0.118991
188,1.566667,0.205611,0.127715,-0.133014,0.093508,0.116615,-0.101951,0.100086,0.061272,-0.118853
189,1.575000,0.205567,0.127797,-0.133156,0.093512,0.116584,-0.102052,0.100051,0.061244,-0.118785
190,1.583333,0.205533,0.127782,-0.133166,0.093496,0.116579,-0.102153,0.100002,0.061244,-0.118818
191,1.591667,0.205501,0.127789,-0.133117,0.093479,0.116589,-0.102242,0.099988,0.061249,-0.118805
192,1.600000,0.205549,0.127809,-0.133041,0.093474,0.116579,-0.102312,0.099949,0.061264,-0.118786
193,1.608333,0.205678,0.127744,-0.132903,0.093466,0.116520,-0.102348,0.099834,0.061262,-0.118721
194,1.616667,0.205792,0.127618,-0.132787,0.093431,0.116409,-0.102344,0.099574,0.061197,-0.118740
195,1.625000,0.205847,0.127501,-0.132685,0.093360,0.116301,-0.102347,0.099457,0.061207,-0.118806
196,1.633333,0.205832,0.127445,-0.132584,0.093306,0.116250,-0.102332,0.099343,0.061149,-0.118711
197,1.641667,0.205786,0.127463,-0.132592,0.093157,0.116096,-0.102455,0.099033,0.061069,-0.118507
198,1.650000,0.205686,0.127524,-0.132642,0.092967,0.116010,-0.102600,0.098801,0.061101,-0.118615
199,1.658333,0.205499,0.127607,-0.132725,0.092696,0.115899,-0.102681,0.098431,0.061047,-0.118432
200,1.666667,0.205242,0.127691,-0.132700,0.092274,0.115559,-0.102946,0.097905,0.060939,-0.118189
201,1.675000,0.205005,0.127766,-0.132717,0.091954,0.115468,-0.103274,0.097340,0.060882,-0.118198
202,1.683333,0.204806,0.127782,-0.132644,0.091531,0.115201,-0.103649,0.096734,0.060760,-0.118078
203,1.691667,0.204628,0.127760,-0.132489,0.091215,0.115096,-0.104012,0.096152,0.060690,-0.117889
204,1.700000,0.204531,0.127759,-0.132441,0.090923,0.114961,-0.104374,0.095805,0.060733,-0.117859
205,1.708333,0.204517,0.127746,-0.132258,0.090801,0.114983,-0.104527,0.095307,0.060602,-0.117524
206,1.716667,0.204577,0.127722,-0.132142,0.090633,0.114789,-0.104731,0.095063,0.060596,-0.117312
207,1.725000,0.204666,0.127694,-0.132069,0.090669,0.114843,-0.104700,0.095030,0.060582,-0.117288
208,1.733333,0.204810,0.127610,-0.132014,0.090657,0.114693,-0.104743,0.094847,0.060404,-0.117102
209,1.741667,0.204944,0.127509,-0.132036,0.090681,0.114621,-0.104780,0.094700,0.060327,-0.117070
210,1.750000,0.205016,0.127470,-0.131983,0.090648,0.114497,-0.104793,0.094553,0.060235,-0.116961
211,1.758333,0.205030,0.127487,-0.131987,0.090641,0.114505,-0.104815,0.094571,0.060213,-0.116958
212,1.766667,0.205018,0.127526,-0.131975,0.090626,0.114527,-0.104833,0.094595,0.060227,-0.116927
213,1.775000,0.205007,0.127556,-0.131983,0.090610,0.114535,-0.104852,0.094586,0.060240,-0.116943
214,1.783333,0.205008,0.127567,-0.132029,0.090598,0.114526,-0.104871,0.094597,0.060224,-0.116905
215,1.791667,0.204988,0.127564,-0.132103,0.090550,0.114474,-0.104913,0.094572,0.060194,-0.116856
216,1.800000,0.204942,0.127579,-0.132101,0.090473,0.114422,-0.105040,0.094481,0.060187,-0.116838
217,1.808333,0.204893,0.127590,-0.132070,0.090350,0.114380,-0.105199,0.094222,0.060148,-0.116861
218,1.816667,0.204830,0.127599,-0.131999,0.090151,0.114335,-0.105422,0.093862,0.060191,-0.116869
219,1.825000,0.204718,0.127622,-0.131863,0.089933,0.114373,-0.105731,0.093516,0.060293,-0.117188
220,1.833333,0.204626,0.127608,-0.131682,0.089737,0.114418,-0.105945,0.093139,0.060316,-0.117231
221,1.841667,0.204585,0.127526,-0.131498,0.089558,0.114364,-0.106152,0.092824,0.060382,-0.117372
222,1.850000,0.204587,0.127449,-0.131362,0.089487,0.114331,-0.106189,0.092658,0.060365,-0.117458
223,1.858333,0.204613,0.127399,-0.131187,0.089509,0.114309,-0.106103,0.092693,0.060295,-0.117438
224,1.866667,0.204729,0.127376,-0.131136,0.089580,0.114275,-0.105898,0.092756,0.060234,-0.117372
225,1.875000,0.204860,0.127344,-0.131028,0.089663,0.114274,-0.105703,0.092759,0.060232,-0.117362
226,1.883333,0.204931,0.127310,-0.130823,0.089745,0.114286,-0.105613,0.092813,0.060243,-0.117326
227,1.891667,0.204954,0.127303,-0.130761,0.089820,0.114268,-0.105516,0.093014,0.060278,-0.117362
228,1.900000,0.204969,0.127323,-0.130787,0.089943,0.114270,-0.105339,0.093341,0.060329,-0.117540
229,1.908333,0.205006,0.127344,-0.130862,0.090094,0.114252,-0.105086,0.093774,0.060401,-0.117577
230,1.916667,0.205054,0.127344,-0.130918,0.090261,0.114282,-0.104907,0.094229,0.060488,-0.117741
231,1.925000,0.205096,0.127330,-0.130924,0.090400,0.114306,-0.104702,0.094685,0.060613,-0.118010
232,1.933333,0.205135,0.127340,-0.130943,0.090518,0.114395,-0.104529,0.095118,0.060760,-0.118304
233,1.941667,0.205192,0.127354,-0.130982,0.090604,0.114523,-0.104421,0.095484,0.060902,-0.118646
234,1.950000,0.205220,0.127347,-0.130997,0.090584,0.114500,-0.104413,0.095660,0.061009,-0.118925
235,1.958333,0.205180,0.127341,-0.131017,0.090585,0.114579,-0.104321,0.095845,0.061101,-0.119209
236,1.966667,0.205133,0.127365,-0.131063,0.090558,0.114589,-0.104310,0.095922,0.061130,-0.119373
237,1.975000,0.205103,0.127360,-0.131065,0.090509,0.114616,-0.104336,0.095953,0.061195,-0.119603
238,1.983333,0.205049,0.127360,-0.131091,0.090444,0.114570,-0.104291,0.095967,0.061231,-0.119729
239,1.991667,0.204989,0.127419,-0.131186,0.090376,0.114548,-0.104285,0.095960,0.061229,-0.119773
240,2.000000,0.204950,0.127499,-0.131339,0.090316,0.114511,-0.104266,0.095932,0.061229,-0.119797
241,2.008333,0.204913,0.127529,-0.131442,0.090243,0.114447,-0.104343,0.095863,0.061197,-0.119795
242,2.016667,0.204861,0.127560,-0.131489,0.090140,0.114361,-0.104460,0.095568,0.061140,-0.119732
243,2.025000,0.204812,0.127548,-0.131513,0.089945,0.114208,-0.104738,0.095232,0.061138,-0.119837
244,2.033333,0.204729,0.127544,-0.131521,0.089804,0.114186,-0.104975,0.094949,0.061082,-0.119725
245,2.041667,0.204643,0.127591,-0.131509,0.089650,0.114083,-0.105131,0.094749,0.061045,-0.119721
246,2.050000,0.204653,0.127630,-0.131499,0.089480,0.113940,-0.105418,0.094408,0.060998,-0.119616
247,2.058333,0.204692,0.127607,-0.131561,0.089387,0.113907,-0.105618,0.093969,0.060898,-0.119349
248,2.066667,0.204669,0.127602,-0.131588,0.089288,0.113834,-0.105822,0.093604,0.060740,-0.118977
249,2.075000,0.204637,0.127613,-0.131604,0.089148,0.113718,-0.106136,0.093390,0.060655,-0.118825
250,2.083333,0.204661,0.127614,-0.131653,0.089068,0.113721,-0.106371,0.093140,0.060599,-0.118632
251,2.091667,0.204673,0.127601,-0.131673,0.088958,0.113662,-0.106624,0.092951,0.060560,-0.118639
252,2.100000,0.204619,0.127606,-0.131593,0.088918,0.113690,-0.106672,0.092927,0.060559,-0.118605
253,2.108333,0.204607,0.127613,-0.131566,0.088901,0.113702,-0.106671,0.092903,0.060546,-0.118565
254,2.116667,0.204638,0.127591,-0.131592,0.088889,0.113701,-0.106676,0.092662,0.060443,-0.118329
255,2.125000,0.204624,0.127559,-0.131583,0.088843,0.113605,-0.106706,0.092618,0.060429,-0.118317
256,2.133333,0.204564,0.127546,-0.131534,0.088843,0.113625,-0.106605,0.092669,0.060397,-0.118333
257,2.141667,0.204530,0.127543,-0.131526,0.088816,0.113581,-0.106582,0.092727,0.060376,-0.118362
258,2.150000,0.204516,0.127539,-0.131501,0.088780,0.113591,-0.106455,0.092768,0.060408,-0.118448
259,2.158333,0.204484,0.127522,-0.131446,0.088736,0.113579,-0.106311,0.092853,0.060443,-0.118567
260,2.166667,0.204442,0.127507,-0.131354,0.088698,0.113643,-0.106180,0.093022,0.060519,-0.118965
261,2.175000,0.204412,0.127464,-0.131297,0.088627,0.113623,-0.106143,0.093019,0.060535,-0.119036
262,2.183333,0.204336,0.127435,-0.131205,0.088567,0.113638,-0.106012,0.093118,0.060562,-0.119301
263,2.191667,0.204297,0.127461,-0.131122,0.088481,0.113649,-0.106070,0.093066,0.060582,-0.119506
264,2.200000,0.204316,0.127434,-0.131075,0.088377,0.113636,-0.106150,0.092946,0.060619,-0.119642
265,2.208333,0.204269,0.127421,-0.131002,0.088292,0.113601,-0.106243,0.092828,0.060618,-0.119694
266,2.216667,0.204233,0.127483,-0.130960,0.088217,0.113573,-0.106367,0.092564,0.060551,-0.119690
267,2.225000,0.204261,0.127485,-0.130962,0.088161,0.113521,-0.106518,0.092406,0.060575,-0.119680
268,2.233333,0.204247,0.127469,-0.130982,0.088130,0.113482,-0.106590,0.092333,0.060520,-0.119556
269,2.241667,0.204175,0.127500,-0.130928,0.088119,0.113389,-0.106709,0.092104,0.060396,-0.119259
270,2.250000,0.204154,0.127523,-0.131017,0.088043,0.113268,-0.106936,0.091819,0.060299,-0.118964
271,2.258333,0.204091,0.127584,-0.131173,0.087956,0.113170,-0.107106,0.091482,0.060120,-0.118466
272,2.266667,0.203985,0.127702,-0.131373,0.087870,0.113144,-0.107461,0.091101,0.059969,-0.117915
273,2.275000,0.203850,0.127789,-0.131465,0.087741,0.113089,-0.107747,0.090589,0.059820,-0.117383
274,2.283333,0.203724,0.127845,-0.131531,0.087597,0.112983,-0.108140,0.090174,0.059772,-0.116951
275,2.291667,0.203620,0.127898,-0.131589,0.087524,0.112982,-0.108443,0.089650,0.059624,-0.116479
276,2.300000,0.203573,0.127907,-0.131599,0.087464,0.112935,-0.108727,0.089448,0.059709,-0.116484
277,2.308333,0.203587,0.127889,-0.131574,0.087452,0.112966,-0.108862,0.089322,0.059703,-0.116439
278,2.316667,0.203694,0.127857,-0.131517,0.087506,0.112988,-0.108927,0.089352,0.059705,-0.116440
279,2.325000,0.203852,0.127789,-0.131390,0.087583,0.113021,-0.108899,0.089391,0.059717,-0.116428
280,2.333333,0.204076,0.127680,-0.131215,0.087673,0.113031,-0.108866,0.089432,0.059733,-0.116541
281,2.341667,0.204291,0.127543,-0.131010,0.087741,0.113062,-0.108793,0.089569,0.059845,-0.117100
282,2.350000,0.204464,0.127383,-0.130868,0.087751,0.113171,-0.108665,0.089923,0.060160,-0.118077
283,2.358333,0.204567,0.127227,-0.130762,0.087754,0.113323,-0.108562,0.090283,0.060384,-0.118945
284,2.366667,0.204589,0.127133,-0.130617,0.087749,0.113503,-0.108439,0.090737,0.060606,-0.119808
285,2.375000,0.204590,0.127109,-0.130508,0.087705,0.113615,-0.108367,0.090949,0.060729,-0.120305
286,2.383333,0.204563,0.127113,-0.130477,0.087620,0.113639,-0.108316,0.091138,0.060820,-0.120773
287,2.391667,0.204455,0.127168,-0.130459,0.087521,0.113609,-0.108280,0.091165,0.060824,-0.120861
288,2.400000,0.204330,0.127214,-0.130415,0.087404,0.113503,-0.108205,0.091167,0.060798,-0.120865
289,2.408333,0.204250,0.127246,-0.130402,0.087328,0.113413,-0.108158,0.091170,0.060765,-0.120860
290,2.416667,0.204226,0.127280,-0.130411,0.087288,0.113323,-0.108089,0.091163,0.060737,-0.120790
291,2.425000,0.204212,0.127318,-0.130460,0.087273,0.113260,-0.108086,0.091121,0.060696,-0.120580
292,2.433333,0.204165,0.127397,-0.130511,0.087292,0.113167,-0.108026,0.091076,0.060609,-0.120242
293,2.441667,0.204158,0.127493,-0.130667,0.087374,0.113075,-0.107872,0.090991,0.060464,-0.119632
294,2.450000,0.204192,0.127574,-0.130901,0.087499,0.112945,-0.107783,0.090942,0.060219,-0.118693
295,2.458333,0.204215,0.127643,-0.131116,0.087656,0.112778,-0.107632,0.090928,0.059911,-0.117895
296,2.466667,0.204225,0.127703,-0.131227,0.087824,0.112695,-0.107560,0.090765,0.059661,-0.117007
297,2.475000,0.204254,0.127712,-0.131309,0.087911,0.112620,-0.107716,0.090506,0.059548,-0.116259
298,2.483333,0.204253,0.127722,-0.131338,0.088002,0.112639,-0.107868,0.090113,0.059426,-0.115527
299,2.491667,0.204223,0.127751,-0.131345,0.088068,0.112694,-0.108037,0.089722,0.059300,-0.115144
300,2.500000,0.204227,0.127747,-0.131422,0.088077,0.112757,-0.108255,0.089290,0.059278,-0.114751
301,2.508333,0.204205,0.127712,-0.131450,0.088063,0.112797,-0.108455,0.088820,0.059239,-0.114754
302,2.516667,0.204121,0.127698,-0.131402,0.087997,0.112784,-0.108507,0.088774,0.059254,-0.114855
303,2.525000,0.204050,0.127711,-0.131378,0.087949,0.112792,-0.108393,0.088865,0.059198,-0.114798
304,2.533333,0.204011,0.127711,-0.131346,0.087822,0.112747,-0.108168,0.089041,0.059293,-0.115284
305,2.541667,0.203947,0.127690,-0.131208,0.087635,0.112798,-0.107984,0.089267,0.059578,-0.116257
306,2.550000,0.203843,0.127616,-0.131048,0.087367,0.112963,-0.107878,0.089606,0.059938,-0.117501
307,2.558333,0.203689,0.127540,-0.130878,0.087041,0.113126,-0.108107,0.089782,0.060270,-0.118652
308,2.566667,0.203496,0.127502,-0.130657,0.086734,0.113307,-0.108355,0.089825,0.060558,-0.119680
309,2.575000,0.203365,0.127523,-0.130553,0.086505,0.113407,-0.108593,0.089775,0.060757,-0.120318
310,2.583333,0.203310,0.127558,-0.130526,0.086347,0.113435,-0.108770,0.089715,0.060809,-0.120433
311,2.591667,0.203328,0.127574,-0.130420,0.086314,0.113425,-0.108763,0.089799,0.060829,-0.120664
312,2.600000,0.203467,0.127517,-0.130313,0.086371,0.113405,-0.108759,0.089784,0.060863,-0.120873
313,2.608333,0.203687,0.127363,-0.130226,0.086470,0.113352,-0.108736,0.089767,0.060876,-0.120868
314,2.616667,0.203808,0.127298,-0.130165,0.086602,0.113329,-0.108744,0.089870,0.060808,-0.120759
315,2.625000,0.203894,0.127389,-0.130247,0.086724,0.113289,-0.108778,0.089922,0.060753,-0.120545
316,2.633333,0.204014,0.127466,-0.130405,0.086865,0.113219,-0.108832,0.089931,0.060643,-0.120156
317,2.641667,0.204107,0.127518,-0.130554,0.087054,0.113171,-0.108835,0.090018,0.060511,-0.119614
318,2.650000,0.204201,0.127569,-0.130662,0.087290,0.113104,-0.108631,0.090095,0.060363,-0.119038
319,2.658333,0.204297,0.127580,-0.130765,0.087571,0.113005,-0.108410,0.090287,0.060201,-0.118415
320,2.666667,0.204353,0.127623,-0.130882,0.087877,0.112874,-0.108000,0.090666,0.059962,-0.117642
321,2.675000,0.204382,0.127681,-0.131003,0.088195,0.112757,-0.107503,0.091043,0.059768,-0.116865
322,2.683333,0.204423,0.127702,-0.131060,0.088498,0.112683,-0.107116,0.091371,0.059612,-0.116258
323,2.691667,0.204464,0.127702,-0.131155,0.088706,0.112686,-0.106776,0.091626,0.059585,-0.115984
324,2.700000,0.204457,0.127701,-0.131216,0.088807,0.112783,-0.106644,0.091756,0.059578,-0.115903
325,2.708333,0.204358,0.127734,-0.131257,0.088780,0.112856,-0.106697,0.091836,0.059625,-0.115920
326,2.716667,0.204213,0.127828,-0.131303,0.088677,0.113041,-0.106912,0.091937,0.059786,-0.116398
327,2.725000,0.204120,0.127861,-0.131142,0.088516,0.113293,-0.107123,0.091837,0.060100,-0.117194
328,2.733333,0.204177,0.127760,-0.130951,0.088199,0.113525,-0.107700,0.091599,0.060532,-0.118568
329,2.741667,0.204194,0.127588,-0.130656,0.087933,0.113815,-0.108311,0.091291,0.060935,-0.119829
330,2.750000,0.204182,0.127456,-0.130362,0.087714,0.114010,-0.108844,0.091053,0.061236,-0.120746
331,2.758333,0.204207,0.127383,-0.130212,0.087549,0.114099,-0.109145,0.090791,0.061356,-0.121383
332,2.766667,0.204326,0.127344,-0.130175,0.087457,0.114084,-0.109337,0.090628,0.061465,-0.121706
333,2.775000,0.204439,0.127310,-0.130107,0.087477,0.114035,-0.109302,0.090616,0.061473,-0.121725
334,2.783333,0.204513,0.127264,-0.130072,0.087557,0.113945,-0.109145,0.090703,0.061377,-0.121720
335,2.791667,0.204539,0.127253,-0.130078,0.087640,0.113851,-0.109007,0.090654,0.061261,-0.121352
336,2.800000,0.204510,0.127296,-0.130220,0.087689,0.113717,-0.108879,0.090537,0.061042,-0.120672
337,2.808333,0.204372,0.127440,-0.130382,0.087735,0.113561,-0.108707,0.090509,0.060763,-0.119807
338,2.816667,0.204228,0.127630,-0.130602,0.087777,0.113426,-0.108711,0.090461,0.060472,-0.118936
339,2.825000,0.204126,0.127714,-0.130767,0.087858,0.113361,-0.108740,0.090284,0.060154,-0.117975
340,2.833333,0.204031,0.127754,-0.131046,0.087981,0.113226,-0.108666,0.090282,0.059799,-0.116592
341,2.841667,0.203920,0.127897,-0.131290,0.088208,0.113108,-0.108398,0.090432,0.059435,-0.115189
342,2.850000,0.203907,0.128031,-0.131509,0.088454,0.112890,-0.107880,0.090689,0.059103,-0.114263
343,2.858333,0.203940,0.128050,-0.131748,0.088732,0.112709,-0.107377,0.091015,0.058802,-0.113021
344,2.866667,0.203899,0.128085,-0.131908,0.089015,0.112496,-0.106699,0.091531,0.058532,-0.112188
345,2.875000,0.203876,0.128171,-0.131993,0.089244,0.112331,-0.106117,0.091957,0.058320,-0.111550
346,2.883333,0.203944,0.128167,-0.131966,0.089328,0.112262,-0.106013,0.091962,0.058286,-0.111530
347,2.891667,0.203980,0.128025,-0.131815,0.089274,0.112290,-0.106251,0.091686,0.058424,-0.111720
348,2.900000,0.203876,0.127926,-0.131597,0.089169,0.112431,-0.106542,0.091499,0.058546,-0.112096
349,2.908333,0.203785,0.127926,-0.131474,0.089019,0.112537,-0.106812,0.091348,0.058711,-0.112707
350,2.916667,0.203874,0.127935,-0.131444,0.088855,0.112671,-0.107120,0.091066,0.058972,-0.113584
351,2.925000,0.204030,0.127820,-0.131258,0.088702,0.112897,-0.107342,0.090850,0.059342,-0.114859
352,2.933333,0.204144,0.127667,-0.130972,0.088528,0.113204,-0.107635,0.090625,0.059707,-0.116000
353,2.941667,0.204266,0.127548,-0.130732,0.088240,0.113519,-0.108299,0.090332,0.060063,-0.117633
354,2.950000,0.204460,0.127449,-0.130439,0.087883,0.113912,-0.109391,0.089675,0.060619,-0.119144
355,2.958333,0.204759,0.127294,-0.129934,0.087426,0.114421,-0.110936,0.088771,0.061297,-0.121463
356,2.966667,0.205010,0.127015,-0.129216,0.087004,0.114902,-0.112709,0.087578,0.062035,-0.124252
357,2.975000,0.205191,0.126680,-0.128661,0.086763,0.115253,-0.114362,0.086192,0.062715,-0.126351
358,2.983333,0.205383,0.126451,-0.128109,0.086879,0.115749,-0.115039,0.085517,0.063260,-0.127542
359,2.991667,0.205734,0.126459,-0.127979,0.087361,0.116174,-0.115105,0.085563,0.063289,-0.127738
360,3.000000,0.206374,0.126584,-0.128183,0.088074,0.116536,-0.114586,0.085914,0.063102,-0.126984
361,3.008333,0.207260,0.126539,-0.128402,0.089100,0.117084,-0.113113,0.086305,0.063548,-0.125183
362,3.016667,0.208165,0.126297,-0.128556,0.090540,0.118183,-0.110417,0.086952,0.064727,-0.122333
363,3.025000,0.209097,0.126186,-0.128672,0.092435,0.119334,-0.106677,0.088101,0.066062,-0.118821
364,3.033333,0.210276,0.126002,-0.128797,0.094742,0.120289,-0.102696,0.089947,0.067238,-0.114967
365,3.041667,0.211811,0.125523,-0.129167,0.097348,0.121164,-0.098337,0.092299,0.068314,-0.111338
366,3.050000,0.213397,0.124979,-0.129367,0.099917,0.121922,-0.094572,0.094451,0.069295,-0.108105
367,3.058333,0.214789,0.124488,-0.129069,0.102018,0.122323,-0.091938,0.095800,0.069959,-0.105887
368,3.066667,0.215938,0.123770,-0.128668,0.103366,0.122433,-0.090567,0.096602,0.070283,-0.105027
369,3.075000,0.216649,0.123035,-0.128417,0.104027,0.122557,-0.090150,0.096922,0.070430,-0.105012
370,3.083333,0.216801,0.122716,-0.128042,0.104082,0.122736,-0.090491,0.096842,0.070580,-0.105826
371,3.091667,0.216538,0.122888,-0.128384,0.103793,0.123022,-0.091072,0.096715,0.070737,-0.106988
372,3.100000,0.216017,0.123347,-0.128710,0.103412,0.123477,-0.091676,0.096666,0.070951,-0.108030
373,3.108333,0.215533,0.123904,-0.129284,0.103063,0.123972,-0.092229,0.096598,0.071281,-0.109058
374,3.116667,0.215060,0.124298,-0.129560,0.102834,0.124556,-0.092699,0.096588,0.071637,-0.110013
375,3.125000,0.214651,0.124524,-0.129838,0.102795,0.125097,-0.092819,0.096736,0.072005,-0.110726
376,3.133333,0.214454,0.124655,-0.130091,0.102968,0.125607,-0.092547,0.097075,0.072328,-0.110950
377,3.141667,0.214495,0.124725,-0.130388,0.103348,0.125937,-0.091969,0.097687,0.072575,-0.110979
378,3.150000,0.214738,0.124740,-0.130684,0.103984,0.126274,-0.091298,0.098472,0.072814,-0.110399
379,3.158333,0.215112,0.124710,-0.130988,0.104841,0.126630,-0.090251,0.099374,0.073153,-0.109641
380,3.166667,0.215582,0.124592,-0.131151,0.105792,0.126955,-0.089103,0.100321,0.073478,-0.108841
381,3.175000,0.216129,0.124427,-0.131137,0.106723,0.127154,-0.088178,0.101199,0.073668,-0.108031
382,3.183333,0.216746,0.124185,-0.131126,0.107517,0.127190,-0.087616,0.101890,0.073723,-0.107398
383,3.191667,0.217272,0.123843,-0.131130,0.108046,0.127114,-0.087285,0.102461,0.073679,-0.107211
384,3.200000,0.217589,0.123621,-0.131183,0.108357,0.127051,-0.087270,0.102855,0.073567,-0.107004
385,3.208333,0.217753,0.123605,-0.131275,0.108440,0.127026,-0.087426,0.103091,0.073474,-0.107289
386,3.216667,0.217749,0.123694,-0.131425,0.108295,0.127066,-0.087929,0.103178,0.073404,-0.107820
387,3.225000,0.217557,0.123807,-0.131501,0.107941,0.127096,-0.088402,0.103112,0.073296,-0.108454
388,3.233333,0.217207,0.123982,-0.131611,0.107418,0.127109,-0.089267,0.102955,0.073096,-0.109266
389,3.241667,0.216759,0.124205,-0.131877,0.106821,0.127093,-0.090085,0.102746,0.072851,-0.110167
390,3.250000,0.216295,0.124416,-0.132058,0.106180,0.127042,-0.090839,0.102467,0.072585,-0.111011
391,3.258333,0.215819,0.124613,-0.132297,0.105529,0.126982,-0.091591,0.102156,0.072325,-0.111892
392,3.266667,0.215358,0.124773,-0.132380,0.104933,0.126868,-0.092361,0.101868,0.071990,-0.112580
393,3.275000,0.214907,0.124913,-0.132442,0.104386,0.126617,-0.092707,0.101628,0.071591,-0.112977
394,3.283333,0.214550,0.124991,-0.132460,0.103896,0.126308,-0.093141,0.101409,0.071098,-0.113334
395,3.291667,0.214265,0.124984,-0.132347,0.103524,0.126010,-0.093382,0.101175,0.070680,-0.113405
396,3.300000,0.214062,0.124906,-0.132197,0.103238,0.125771,-0.093450,0.100984,0.070374,-0.113419
397,3.308333,0.213896,0.124824,-0.132007,0.103097,0.125616,-0.093421,0.100839,0.070181,-0.113191
398,3.316667,0.213832,0.124797,-0.131961,0.103076,0.125537,-0.093262,0.100712,0.070080,-0.112806
399,3.325000,0.213829,0.124758,-0.131874,0.103115,0.125456,-0.092979,0.100654,0.070049,-0.112497
400,3.333333,0.213850,0.124689,-0.131769,0.103169,0.125386,-0.092738,0.100677,0.070017,-0.112282
401,3.341667,0.213870,0.124628,-0.131724,0.103205,0.125320,-0.092551,0.100714,0.070002,-0.112132
402,3.350000,0.213876,0.124568,-0.131692,0.103204,0.125239,-0.092467,0.100733,0.069977,-0.112048
403,3.358333,0.213881,0.124534,-0.131740,0.103186,0.125149,-0.092450,0.100758,0.069899,-0.112025
404,3.366667,0.213863,0.124550,-0.131768,0.103126,0.125063,-0.092574,0.100755,0.069801,-0.112082
405,3.375000,0.213811,0.124588,-0.131784,0.102998,0.124994,-0.092863,0.100673,0.069715,-0.112218
406,3.383333,0.213734,0.124634,-0.131811,0.102801,0.124910,-0.093202,0.100557,0.069617,-0.112395
407,3.391667,0.213661,0.124691,-0.131915,0.102577,0.124788,-0.093559,0.100420,0.069467,-0.112668
408,3.400000,0.213578,0.124748,-0.131995,0.102399,0.124651,-0.093775,0.100301,0.069282,-0.112916
409,3.408333,0.213493,0.124789,-0.132054,0.102283,0.124547,-0.094069,0.100213,0.069090,-0.113173
410,3.416667,0.213415,0.124826,-0.132064,0.102236,0.124483,-0.094245,0.100175,0.068960,-0.113242
411,3.425000,0.213380,0.124877,-0.132077,0.102282,0.124473,-0.094233,0.100180,0.068910,-0.113222
412,3.433333,0.213403,0.124910,-0.132050,0.102384,0.124498,-0.094090,0.100204,0.068919,-0.113112
413,3.441667,0.213457,0.124911,-0.131951,0.102504,0.124511,-0.093882,0.100234,0.068952,-0.112957
414,3.450000,0.213515,0.124866,-0.131849,0.102592,0.124463,-0.093717,0.100245,0.068987,-0.112823
415,3.458333,0.213572,0.124794,-0.131725,0.102635,0.124367,-0.093556,0.100241,0.068993,-0.112720
416,3.466667,0.213606,0.124706,-0.131555,0.102634,0.124224,-0.093454,0.100215,0.068957,-0.112647
417,3.475000,0.213619,0.124632,-0.131445,0.102582,0.124051,-0.093416,0.100139,0.068886,-0.112653
418,3.483333,0.213607,0.124572,-0.131341,0.102483,0.123893,-0.093392,0.100037,0.068798,-0.112674
419,3.491667,0.213575,0.124541,-0.131257,0.102346,0.123753,-0.093456,0.099943,0.068706,-0.112762
420,3.500000,0.213524,0.124536,-0.131176,0.102169,0.123629,-0.093617,0.099854,0.068608,-0.112799
421,3.508333,0.213464,0.124557,-0.131189,0.102009,0.123539,-0.093834,0.099794,0.068523,-0.112820
422,3.516667,0.213404,0.124596,-0.131238,0.101888,0.123465,-0.093963,0.099763,0.068451,-0.112892
423,3.525000,0.213358,0.124618,-0.131268,0.101777,0.123371,-0.094015,0.099733,0.068389,-0.112945
424,3.533333,0.213335,0.124608,-0.131267,0.101710,0.123299,-0.094084,0.099713,0.068352,-0.112947
425,3.541667,0.213349,0.124612,-0.131309,0.101699,0.123272,-0.094058,0.099706,0.068361,-0.112892
426,3.550000,0.213377,0.124618,-0.131281,0.101746,0.123284,-0.093989,0.099704,0.068409,-0.112748
427,3.558333,0.213436,0.124598,-0.131210,0.101826,0.123301,-0.093886,0.099701,0.068466,-0.112627
428,3.566667,0.213509,0.124553,-0.131151,0.101909,0.123295,-0.093756,0.099701,0.068505,-0.112493
429,3.575000,0.213560,0.124490,-0.131113,0.101974,0.123247,-0.093616,0.099704,0.068514,-0.112394
430,3.583333,0.213578,0.124444,-0.131086,0.102008,0.123178,-0.093523,0.099693,0.068488,-0.112322
431,3.591667,0.213571,0.124426,-0.131070,0.101988,0.123090,-0.093494,0.099664,0.068429,-0.112289
432,3.600000,0.213537,0.124432,-0.131069,0.101922,0.123003,-0.093599,0.099620,0.068347,-0.112318
433,3.608333,0.213482,0.124460,-0.131102,0.101821,0.122932,-0.093717,0.099558,0.068254,-0.112356
434,3.616667,0.213412,0.124518,-0.131164,0.101715,0.122881,-0.093832,0.099508,0.068179,-0.112378
435,3.625000,0.213330,0.124574,-0.131224,0.101616,0.122861,-0.093928,0.099479,0.068135,-0.112460
436,3.633333,0.213261,0.124626,-0.131277,0.101538,0.122843,-0.094008,0.099448,0.068087,-0.112483
437,3.641667,0.213215,0.124634,-0.131284,0.101471,0.122795,-0.094031,0.099426,0.068030,-0.112525
438,3.650000,0.213191,0.124607,-0.131283,0.101432,0.122740,-0.094045,0.099393,0.067973,-0.112543
439,3.658333,0.213178,0.124599,-0.131290,0.101413,0.122692,-0.093987,0.099370,0.067928,-0.112505
440,3.666667,0.213172,0.124602,-0.131281,0.101409,0.122668,-0.093946,0.099355,0.067918,-0.112456
441,3.675000,0.213182,0.124603,-0.131260,0.101417,0.122652,-0.093892,0.099342,0.067918,-0.112411
442,3.683333,0.213191,0.124600,-0.131251,0.101414,0.122631,-0.093843,0.099329,0.067915,-0.112364
443,3.691667,0.213185,0.124586,-0.131212,0.101400,0.122589,-0.093819,0.099315,0.067891,-0.112344
444,3.700000,0.213177,0.124564,-0.131186,0.101393,0.122549,-0.093815,0.099305,0.067853,-0.112375
445,3.708333,0.213168,0.124565,-0.131207,0.101391,0.122517,-0.093797,0.099296,0.067804,-0.112352
446,3.716667,0.213155,0.124585,-0.131202,0.101411,0.122519,-0.093805,0.099303,0.067788,-0.112325
447,3.725000,0.213150,0.124607,-0.131194,0.101453,0.122552,-0.093792,0.099325,0.067801,-0.112284
448,3.733333,0.213184,0.124617,-0.131244,0.101504,0.122585,-0.093766,0.099355,0.067820,-0.112248
449,3.741667,0.213219,0.124605,-0.131261,0.101553,0.122607,-0.093763,0.099384,0.067838,-0.112168
450,3.750000,0.213251,0.124592,-0.131275,0.101580,0.122606,-0.093773,0.099392,0.067842,-0.112179
451,3.758333,0.213262,0.124579,-0.131255,0.101573,0.122565,-0.093800,0.099387,0.067821,-0.112179
452,3.766667,0.213263,0.124569,-0.131219,0.101546,0.122511,-0.093794,0.099373,0.067778,-0.112241
453,3.775000,0.213235,0.124574,-0.131192,0.101497,0.122472,-0.093792,0.099341,0.067734,-0.112321
454,3.783333,0.213190,0.124611,-0.131191,0.101429,0.122439,-0.093823,0.099302,0.067701,-0.112366
455,3.791667,0.213142,0.124635,-0.131145,0.101355,0.122391,-0.093914,0.099268,0.067651,-0.112409
456,3.800000,0.213121,0.124622,-0.131140,0.101273,0.122330,-0.094040,0.099241,0.067596,-0.112508
457,3.808333,0.213092,0.124606,-0.131123,0.101189,0.122253,-0.094171,0.099214,0.067539,-0.112637
458,3.816667,0.213062,0.124597,-0.131127,0.101096,0.122164,-0.094274,0.099191,0.067473,-0.112717
459,3.825000,0.213044,0.124604,-0.131142,0.101027,0.122100,-0.094358,0.099167,0.067435,-0.112774
460,3.833333,0.213033,0.124620,-0.131142,0.100990,0.122077,-0.094409,0.099160,0.067419,-0.112782
461,3.841667,0.213031,0.124642,-0.131122,0.100967,0.122065,-0.094427,0.099146,0.067416,-0.112805
462,3.850000,0.213038,0.124638,-0.131104,0.100944,0.122046,-0.094448,0.099132,0.067408,-0.112808
463,3.858333,0.213050,0.124623,-0.131093,0.100931,0.122025,-0.094464,0.099123,0.067399,-0.112811
464,3.866667,0.213063,0.124599,-0.131044,0.100922,0.122004,-0.094447,0.099116,0.067396,-0.112815
465,3.875000,0.213079,0.124574,-0.130998,0.100912,0.121981,-0.094454,0.099102,0.067396,-0.112819
466,3.883333,0.213098,0.124562,-0.130980,0.100938,0.121980,-0.094435,0.099106,0.067399,-0.112779
467,3.891667,0.213113,0.124566,-0.130976,0.101007,0.122022,-0.094349,0.099142,0.067401,-0.112725
468,3.900000,0.213123,0.124593,-0.130970,0.101106,0.122088,-0.094279,0.099181,0.067429,-0.112670
469,3.908333,0.213156,0.124602,-0.130996,0.101207,0.122142,-0.094187,0.099219,0.067452,-0.112617
470,3.916667,0.213193,0.124582,-0.130990,0.101299,0.122188,-0.094091,0.099262,0.067467,-0.112564
471,3.925000,0.213221,0.124562,-0.131009,0.101382,0.122236,-0.093994,0.099293,0.067479,-0.112485
472,3.933333,0.213234,0.124552,-0.131011,0.101430,0.122256,-0.093918,0.099308,0.067490,-0.112463
473,3.941667,0.213231,0.124563,-0.130985,0.101433,0.122253,-0.093865,0.099318,0.067490,-0.112439
474,3.950000,0.213227,0.124580,-0.131016,0.101409,0.122243,-0.093896,0.099311,0.067473,-0.112451
475,3.958333,0.213194,0.124593,-0.131019,0.101370,0.122224,-0.093941,0.099295,0.067451,-0.112457
476,3.966667,0.213156,0.124609,-0.131027,0.101320,0.122196,-0.094010,0.099271,0.067410,-0.112510
477,3.975000,0.213122,0.124611,-0.131051,0.101268,0.122155,-0.094059,0.099241,0.067365,-0.112534
478,3.983333,0.213090,0.124615,-0.131082,0.101218,0.122121,-0.094104,0.099213,0.067317,-0.112550
479,3.991667,0.213047,0.124617,-0.131112,0.101165,0.122090,-0.094116,0.099185,0.067281,-0.112562
480,4.000000,0.213013,0.124631,-0.131145,0.101124,0.122065,-0.094124,0.099166,0.067258,-0.112561
481,4.008333,0.212983,0.124640,-0.131119,0.101097,0.122056,-0.094093,0.099154,0.067249,-0.112546
482,4.016667,0.212956,0.124651,-0.131108,0.101083,0.122052,-0.094057,0.099146,0.067247,-0.112512
483,4.025000,0.212930,0.124658,-0.131109,0.101078,0.122042,-0.094001,0.099140,0.067245,-0.112479
484,4.033333,0.212912,0.124658,-0.131109,0.101073,0.122023,-0.093968,0.099132,0.067232,-0.112453
485,4.041667,0.212902,0.124641,-0.131089,0.101050,0.121987,-0.093975,0.099128,0.067199,-0.112439
486,4.050000,0.212885,0.124633,-0.131078,0.101008,0.121952,-0.094011,0.099111,0.067166,-0.112463
487,4.058333,0.212835,0.124633,-0.131019,0.100949,0.121912,-0.094082,0.099087,0.067128,-0.112520
488,4.066667,0.212787,0.124647,-0.130994,0.100873,0.121871,-0.094187,0.099048,0.067082,-0.112586
489,4.075000,0.212744,0.124659,-0.130988,0.100790,0.121829,-0.094291,0.099013,0.067042,-0.112659
490,4.083333,0.212699,0.124657,-0.130967,0.100714,0.121782,-0.094353,0.098986,0.066990,-0.112700
491,4.091667,0.212664,0.124657,-0.130974,0.100654,0.121753,-0.094412,0.098959,0.066943,-0.112747
492,4.100000,0.212635,0.124650,-0.130953,0.100604,0.121724,-0.094442,0.098940,0.066902,-0.112779
493,4.108333,0.212619,0.124642,-0.130962,0.100579,0.121706,-0.094450,0.098930,0.066880,-0.112747
494,4.116667,0.212605,0.124638,-0.130945,0.100583,0.121722,-0.094428,0.098916,0.066870,-0.112697
495,4.125000,0.212587,0.124648,-0.130952,0.100583,0.121738,-0.094421,0.098911,0.066871,-0.112693
496,4.133333,0.212563,0.124662,-0.130921,0.100563,0.121721,-0.094380,0.098901,0.066854,-0.112705
497,4.141667,0.212531,0.124667,-0.130895,0.100524,0.121684,-0.094373,0.098884,0.066812,-0.112724
498,4.150000,0.212486,0.124661,-0.130858,0.100455,0.121627,-0.094340,0.098857,0.066756,-0.112740
499,4.158333,0.212430,0.124662,-0.130818,0.100363,0.121542,-0.094384,0.098831,0.066676,-0.112783
500,4.166667,0.212357,0.124672,-0.130779,0.100255,0.121460,-0.094479,0.098804,0.066597,-0.112813
501,4.175000,0.212279,0.124703,-0.130790,0.100147,0.121396,-0.094547,0.098778,0.066548,-0.112815
502,4.183333,0.212190,0.124751,-0.130802,0.100077,0.121373,-0.094569,0.098765,0.066527,-0.112796
503,4.191667,0.212105,0.124810,-0.130803,0.100055,0.121412,-0.094550,0.098768,0.066522,-0.112793
504,4.200000,0.212057,0.124857,-0.130872,0.100058,0.121463,-0.094480,0.098773,0.066528,-0.112756
505,4.208333,0.212023,0.124876,-0.130900,0.100070,0.121487,-0.094388,0.098772,0.066526,-0.112693
506,4.216667,0.211984,0.124892,-0.130905,0.100087,0.121509,-0.094307,0.098767,0.066527,-0.112666
507,4.225000,0.211962,0.124900,-0.130875,0.100103,0.121519,-0.094211,0.098759,0.066536,-0.112591
508,4.233333,0.211967,0.124891,-0.130839,0.100126,0.121521,-0.094118,0.098758,0.066557,-0.112549
509,4.241667,0.211997,0.124882,-0.130824,0.100168,0.121531,-0.094043,0.098760,0.066584,-0.112475
510,4.250000,0.212046,0.124858,-0.130807,0.100248,0.121571,-0.093963,0.098770,0.066636,-0.112447
511,4.258333,0.212104,0.124818,-0.130762,0.100372,0.121622,-0.093844,0.098795,0.066701,-0.112374
512,4.266667,0.212188,0.124777,-0.130761,0.100516,0.121698,-0.093774,0.098832,0.066766,-0.112280
513,4.275000,0.212286,0.124747,-0.130791,0.100672,0.121800,-0.093719,0.098875,0.066865,-0.112199
514,4.283333,0.212385,0.124706,-0.130795,0.100828,0.121906,-0.093571,0.098924,0.066971,-0.112106
515,4.291667,0.212476,0.124691,-0.130842,0.100976,0.122003,-0.093392,0.098975,0.067088,-0.112029
516,4.300000,0.212574,0.124694,-0.130927,0.101112,0.122096,-0.093207,0.099027,0.067183,-0.111991
517,4.308333,0.212650,0.124688,-0.130959,0.101250,0.122175,-0.093063,0.099053,0.067250,-0.111932
518,4.316667,0.212699,0.124667,-0.130954,0.101346,0.122231,-0.092998,0.099082,0.067303,-0.111926
519,4.325000,0.212738,0.124658,-0.130999,0.101415,0.122269,-0.093010,0.099109,0.067331,-0.111937
520,4.333333,0.212766,0.124661,-0.131051,0.101464,0.122313,-0.093047,0.099132,0.067352,-0.111949
521,4.341667,0.212786,0.124693,-0.131152,0.101493,0.122364,-0.093087,0.099156,0.067374,-0.111946
522,4.350000,0.212795,0.124728,-0.131241,0.101519,0.122427,-0.093145,0.099175,0.067401,-0.111956
523,4.358333,0.212801,0.124760,-0.131350,0.101566,0.122507,-0.093179,0.099188,0.067414,-0.111945
524,4.366667,0.212796,0.124778,-0.131365,0.101624,0.122593,-0.093160,0.099196,0.067434,-0.111899
525,4.375000,0.212804,0.124792,-0.131424,0.101702,0.122683,-0.093135,0.099193,0.067464,-0.111855
526,4.383333,0.212825,0.124790,-0.131455,0.101782,0.122763,-0.093050,0.099188,0.067510,-0.111749
527,4.391667,0.212856,0.124786,-0.131478,0.101860,0.122808,-0.092906,0.099183,0.067561,-0.111646
528,4.400000,0.212903,0.124779,-0.131522,0.101963,0.122856,-0.092738,0.099197,0.067616,-0.111551
529,4.408333,0.212957,0.124772,-0.131565,0.102085,0.122941,-0.092566,0.099223,0.067695,-0.111406
530,4.416667,0.213020,0.124748,-0.131591,0.102241,0.123069,-0.092346,0.099255,0.067811,-0.111325
531,4.425000,0.213099,0.124727,-0.131642,0.102415,0.123265,-0.092263,0.099287,0.067960,-0.111216
532,4.433333,0.213202,0.124709,-0.131704,0.102610,0.123476,-0.092205,0.099319,0.068133,-0.111127
533,4.441667,0.213311,0.124692,-0.131748,0.102844,0.123713,-0.092073,0.099344,0.068307,-0.111008
534,4.450000,0.213417,0.124683,-0.131770,0.103079,0.123973,-0.091682,0.099372,0.068476,-0.110866
535,4.458333,0.213503,0.124673,-0.131709,0.103319,0.124257,-0.091452,0.099390,0.068637,-0.110670
536,4.466667,0.213570,0.124637,-0.131637,0.103548,0.124501,-0.091215,0.099393,0.068763,-0.110473
537,4.475000,0.213630,0.124579,-0.131521,0.103808,0.124744,-0.090975,0.099384,0.068895,-0.110271
538,4.483333,0.213692,0.124523,-0.131454,0.104079,0.125008,-0.090649,0.099391,0.069016,-0.110123
539,4.491667,0.213771,0.124480,-0.131446,0.104372,0.125371,-0.090451,0.099408,0.069146,-0.109968
540,4.500000,0.213860,0.124458,-0.131459,0.104803,0.125875,-0.090150,0.099453,0.069325,-0.109738
541,4.508333,0.213972,0.124472,-0.131559,0.105174,0.126294,-0.089902,0.099555,0.069587,-0.109459
542,4.516667,0.214100,0.124516,-0.131673,0.105524,0.126603,-0.089598,0.099682,0.069861,-0.109097
543,4.525000,0.214270,0.124566,-0.131785,0.105905,0.126805,-0.089240,0.099849,0.070109,-0.108682
544,4.533333,0.214494,0.124565,-0.131906,0.106305,0.126995,-0.089054,0.100020,0.070347,-0.108348
545,4.541667,0.214720,0.124486,-0.131842,0.106744,0.127166,-0.088595,0.100196,0.070589,-0.108019
546,4.550000,0.214965,0.124415,-0.131793,0.107198,0.127346,-0.088413,0.100400,0.070816,-0.107680
547,4.558333,0.215251,0.124396,-0.131942,0.107641,0.127513,-0.087982,0.100597,0.071065,-0.107224
548,4.566667,0.215544,0.124367,-0.132108,0.108082,0.127704,-0.087781,0.100755,0.071341,-0.106839
549,4.575000,0.215794,0.124295,-0.132063,0.108580,0.127910,-0.087366,0.100907,0.071622,-0.106476
550,4.583333,0.216018,0.124206,-0.132009,0.109075,0.128169,-0.087056,0.101087,0.071876,-0.106045
551,4.591667,0.216254,0.124131,-0.132126,0.109573,0.128425,-0.086699,0.101294,0.072098,-0.105656
552,4.600000,0.216445,0.124063,-0.132204,0.110001,0.128658,-0.086307,0.101437,0.072271,-0.105283
553,4.608333,0.216562,0.124004,-0.132189,0.110404,0.128834,-0.085853,0.101503,0.072430,-0.104925
554,4.616667,0.216627,0.123936,-0.132123,0.110667,0.128931,-0.085552,0.101536,0.072523,-0.104509
555,4.625000,0.216650,0.123881,-0.132031,0.110823,0.128924,-0.085254,0.101553,0.072565,-0.104155
556,4.633333,0.216647,0.123835,-0.131939,0.110894,0.128836,-0.084983,0.101555,0.072576,-0.103892
557,4.641667,0.216620,0.123803,-0.131877,0.110900,0.128709,-0.084760,0.101545,0.072554,-0.103737
558,4.650000,0.216547,0.123778,-0.131784,0.110850,0.128592,-0.084632,0.101537,0.072519,-0.103668
559,4.658333,0.216443,0.123789,-0.131736,0.110764,0.128492,-0.084592,0.101513,0.072465,-0.103695
560,4.666667,0.216333,0.123835,-0.131710,0.110649,0.128417,-0.084636,0.101485,0.072396,-0.103771
561,4.675000,0.216223,0.123898,-0.131718,0.110509,0.128364,-0.084663,0.101457,0.072319,-0.103923
562,4.683333,0.216121,0.123966,-0.131769,0.110383,0.128334,-0.084713,0.101426,0.072263,-0.104045
563,4.691667,0.215994,0.124040,-0.131774,0.110274,0.128355,-0.084870,0.101425,0.072214,-0.104236
564,4.700000,0.215926,0.124109,-0.131926,0.110192,0.128387,-0.085003,0.101430,0.072183,-0.104395
565,4.708333,0.215884,0.124172,-0.132032,0.110141,0.128453,-0.085166,0.101434,0.072179,-0.104552
566,4.716667,0.215863,0.124219,-0.132069,0.110115,0.128504,-0.085264,0.101432,0.072188,-0.104628
567,4.725000,0.215858,0.124241,-0.132103,0.110122,0.128539,-0.085279,0.101432,0.072205,-0.104670
568,4.733333,0.215853,0.124232,-0.132039,0.110157,0.128541,-0.085251,0.101446,0.072204,-0.104708
569,4.741667,0.215876,0.124214,-0.132027,0.110209,0.128519,-0.085201,0.101473,0.072195,-0.104732
570,4.750000,0.215912,0.124181,-0.132017,0.110268,0.128500,-0.085176,0.101513,0.072186,-0.104776
571,4.758333,0.215956,0.124153,-0.132007,0.110321,0.128487,-0.085171,0.101551,0.072173,-0.104830
572,4.766667,0.215984,0.124132,-0.132001,0.110338,0.128459,-0.085168,0.101591,0.072159,-0.104928
573,4.775000,0.215996,0.124120,-0.131968,0.110336,0.128444,-0.085217,0.101617,0.072131,-0.104991
574,4.783333,0.216001,0.124118,-0.131972,0.110334,0.128447,-0.085216,0.101618,0.072094,-0.105016
575,4.791667,0.215987,0.124108,-0.131963,0.110329,0.128465,-0.085242,0.101605,0.072052,-0.105035
576,4.800000,0.215974,0.124086,-0.131989,0.110333,0.128496,-0.085237,0.101591,0.072028,-0.105025
577,4.808333,0.215957,0.124057,-0.131971,0.110366,0.128552,-0.085227,0.101574,0.072011,-0.104959
578,4.816667,0.215943,0.124044,-0.131969,0.110409,0.128603,-0.085191,0.101555,0.072016,-0.104911
579,4.825000,0.215940,0.124040,-0.131960,0.110459,0.128656,-0.085173,0.101544,0.072037,-0.104831
580,4.833333,0.215950,0.124020,-0.131933,0.110539,0.128715,-0.085146,0.101553,0.072080,-0.104791
581,4.841667,0.215990,0.123988,-0.131913,0.110614,0.128745,-0.085112,0.101581,0.072126,-0.104756
582,4.850000,0.216061,0.123953,-0.131973,0.110679,0.128731,-0.085067,0.101631,0.072157,-0.104768
583,4.858333,0.216130,0.123925,-0.131986,0.110742,0.128718,-0.085011,0.101683,0.072185,-0.104738
584,4.866667,0.216194,0.123899,-0.132016,0.110819,0.128727,-0.084952,0.101728,0.072224,-0.104653
585,4.875000,0.216232,0.123875,-0.132009,0.110906,0.128760,-0.084818,0.101784,0.072282,-0.104567
586,4.883333,0.216264,0.123882,-0.132041,0.111007,0.128823,-0.084657,0.101838,0.072349,-0.104446
587,4.891667,0.216302,0.123895,-0.132086,0.111123,0.128893,-0.084488,0.101884,0.072439,-0.104301
588,4.900000,0.216351,0.123875,-0.132099,0.111265,0.128981,-0.084376,0.101938,0.072514,-0.104159
589,4.908333,0.216402,0.123840,-0.132123,0.111425,0.129074,-0.084282,0.101983,0.072587,-0.104039
590,4.916667,0.216458,0.123814,-0.132145,0.111585,0.129172,-0.084234,0.102021,0.072672,-0.103933
591,4.925000,0.216522,0.123787,-0.132177,0.111741,0.129253,-0.084119,0.102056,0.072753,-0.103864
592,4.933333,0.216578,0.123770,-0.132172,0.111864,0.129291,-0.083929,0.102090,0.072826,-0.103751
593,4.941667,0.216623,0.123763,-0.132162,0.111967,0.129309,-0.083767,0.102112,0.072891,-0.103647
594,4.950000,0.216677,0.123754,-0.132186,0.112058,0.129317,-0.083623,0.102144,0.072959,-0.103532
595,4.958333,0.216726,0.123730,-0.132194,0.112151,0.129326,-0.083507,0.102190,0.073023,-0.103406
596,4.966667,0.216786,0.123695,-0.132222,0.112248,0.129339,-0.083442,0.102256,0.073089,-0.103358
597,4.975000,0.216857,0.123664,-0.132246,0.112349,0.129365,-0.083388,0.102325,0.073156,-0.103349
598,4.983333,0.216927,0.123632,-0.132241,0.112450,0.129400,-0.083328,0.102390,0.073225,-0.103291
599,4.991667,0.216997,0.123610,-0.132224,0.112565,0.129463,-0.083292,0.102445,0.073295,-0.103257
600,5.000000,0.217062,0.123598,-0.132196,0.112667,0.129521,-0.083199,0.102497,0.073374,-0.103212
601,5.008333,0.217114,0.123575,-0.132184,0.112771,0.129568,-0.083131,0.102537,0.073437,-0.103163
602,5.016667,0.217157,0.123554,-0.132144,0.112862,0.129593,-0.083015,0.102574,0.073486,-0.103106
603,5.025000,0.217212,0.123533,-0.132144,0.112955,0.129610,-0.082950,0.102607,0.073514,-0.103091
604,5.033333,0.217243,0.123507,-0.132144,0.113030,0.129629,-0.082928,0.102644,0.073521,-0.103125
605,5.041667,0.217265,0.123494,-0.132110,0.113073,0.129648,-0.082947,0.102664,0.073524,-0.103189
606,5.050000,0.217275,0.123497,-0.132128,0.113081,0.129666,-0.082968,0.102667,0.073520,-0.103265
607,5.058333,0.217268,0.123514,-0.132159,0.113069,0.129691,-0.083043,0.102664,0.073497,-0.103365
608,5.066667,0.217245,0.123547,-0.132209,0.113033,0.129701,-0.083099,0.102655,0.073463,-0.103457
609,5.075000,0.217213,0.123570,-0.132250,0.112992,0.129707,-0.083208,0.102648,0.073417,-0.103539
610,5.083333,0.217176,0.123587,-0.132266,0.112941,0.129713,-0.083291,0.102645,0.073385,-0.103599
611,5.091667,0.217148,0.123596,-0.132298,0.112914,0.129729,-0.083391,0.102646,0.073364,-0.103634
612,5.100000,0.217128,0.123618,-0.132308,0.112926,0.129743,-0.083367,0.102662,0.073355,-0.103638
613,5.108333,0.217120,0.123628,-0.132299,0.112950,0.129752,-0.083338,0.102683,0.073352,-0.103633
614,5.116667,0.217130,0.123627,-0.132282,0.112973,0.129748,-0.083276,0.102684,0.073355,-0.103563
615,5.125000,0.217147,0.123578,-0.132221,0.113001,0.129725,-0.083219,0.102701,0.073352,-0.103568
616,5.133333,0.217183,0.123508,-0.132167,0.113045,0.129696,-0.083153,0.102728,0.073347,-0.103528
617,5.141667,0.217230,0.123467,-0.132139,0.113087,0.129651,-0.083050,0.102761,0.073351,-0.103467
618,5.150000,0.217246,0.123439,-0.132062,0.113112,0.129594,-0.082931,0.102795,0.073346,-0.103394
619,5.158333,0.217236,0.123410,-0.131969,0.113119,0.129520,-0.082784,0.102827,0.073328,-0.103328
620,5.166667,0.217219,0.123365,-0.131874,0.113098,0.129440,-0.082696,0.102855,0.073299,-0.103297
621,5.175000,0.217171,0.123336,-0.131775,0.113035,0.129349,-0.082582,0.102858,0.073251,-0.103282
622,5.183333,0.217097,0.123340,-0.131760,0.112937,0.129258,-0.082569,0.102822,0.073175,-0.103303
623,5.191667,0.216986,0.123367,-0.131741,0.112772,0.129160,-0.082561,0.102745,0.073072,-0.103311
624,5.200000,0.216859,0.123399,-0.131785,0.112527,0.129040,-0.082680,0.102637,0.072941,-0.103381
625,5.208333,0.216717,0.123451,-0.131828,0.112279,0.128928,-0.082835,0.102516,0.072816,-0.103527
626,5.216667,0.216539,0.123508,-0.131736,0.112042,0.128851,-0.083056,0.102395,0.072704,-0.103666
627,5.225000,0.216401,0.123584,-0.131734,0.111819,0.128799,-0.083307,0.102299,0.072611,-0.103834
628,5.233333,0.216299,0.123652,-0.131755,0.111648,0.128775,-0.083561,0.102248,0.072543,-0.103962
629,5.241667,0.216247,0.123703,-0.131805,0.111565,0.128785,-0.083738,0.102245,0.072505,-0.104090
630,5.250000,0.216239,0.123750,-0.131867,0.111563,0.128822,-0.083890,0.102267,0.072487,-0.104203
631,5.258333,0.216269,0.123793,-0.131975,0.111606,0.128862,-0.083983,0.102316,0.072493,-0.104339
632,5.266667,0.216328,0.123807,-0.132066,0.111684,0.128908,-0.084065,0.102377,0.072523,-0.104418
633,5.275000,0.216399,0.123815,-0.132149,0.111774,0.128966,-0.084077,0.102437,0.072567,-0.104517
634,5.283333,0.216452,0.123835,-0.132183,0.111870,0.129015,-0.084034,0.102486,0.072623,-0.104530
635,5.291667,0.216493,0.123857,-0.132200,0.111956,0.129050,-0.083944,0.102522,0.072673,-0.104508
636,5.300000,0.216527,0.123854,-0.132215,0.112017,0.129068,-0.083877,0.102543,0.072700,-0.104487
637,5.308333,0.216542,0.123843,-0.132206,0.112042,0.129073,-0.083867,0.102550,0.072711,-0.104484
638,5.316667,0.216544,0.123835,-0.132211,0.112037,0.129072,-0.083874,0.102543,0.072714,-0.104494
639,5.325000,0.216547,0.123841,-0.132235,0.112033,0.129084,-0.083910,0.102538,0.072720,-0.104507
640,5.333333,0.216525,0.123868,-0.132221,0.112035,0.129132,-0.083908,0.102535,0.072726,-0.104535
641,5.341667,0.216518,0.123893,-0.132238,0.112031,0.129187,-0.083954,0.102528,0.072740,-0.104534
642,5.350000,0.216515,0.123895,-0.132263,0.112009,0.129199,-0.084002,0.102526,0.072736,-0.104578
643,5.358333,0.216521,0.123881,-0.132273,0.111990,0.129190,-0.084049,0.102540,0.072716,-0.104600
644,5.366667,0.216530,0.123847,-0.132272,0.112002,0.129181,-0.084058,0.102562,0.072701,-0.104590
645,5.375000,0.216551,0.123815,-0.132293,0.112050,0.129170,-0.083974,0.102589,0.072686,-0.104554
646,5.383333,0.216572,0.123789,-0.132262,0.112108,0.129176,-0.083860,0.102616,0.072701,-0.104486
647,5.391667,0.216595,0.123793,-0.132241,0.112188,0.129209,-0.083763,0.102639,0.072738,-0.104387
648,5.400000,0.216626,0.123785,-0.132215,0.112259,0.129226,-0.083652,0.102671,0.072772,-0.104363
649,5.408333,0.216684,0.123762,-0.132229,0.112323,0.129236,-0.083595,0.102703,0.072794,-0.104263
650,5.416667,0.216729,0.123727,-0.132207,0.112385,0.129239,-0.083533,0.102733,0.072822,-0.104243
651,5.425000,0.216782,0.123697,-0.132262,0.112442,0.129239,-0.083514,0.102762,0.072840,-0.104225
652,5.433333,0.216813,0.123689,-0.132260,0.112483,0.129250,-0.083507,0.102782,0.072858,-0.104191
653,5.441667,0.216845,0.123695,-0.132280,0.112501,0.129272,-0.083517,0.102793,0.072893,-0.104205
654,5.450000,0.216863,0.123713,-0.132283,0.112522,0.129301,-0.083530,0.102802,0.072916,-0.104227
655,5.458333,0.216872,0.123724,-0.132304,0.112530,0.129323,-0.083604,0.102821,0.072924,-0.104279
656,5.466667,0.216884,0.123721,-0.132337,0.112518,0.129302,-0.083643,0.102829,0.072895,-0.104317
657,5.475000,0.216894,0.123706,-0.132362,0.112496,0.129275,-0.083690,0.102825,0.072862,-0.104388
658,5.483333,0.216882,0.123695,-0.132380,0.112479,0.129260,-0.083739,0.102818,0.072836,-0.104456
659,5.491667,0.216877,0.123695,-0.132391,0.112450,0.129250,-0.083763,0.102809,0.072812,-0.104516
660,5.500000,0.216865,0.123704,-0.132369,0.112424,0.129263,-0.083795,0.102791,0.072801,-0.104550
661,5.508333,0.216860,0.123714,-0.132371,0.112398,0.129278,-0.083802,0.102774,0.072806,-0.104578
662,5.516667,0.216858,0.123709,-0.132348,0.112382,0.129290,-0.083833,0.102773,0.072804,-0.104616
663,5.525000,0.216872,0.123663,-0.132316,0.112394,0.129277,-0.083837,0.102781,0.072790,-0.104652
664,5.533333,0.216899,0.123629,-0.132321,0.112431,0.129245,-0.083812,0.102800,0.072777,-0.104644
665,5.541667,0.216909,0.123616,-0.132283,0.112465,0.129196,-0.083727,0.102819,0.072759,-0.104610
666,5.550000,0.216914,0.123598,-0.132238,0.112490,0.129161,-0.083667,0.102829,0.072754,-0.104552
667,5.558333,0.216914,0.123582,-0.132195,0.112496,0.129121,-0.083564,0.102827,0.072748,-0.104517
668,5.566667,0.216901,0.123571,-0.132119,0.112481,0.129088,-0.083495,0.102817,0.072736,-0.104484
669,5.575000,0.216889,0.123556,-0.132095,0.112461,0.129043,-0.083444,0.102795,0.072700,-0.104476
670,5.583333,0.216855,0.123528,-0.132051,0.112434,0.128995,-0.083423,0.102767,0.072654,-0.104501
671,5.591667,0.216819,0.123510,-0.132033,0.112397,0.128965,-0.083423,0.102735,0.072604,-0.104527
672,5.600000,0.216776,0.123516,-0.132020,0.112335,0.128936,-0.083437,0.102705,0.072559,-0.104599
673,5.608333,0.216742,0.123539,-0.131997,0.112272,0.128932,-0.083499,0.102672,0.072533,-0.104654
674,5.616667,0.216726,0.123565,-0.131995,0.112224,0.128955,-0.083566,0.102663,0.072537,-0.104720
675,5.625000,0.216731,0.123585,-0.132008,0.112215,0.129000,-0.083638,0.102676,0.072559,-0.104794
676,5.633333,0.216754,0.123599,-0.132043,0.112234,0.129039,-0.083676,0.102699,0.072573,-0.104849
677,5.641667,0.216795,0.123589,-0.132081,0.112275,0.129065,-0.083735,0.102727,0.072590,-0.104914
678,5.650000,0.216838,0.123561,-0.132089,0.112315,0.129083,-0.083804,0.102759,0.072603,-0.104917
679,5.658333,0.216887,0.123536,-0.132118,0.112359,0.129103,-0.083804,0.102793,0.072624,-0.104935
680,5.666667,0.216913,0.123533,-0.132067,0.112393,0.129138,-0.083786,0.102812,0.072662,-0.104906
681,5.675000,0.216936,0.123537,-0.132051,0.112408,0.129165,-0.083752,0.102821,0.072692,-0.104862
682,5.683333,0.216935,0.123524,-0.131985,0.112419,0.129176,-0.083695,0.102826,0.072706,-0.104802
683,5.691667,0.216928,0.123496,-0.131940,0.112414,0.129164,-0.083622,0.102816,0.072706,-0.104756
684,5.700000,0.216912,0.123474,-0.131925,0.112398,0.129143,-0.083569,0.102801,0.072694,-0.104714
685,5.708333,0.216895,0.123453,-0.131920,0.112375,0.129120,-0.083520,0.102783,0.072680,-0.104678
686,5.716667,0.216868,0.123439,-0.131896,0.112355,0.129117,-0.083475,0.102757,0.072666,-0.104665
687,5.725000,0.216847,0.123448,-0.131914,0.112332,0.129110,-0.083450,0.102734,0.072661,-0.104637
688,5.733333,0.216814,0.123457,-0.131905,0.112297,0.129108,-0.083484,0.102711,0.072652,-0.104655
689,5.741667,0.216789,0.123450,-0.131894,0.112248,0.129078,-0.083472,0.102688,0.072638,-0.104631
