Format Version,1.23,Take Name,bryan correct hand,Take Notes,,Capture Frame Rate,120.000000,Export Frame Rate,120.000000,Capture Start Time,2024-03-05 11.09.38.888 AM,Capture Start Frame,320127,Total Frames in Take,866,Total Exported Frames,866,Rotation Type,Quaternion,Length Units,Meters,Coordinate Space,Global

,Type,Marker,Marker,Marker,Marker,Marker,Marker,Marker,Marker,Marker
,Name,Unlabeled 1111,Unlabeled 1111,Unlabeled 1111,Unlabeled 1112,Unlabeled 1112,Unlabeled 1112,Unlabeled 1113,Unlabeled 1113,Unlabeled 1113
,ID,"FB530","FB530","FB530","FB5A0","FB5A0","FB5A0","FB5F0","FB5F0","FB5F0"
,,Position,Position,Position,Position,Position,Position,Position,Position,Position
Frame,Time (Seconds),X,Y,Z,X,Y,Z,X,Y,Z
0,0.000000,0.093061,0.092417,-0.076937,-0.005113,0.123165,-0.107228,0.111741,0.057672,-0.113161
1,0.008333,0.093108,0.092419,-0.077002,-0.005063,0.123192,-0.107217,0.111757,0.057650,-0.113214
2,0.016667,0.093151,0.092417,-0.077079,-0.005017,0.123204,-0.107221,0.111772,0.057625,-0.113261
3,0.025000,0.093195,0.092406,-0.077141,-0.004992,0.123205,-0.107248,0.111780,0.057585,-0.113309
4,0.033333,0.093227,0.092386,-0.077179,-0.004975,0.123205,-0.107285,0.111785,0.057550,-0.113370
5,0.041667,0.093256,0.092398,-0.077262,-0.004972,0.123214,-0.107319,0.111793,0.057538,-0.113406
6,0.050000,0.093290,0.092418,-0.077322,-0.004972,0.123221,-0.107329,0.111812,0.057552,-0.113431
7,0.058333,0.093343,0.092440,-0.077430,-0.004967,0.123235,-0.107339,0.111822,0.057558,-0.113469
8,0.066667,0.093356,0.092458,-0.077484,-0.004960,0.123234,-0.107338,0.111835,0.057567,-0.113525
9,0.075000,0.093360,0.092453,-0.077492,-0.004957,0.123234,-0.107376,0.111846,0.057556,-0.113526
10,0.083333,0.093371,0.092449,-0.077518,-0.004944,0.123230,-0.107382,0.111856,0.057530,-0.113574
11,0.091667,0.093382,0.092446,-0.077547,-0.004921,0.123224,-0.107358,0.111862,0.057509,-0.113614
12,0.100000,0.093369,0.092440,-0.077560,-0.004920,0.123227,-0.107433,0.111861,0.057497,-0.113631
13,0.108333,0.093332,0.092436,-0.077520,-0.004913,0.123228,-0.107418,0.111851,0.057474,-0.113600
14,0.116667,0.093303,0.092420,-0.077507,-0.004910,0.123238,-0.107434,0.111833,0.057438,-0.113592
15,0.125000,0.093289,0.092399,-0.077480,-0.004908,0.123239,-0.107460,0.111823,0.057392,-0.113570
16,0.133333,0.093300,0.092392,-0.077532,-0.004909,0.123228,-0.107477,0.111821,0.057379,-0.113556
17,0.141667,0.093336,0.092418,-0.077609,-0.004915,0.123221,-0.107486,0.111837,0.057404,-0.113572
18,0.150000,0.093391,0.092445,-0.077684,-0.004931,0.123219,-0.107497,0.111862,0.057460,-0.113659
19,0.158333,0.093440,0.092486,-0.077759,-0.004938,0.123220,-0.107459,0.111882,0.057507,-0.113724
20,0.166667,0.093474,0.092530,-0.077787,-0.004947,0.123220,-0.107431,0.111897,0.057572,-0.113769
21,0.175000,0.093515,0.092571,-0.077851,-0.004956,0.123221,-0.107414,0.111912,0.057620,-0.113796
22,0.183333,0.093560,0.092596,-0.077900,-0.004956,0.123222,-0.107383,0.111922,0.057655,-0.113836
23,0.191667,0.093570,0.092593,-0.077926,-0.004956,0.123211,-0.107352,0.111922,0.057664,-0.113895
24,0.200000,0.093570,0.092585,-0.077933,-0.004952,0.123192,-0.107318,0.111915,0.057649,-0.113940
25,0.208333,0.093564,0.092580,-0.077950,-0.004952,0.123178,-0.107309,0.111903,0.057641,-0.113957
26,0.216667,0.093562,0.092590,-0.077969,-0.004969,0.123164,-0.107317,0.111894,0.057644,-0.114009
27,0.225000,0.093581,0.092602,-0.078019,-0.004977,0.123162,-0.107295,0.111887,0.057641,-0.114102
28,0.233333,0.093619,0.092612,-0.078104,-0.004973,0.123167,-0.107288,0.111890,0.057644,-0.114179
29,0.241667,0.093684,0.092611,-0.078204,-0.004955,0.123173,-0.107297,0.111891,0.057635,-0.114317
30,0.250000,0.093777,0.092607,-0.078337,-0.004908,0.123181,-0.107280,0.111909,0.057612,-0.114441
31,0.258333,0.093896,0.092610,-0.078549,-0.004844,0.123207,-0.107301,0.111939,0.057597,-0.114634
32,0.266667,0.094018,0.092634,-0.078732,-0.004772,0.123238,-0.107354,0.111980,0.057600,-0.114808
33,0.275000,0.094163,0.092700,-0.078952,-0.004688,0.123264,-0.107343,0.112026,0.057644,-0.115028
34,0.283333,0.094311,0.092785,-0.079233,-0.004629,0.123286,-0.107380,0.112080,0.057732,-0.115196
35,0.291667,0.094446,0.092876,-0.079453,-0.004588,0.123325,-0.107509,0.112125,0.057814,-0.115368
36,0.300000,0.094553,0.092936,-0.079630,-0.004536,0.123353,-0.107546,0.112172,0.057880,-0.115588
37,0.308333,0.094604,0.092971,-0.079732,-0.004491,0.123382,-0.107606,0.112206,0.057923,-0.115707
38,0.316667,0.094626,0.093008,-0.079796,-0.004473,0.123395,-0.107659,0.112235,0.057953,-0.115836
39,0.325000,0.094641,0.093053,-0.079856,-0.004461,0.123404,-0.107636,0.112253,0.058026,-0.115905
40,0.333333,0.094663,0.093086,-0.079916,-0.004461,0.123411,-0.107635,0.112266,0.058067,-0.116029
41,0.341667,0.094707,0.093129,-0.079999,-0.004462,0.123420,-0.107642,0.112284,0.058112,-0.116157
42,0.350000,0.094788,0.093177,-0.080092,-0.004451,0.123412,-0.107614,0.112308,0.058179,-0.116287
43,0.358333,0.094881,0.093205,-0.080191,-0.004427,0.123418,-0.107608,0.112344,0.058209,-0.116539
44,0.366667,0.095008,0.093244,-0.080395,-0.004382,0.123433,-0.107578,0.112379,0.058226,-0.116724
45,0.375000,0.095105,0.093266,-0.080539,-0.004338,0.123446,-0.107587,0.112422,0.058249,-0.116938
46,0.383333,0.095183,0.093292,-0.080679,-0.004293,0.123452,-0.107565,0.112459,0.058257,-0.117112
47,0.391667,0.095240,0.093308,-0.080756,-0.004248,0.123456,-0.107564,0.112486,0.058251,-0.117231
48,0.400000,0.095274,0.093320,-0.080840,-0.004211,0.123453,-0.107613,0.112501,0.058237,-0.117344
49,0.408333,0.095279,0.093339,-0.080873,-0.004193,0.123446,-0.107633,0.112501,0.058231,-0.117386
50,0.416667,0.095259,0.093354,-0.080880,-0.004188,0.123439,-0.107657,0.112492,0.058219,-0.117420
51,0.425000,0.095239,0.093372,-0.080889,-0.004184,0.123436,-0.107689,0.112487,0.058199,-0.117457
52,0.433333,0.095246,0.093381,-0.080940,-0.004169,0.123430,-0.107712,0.112483,0.058175,-0.117464
53,0.441667,0.095275,0.093385,-0.081004,-0.004139,0.123439,-0.107742,0.112493,0.058133,-0.117520
54,0.450000,0.095339,0.093384,-0.081138,-0.004080,0.123455,-0.107778,0.112513,0.058084,-0.117613
55,0.458333,0.095414,0.093385,-0.081260,-0.003998,0.123472,-0.107848,0.112546,0.058023,-0.117708
56,0.466667,0.095492,0.093390,-0.081388,-0.003918,0.123492,-0.107891,0.112587,0.057984,-0.117835
57,0.475000,0.095550,0.093417,-0.081463,-0.003841,0.123515,-0.107979,0.112606,0.058023,-0.117894
58,0.483333,0.095539,0.093465,-0.081503,-0.003814,0.123527,-0.108059,0.112628,0.058067,-0.117972
59,0.491667,0.095505,0.093488,-0.081489,-0.003839,0.123526,-0.108135,0.112617,0.058069,-0.117938
60,0.500000,0.095464,0.093524,-0.081477,-0.003867,0.123530,-0.108191,0.112612,0.058085,-0.117932
61,0.508333,0.095446,0.093570,-0.081532,-0.003894,0.123536,-0.108233,0.112610,0.058117,-0.117955
62,0.516667,0.095454,0.093598,-0.081574,-0.003918,0.123523,-0.108248,0.112612,0.058132,-0.117962
63,0.525000,0.095489,0.093629,-0.081658,-0.003907,0.123522,-0.108269,0.112626,0.058153,-0.118017
64,0.533333,0.095553,0.093653,-0.081777,-0.003893,0.123540,-0.108270,0.112654,0.058196,-0.118105
65,0.541667,0.095639,0.093695,-0.081909,-0.003866,0.123561,-0.108264,0.112691,0.058243,-0.118178
66,0.550000,0.095726,0.093745,-0.082089,-0.003830,0.123591,-0.108232,0.112725,0.058309,-0.118295
67,0.558333,0.095801,0.093798,-0.082245,-0.003793,0.123606,-0.108187,0.112758,0.058390,-0.118458
68,0.566667,0.095858,0.093828,-0.082320,-0.003773,0.123617,-0.108173,0.112777,0.058439,-0.118554
69,0.575000,0.095855,0.093839,-0.082355,-0.003760,0.123632,-0.108147,0.112779,0.058442,-0.118573
70,0.583333,0.095829,0.093833,-0.082347,-0.003784,0.123623,-0.108122,0.112758,0.058440,-0.118606
71,0.591667,0.095812,0.093805,-0.082389,-0.003834,0.123608,-0.108130,0.112730,0.058445,-0.118637
72,0.600000,0.095811,0.093789,-0.082429,-0.003838,0.123626,-0.108136,0.112701,0.058432,-0.118661
73,0.608333,0.095810,0.093779,-0.082455,-0.003812,0.123650,-0.108130,0.112679,0.058421,-0.118717
74,0.616667,0.095824,0.093765,-0.082458,-0.003786,0.123665,-0.108155,0.112671,0.058419,-0.118722
75,0.625000,0.095842,0.093755,-0.082511,-0.003741,0.123695,-0.108260,0.112665,0.058409,-0.118726
76,0.633333,0.095873,0.093735,-0.082545,-0.003706,0.123716,-0.108280,0.112664,0.058404,-0.118791
77,0.641667,0.095911,0.093740,-0.082616,-0.003670,0.123732,-0.108335,0.112664,0.058408,-0.118803
78,0.650000,0.095962,0.093758,-0.082702,-0.003639,0.123740,-0.108362,0.112664,0.058431,-0.118829
79,0.658333,0.095989,0.093779,-0.082760,-0.003621,0.123765,-0.108440,0.112659,0.058447,-0.118854
80,0.666667,0.095996,0.093797,-0.082801,-0.003622,0.123786,-0.108526,0.112649,0.058463,-0.118856
81,0.675000,0.095982,0.093802,-0.082806,-0.003630,0.123807,-0.108602,0.112639,0.058473,-0.118873
82,0.683333,0.095964,0.093798,-0.082821,-0.003623,0.123814,-0.108629,0.112627,0.058471,-0.118895
83,0.691667,0.095948,0.093766,-0.082855,-0.003612,0.123825,-0.108677,0.112619,0.058466,-0.118897
84,0.700000,0.095947,0.093724,-0.082840,-0.003570,0.123826,-0.108636,0.112605,0.058450,-0.118911
85,0.708333,0.095956,0.093687,-0.082860,-0.003537,0.123847,-0.108667,0.112562,0.058446,-0.118932
86,0.716667,0.095971,0.093621,-0.082844,-0.003505,0.123860,-0.108653,0.112497,0.058445,-0.118960
87,0.725000,0.095974,0.093556,-0.082798,-0.003479,0.123868,-0.108651,0.112442,0.058445,-0.119020
88,0.733333,0.095951,0.093481,-0.082742,-0.003473,0.123867,-0.108654,0.112301,0.058422,-0.119105
89,0.741667,0.095936,0.093388,-0.082741,-0.003497,0.123850,-0.108684,0.112178,0.058402,-0.119110
90,0.750000,0.095866,0.093323,-0.082691,-0.003534,0.123829,-0.108726,0.112036,0.058357,-0.119093
91,0.758333,0.095779,0.093259,-0.082572,-0.003622,0.123805,-0.108839,0.111914,0.058313,-0.119009
92,0.766667,0.095683,0.093205,-0.082430,-0.003702,0.123792,-0.108884,0.111794,0.058291,-0.118943
93,0.775000,0.095607,0.093144,-0.082325,-0.003750,0.123788,-0.108871,0.111661,0.058274,-0.119058
94,0.783333,0.095539,0.093093,-0.082286,-0.003770,0.123788,-0.108839,0.111550,0.058257,-0.119116
95,0.791667,0.095476,0.093039,-0.082225,-0.003787,0.123784,-0.108854,0.111445,0.058244,-0.119084
96,0.800000,0.095429,0.092948,-0.082204,-0.003802,0.123787,-0.108864,0.111299,0.058207,-0.119060
97,0.808333,0.095368,0.092832,-0.082117,-0.003798,0.123806,-0.108909,0.111142,0.058141,-0.119037
98,0.816667,0.095271,0.092707,-0.081989,-0.003806,0.123811,-0.108973,0.111010,0.058066,-0.118946
99,0.825000,0.095166,0.092604,-0.081954,-0.003818,0.123802,-0.109054,0.110869,0.057992,-0.118706
100,0.833333,0.095066,0.092508,-0.081945,-0.003831,0.123811,-0.109155,0.110772,0.057920,-0.118574
101,0.841667,0.094978,0.092432,-0.081949,-0.003862,0.123821,-0.109349,0.110594,0.057848,-0.118417
102,0.850000,0.094783,0.092342,-0.081691,-0.003909,0.123810,-0.109535,0.110370,0.057686,-0.118129
103,0.858333,0.094561,0.092242,-0.081436,-0.004026,0.123784,-0.109770,0.110159,0.057548,-0.117925
104,0.866667,0.094375,0.092199,-0.081337,-0.004200,0.123747,-0.109970,0.109983,0.057468,-0.117629
105,0.875000,0.094163,0.092151,-0.081201,-0.004323,0.123723,-0.110082,0.109827,0.057376,-0.117415
106,0.883333,0.094006,0.092092,-0.081176,-0.004407,0.123701,-0.110213,0.109706,0.057297,-0.117215
107,0.891667,0.093812,0.092045,-0.080962,-0.004478,0.123682,-0.110301,0.109612,0.057210,-0.117031
108,0.900000,0.093681,0.091997,-0.080803,-0.004531,0.123683,-0.110386,0.109497,0.057145,-0.116783
109,0.908333,0.093578,0.091944,-0.080681,-0.004569,0.123685,-0.110458,0.109399,0.057067,-0.116627
110,0.916667,0.093434,0.091904,-0.080517,-0.004580,0.123687,-0.110529,0.109309,0.056968,-0.116391
111,0.925000,0.093311,0.091876,-0.080376,-0.004626,0.123667,-0.110626,0.109216,0.056891,-0.116050
112,0.933333,0.093142,0.091866,-0.080145,-0.004671,0.123646,-0.110665,0.109157,0.056793,-0.115782
113,0.941667,0.092948,0.091854,-0.079907,-0.004713,0.123628,-0.110718,0.109124,0.056694,-0.115519
114,0.950000,0.092757,0.091867,-0.079761,-0.004785,0.123606,-0.110718,0.109083,0.056600,-0.115263
115,0.958333,0.092590,0.091868,-0.079704,-0.004870,0.123581,-0.110802,0.109040,0.056535,-0.115046
116,0.966667,0.092469,0.091875,-0.079602,-0.004917,0.123561,-0.110775,0.108996,0.056466,-0.114882
117,0.975000,0.092369,0.091893,-0.079503,-0.004948,0.123549,-0.110767,0.108965,0.056400,-0.114742
118,0.983333,0.092317,0.091923,-0.079522,-0.005013,0.123524,-0.110753,0.108975,0.056366,-0.114654
119,0.991667,0.092294,0.091943,-0.079561,-0.005076,0.123505,-0.110720,0.108979,0.056366,-0.114652
120,1.000000,0.092316,0.091965,-0.079643,-0.005095,0.123518,-0.110680,0.108983,0.056392,-0.114662
121,1.008333,0.092308,0.091987,-0.079678,-0.005079,0.123539,-0.110634,0.108985,0.056393,-0.114669
122,1.016667,0.092306,0.092001,-0.079697,-0.005079,0.123550,-0.110645,0.108984,0.056386,-0.114662
123,1.025000,0.092309,0.092019,-0.079739,-0.005075,0.123565,-0.110654,0.108984,0.056396,-0.114683
124,1.033333,0.092318,0.092043,-0.079794,-0.005071,0.123578,-0.110696,0.108983,0.056399,-0.114685
125,1.041667,0.092338,0.092071,-0.079848,-0.005068,0.123587,-0.110737,0.108984,0.056420,-0.114688
126,1.050000,0.092361,0.092121,-0.079955,-0.005083,0.123596,-0.110827,0.108976,0.056451,-0.114664
127,1.058333,0.092382,0.092173,-0.080039,-0.005099,0.123600,-0.110879,0.108975,0.056489,-0.114662
128,1.066667,0.092380,0.092235,-0.080115,-0.005124,0.123616,-0.110963,0.108972,0.056526,-0.114675
129,1.075000,0.092375,0.092313,-0.080210,-0.005157,0.123637,-0.110984,0.108970,0.056573,-0.114678
130,1.083333,0.092372,0.092390,-0.080276,-0.005206,0.123653,-0.111048,0.108978,0.056620,-0.114713
131,1.091667,0.092367,0.092490,-0.080363,-0.005267,0.123650,-0.111082,0.108996,0.056675,-0.114720
132,1.100000,0.092365,0.092593,-0.080428,-0.005337,0.123653,-0.111136,0.109009,0.056730,-0.114727
133,1.108333,0.092343,0.092683,-0.080472,-0.005391,0.123649,-0.111208,0.109009,0.056776,-0.114763
134,1.116667,0.092276,0.092771,-0.080459,-0.005439,0.123644,-0.111268,0.109004,0.056808,-0.114742
135,1.125000,0.092194,0.092865,-0.080452,-0.005507,0.123609,-0.111345,0.108995,0.056857,-0.114762
136,1.133333,0.092135,0.092947,-0.080452,-0.005593,0.123574,-0.111520,0.108991,0.056888,-0.114793
137,1.141667,0.092081,0.093051,-0.080477,-0.005638,0.123568,-0.111653,0.108990,0.056924,-0.114795
138,1.150000,0.092059,0.093166,-0.080541,-0.005684,0.123547,-0.111784,0.108989,0.056995,-0.114816
139,1.158333,0.092042,0.093290,-0.080616,-0.005733,0.123528,-0.111926,0.109001,0.057067,-0.114860
140,1.166667,0.092000,0.093446,-0.080634,-0.005777,0.123544,-0.112017,0.109016,0.057163,-0.114886
141,1.175000,0.091936,0.093610,-0.080664,-0.005846,0.123538,-0.112112,0.109035,0.057277,-0.114912
142,1.183333,0.091878,0.093816,-0.080784,-0.005923,0.123518,-0.112156,0.109129,0.057390,-0.115024
143,1.191667,0.091954,0.094011,-0.080993,-0.005956,0.123537,-0.112289,0.109225,0.057559,-0.115277
144,1.200000,0.092012,0.094223,-0.081069,-0.005906,0.123586,-0.112482,0.109344,0.057741,-0.115418
145,1.208333,0.091999,0.094495,-0.081040,-0.005888,0.123607,-0.112637,0.109461,0.058073,-0.115411
146,1.216667,0.091946,0.094787,-0.081003,-0.005964,0.123593,-0.112856,0.109567,0.058437,-0.115352
147,1.225000,0.091849,0.095070,-0.080983,-0.006046,0.123600,-0.113023,0.109621,0.058753,-0.115256
148,1.233333,0.091728,0.095323,-0.080970,-0.006143,0.123609,-0.113188,0.109673,0.059079,-0.115265
149,1.241667,0.091622,0.095548,-0.080931,-0.006276,0.123586,-0.113311,0.109683,0.059366,-0.115303
150,1.250000,0.091532,0.095728,-0.080976,-0.006378,0.123582,-0.113461,0.109673,0.059537,-0.115335
151,1.258333,0.091487,0.095900,-0.081096,-0.006466,0.123596,-0.113608,0.109659,0.059684,-0.115458
152,1.266667,0.091495,0.096052,-0.081346,-0.006538,0.123615,-0.113755,0.109658,0.059840,-0.115673
153,1.275000,0.091570,0.096206,-0.081728,-0.006586,0.123649,-0.113865,0.109681,0.059988,-0.115959
154,1.283333,0.091686,0.096356,-0.082073,-0.006594,0.123702,-0.113960,0.109718,0.060148,-0.116275
155,1.291667,0.091847,0.096525,-0.082378,-0.006574,0.123746,-0.114030,0.109789,0.060369,-0.116630
156,1.300000,0.092036,0.096690,-0.082694,-0.006548,0.123782,-0.114057,0.109868,0.060571,-0.117039
157,1.308333,0.092209,0.096790,-0.082950,-0.006492,0.123827,-0.114027,0.109949,0.060718,-0.117505
158,1.316667,0.092360,0.096855,-0.083220,-0.006449,0.123873,-0.114004,0.109987,0.060800,-0.117883
159,1.325000,0.092456,0.096875,-0.083444,-0.006418,0.123880,-0.114001,0.109990,0.060835,-0.118189
160,1.333333,0.092521,0.096871,-0.083595,-0.006414,0.123874,-0.113969,0.109955,0.060840,-0.118462
161,1.341667,0.092584,0.096870,-0.083747,-0.006425,0.123883,-0.113886,0.109929,0.060827,-0.118686
162,1.350000,0.092648,0.096890,-0.083871,-0.006431,0.123879,-0.113855,0.109921,0.060842,-0.118838
163,1.358333,0.092738,0.096912,-0.084051,-0.006430,0.123856,-0.113813,0.109929,0.060874,-0.118999
164,1.366667,0.092846,0.096923,-0.084206,-0.006392,0.123830,-0.113697,0.109961,0.060873,-0.119189
165,1.375000,0.092975,0.096907,-0.084351,-0.006325,0.123844,-0.113716,0.110000,0.060830,-0.119351
166,1.383333,0.093117,0.096892,-0.084589,-0.006200,0.123870,-0.113606,0.110056,0.060739,-0.119503
167,1.391667,0.093258,0.096854,-0.084769,-0.006073,0.123897,-0.113529,0.110119,0.060621,-0.119648
168,1.400000,0.093381,0.096778,-0.084875,-0.005962,0.123926,-0.113531,0.110155,0.060491,-0.119799
169,1.408333,0.093496,0.096662,-0.084929,-0.005821,0.123958,-0.113553,0.110167,0.060285,-0.119881
170,1.416667,0.093618,0.096521,-0.085017,-0.005663,0.123977,-0.113583,0.110169,0.060012,-0.119964
171,1.425000,0.093779,0.096360,-0.085074,-0.005477,0.124000,-0.113645,0.110188,0.059734,-0.119950
172,1.433333,0.093986,0.096289,-0.085209,-0.005229,0.124067,-0.113864,0.110180,0.059624,-0.119969
173,1.441667,0.094110,0.096286,-0.085293,-0.005007,0.124146,-0.113955,0.110189,0.059656,-0.119983
174,1.450000,0.094214,0.096325,-0.085449,-0.004866,0.124210,-0.114131,0.110200,0.059642,-0.120001
175,1.458333,0.094242,0.096388,-0.085490,-0.004737,0.124269,-0.114346,0.110203,0.059631,-0.119988
176,1.466667,0.094215,0.096441,-0.085484,-0.004663,0.124318,-0.114565,0.110196,0.059645,-0.119974
177,1.475000,0.094149,0.096485,-0.085493,-0.004646,0.124340,-0.114807,0.110173,0.059604,-0.119895
178,1.483333,0.094008,0.096507,-0.085331,-0.004645,0.124367,-0.115048,0.110123,0.059515,-0.119681
179,1.491667,0.093832,0.096509,-0.085155,-0.004673,0.124377,-0.115215,0.110058,0.059422,-0.119482
180,1.500000,0.093678,0.096534,-0.085122,-0.004745,0.124378,-0.115377,0.109992,0.059381,-0.119336
181,1.508333,0.093587,0.096578,-0.085156,-0.004827,0.124396,-0.115493,0.109971,0.059397,-0.119338
182,1.516667,0.093584,0.096604,-0.085226,-0.004851,0.124421,-0.115521,0.109961,0.059414,-0.119326
183,1.525000,0.093585,0.096621,-0.085235,-0.004800,0.124448,-0.115517,0.109951,0.059398,-0.119339
184,1.533333,0.093585,0.096625,-0.085233,-0.004754,0.124472,-0.115502,0.109951,0.059396,-0.119323
185,1.541667,0.093587,0.096626,-0.085215,-0.004731,0.124498,-0.115513,0.109949,0.059386,-0.119353
186,1.550000,0.093589,0.096624,-0.085221,-0.004689,0.124530,-0.115532,0.109947,0.059376,-0.119354
187,1.558333,0.093579,0.096652,-0.085259,-0.004659,0.124570,-0.115619,0.109940,0.059379,-0.119344
188,1.566667,0.093539,0.096687,-0.085317,-0.004679,0.124608,-0.115704,0.109927,0.059386,-0.119337
189,1.575000,0.093463,0.096724,-0.085357,-0.004706,0.124622,-0.115800,0.109880,0.059378,-0.119316
190,1.583333,0.093347,0.096741,-0.085362,-0.004759,0.124621,-0.115903,0.109729,0.059346,-0.119104
191,1.591667,0.093153,0.096746,-0.085237,-0.004853,0.124611,-0.115973,0.109600,0.059268,-0.118947
192,1.600000,0.092959,0.096731,-0.085062,-0.005014,0.124587,-0.116090,0.109491,0.059206,-0.118872
193,1.608333,0.092832,0.096719,-0.085011,-0.005187,0.124544,-0.116166,0.109400,0.059214,-0.118799
194,1.616667,0.092773,0.096720,-0.085036,-0.005268,0.124535,-0.116187,0.109343,0.059211,-0.118774
195,1.625000,0.092794,0.096717,-0.085127,-0.005270,0.124554,-0.116182,0.109330,0.059216,-0.118771
196,1.633333,0.092851,0.096701,-0.085182,-0.005240,0.124589,-0.116181,0.109326,0.059238,-0.118788
197,1.641667,0.092878,0.096687,-0.085192,-0.005192,0.124636,-0.116197,0.109320,0.059225,-0.118782
198,1.650000,0.092894,0.096661,-0.085222,-0.005155,0.124675,-0.116209,0.109306,0.059214,-0.118799
199,1.658333,0.092879,0.096619,-0.085216,-0.005165,0.124682,-0.116218,0.109252,0.059217,-0.118835
200,1.666667,0.092847,0.096549,-0.085189,-0.005196,0.124676,-0.116230,0.109135,0.059206,-0.118960
201,1.675000,0.092811,0.096453,-0.085169,-0.005224,0.124684,-0.116224,0.109041,0.059194,-0.118971
202,1.683333,0.092762,0.096393,-0.085088,-0.005237,0.124690,-0.116212,0.108966,0.059146,-0.119029
203,1.691667,0.092769,0.096284,-0.085076,-0.005220,0.124708,-0.116216,0.108739,0.059109,-0.118971
204,1.700000,0.092794,0.096126,-0.085003,-0.005149,0.124750,-0.116230,0.108607,0.059022,-0.118981
205,1.708333,0.092851,0.095984,-0.084995,-0.005064,0.124768,-0.116189,0.108551,0.058929,-0.118973
206,1.716667,0.092921,0.095871,-0.084968,-0.004974,0.124777,-0.116187,0.108496,0.058876,-0.118979
207,1.725000,0.092980,0.095761,-0.084934,-0.004837,0.124838,-0.116233,0.108414,0.058815,-0.118982
208,1.733333,0.093023,0.095677,-0.084925,-0.004752,0.124891,-0.116263,0.108368,0.058747,-0.118974
209,1.741667,0.093059,0.095602,-0.084941,-0.004731,0.124908,-0.116311,0.108313,0.058704,-0.118977
210,1.750000,0.093051,0.095523,-0.084904,-0.004718,0.124917,-0.116325,0.108198,0.058645,-0.118953
211,1.758333,0.092981,0.095416,-0.084816,-0.004745,0.124907,-0.116376,0.108040,0.058540,-0.118844
212,1.766667,0.092871,0.095313,-0.084713,-0.004826,0.124871,-0.116389,0.107894,0.058428,-0.118764
213,1.775000,0.092764,0.095202,-0.084664,-0.004925,0.124814,-0.116355,0.107680,0.058318,-0.118597
214,1.783333,0.092596,0.095131,-0.084608,-0.004988,0.124814,-0.116401,0.107546,0.058191,-0.118487
215,1.791667,0.092469,0.095073,-0.084598,-0.005048,0.124815,-0.116464,0.107388,0.058116,-0.118322
216,1.800000,0.092307,0.095002,-0.084432,-0.005103,0.124816,-0.116580,0.107209,0.057977,-0.118052
217,1.808333,0.092138,0.094935,-0.084250,-0.005146,0.124813,-0.116665,0.107091,0.057823,-0.117845
218,1.816667,0.092008,0.094913,-0.084156,-0.005235,0.124787,-0.116740,0.106979,0.057732,-0.117688
219,1.825000,0.091891,0.094912,-0.084091,-0.005324,0.124769,-0.116891,0.106910,0.057683,-0.117651
220,1.833333,0.091776,0.094938,-0.084090,-0.005414,0.124781,-0.117063,0.106824,0.057654,-0.117452
221,1.841667,0.091580,0.094973,-0.083976,-0.005489,0.124787,-0.117150,0.106738,0.057561,-0.117217
222,1.850000,0.091332,0.094979,-0.083869,-0.005608,0.124773,-0.117210,0.106634,0.057471,-0.117014
223,1.858333,0.091119,0.094979,-0.083746,-0.005769,0.124721,-0.117202,0.106555,0.057407,-0.116817
224,1.866667,0.090953,0.094976,-0.083593,-0.005863,0.124672,-0.117204,0.106483,0.057306,-0.116643
225,1.875000,0.090850,0.094951,-0.083503,-0.005937,0.124645,-0.117188,0.106421,0.057218,-0.116354
226,1.883333,0.090785,0.094922,-0.083456,-0.006013,0.124614,-0.117224,0.106390,0.057156,-0.116179
227,1.891667,0.090758,0.094899,-0.083441,-0.006046,0.124601,-0.117176,0.106360,0.057121,-0.116104
228,1.900000,0.090770,0.094871,-0.083430,-0.006057,0.124592,-0.117158,0.106337,0.057097,-0.115981
229,1.908333,0.090773,0.094847,-0.083430,-0.006066,0.124574,-0.117172,0.106322,0.057054,-0.115857
230,1.916667,0.090798,0.094801,-0.083482,-0.006078,0.124547,-0.117210,0.106305,0.057034,-0.115837
231,1.925000,0.090816,0.094768,-0.083493,-0.006080,0.124532,-0.117233,0.106307,0.057019,-0.115821
232,1.933333,0.090819,0.094739,-0.083483,-0.006053,0.124513,-0.117256,0.106299,0.056990,-0.115770
233,1.941667,0.090787,0.094742,-0.083428,-0.006037,0.124488,-0.117252,0.106288,0.056978,-0.115720
234,1.950000,0.090704,0.094761,-0.083294,-0.006064,0.124477,-0.117270,0.106273,0.056932,-0.115501
235,1.958333,0.090567,0.094779,-0.083099,-0.006133,0.124464,-0.117296,0.106259,0.056872,-0.115357
236,1.966667,0.090470,0.094750,-0.082991,-0.006226,0.124437,-0.117340,0.106221,0.056839,-0.115218
237,1.975000,0.090378,0.094724,-0.082853,-0.006251,0.124410,-0.117350,0.106209,0.056783,-0.114967
238,1.983333,0.090284,0.094717,-0.082734,-0.006259,0.124396,-0.117341,0.106218,0.056696,-0.114775
239,1.991667,0.090224,0.094712,-0.082654,-0.006282,0.124384,-0.117358,0.106257,0.056626,-0.114488
240,2.000000,0.090123,0.094749,-0.082596,-0.006280,0.124400,-0.117371,0.106246,0.056565,-0.114376
241,2.008333,0.090099,0.094759,-0.082560,-0.006297,0.124415,-0.117388,0.106252,0.056552,-0.114215
242,2.016667,0.090048,0.094785,-0.082507,-0.006302,0.124399,-0.117396,0.106251,0.056536,-0.114174
243,2.025000,0.090073,0.094770,-0.082539,-0.006321,0.124357,-0.117364,0.106258,0.056537,-0.114196
244,2.033333,0.090089,0.094766,-0.082559,-0.006328,0.124319,-0.117377,0.106263,0.056543,-0.114190
245,2.041667,0.090092,0.094752,-0.082572,-0.006348,0.124291,-0.117352,0.106260,0.056537,-0.114193
246,2.050000,0.090095,0.094746,-0.082561,-0.006381,0.124258,-0.117308,0.106259,0.056544,-0.114186
247,2.058333,0.090097,0.094753,-0.082538,-0.006385,0.124252,-0.117267,0.106259,0.056558,-0.114181
248,2.066667,0.090103,0.094758,-0.082492,-0.006376,0.124249,-0.117205,0.106260,0.056564,-0.114183
249,2.075000,0.090127,0.094742,-0.082469,-0.006372,0.124245,-0.117170,0.106260,0.056561,-0.114189
250,2.083333,0.090157,0.094712,-0.082402,-0.006347,0.124233,-0.117124,0.106262,0.056547,-0.114185
251,2.091667,0.090197,0.094678,-0.082398,-0.006326,0.124221,-0.117102,0.106261,0.056530,-0.114199
252,2.100000,0.090219,0.094655,-0.082382,-0.006314,0.124212,-0.117081,0.106259,0.056523,-0.114177
253,2.108333,0.090211,0.094648,-0.082368,-0.006320,0.124206,-0.117051,0.106256,0.056519,-0.114185
254,2.116667,0.090212,0.094649,-0.082365,-0.006332,0.124202,-0.117046,0.106253,0.056530,-0.114191
255,2.125000,0.090212,0.094645,-0.082356,-0.006341,0.124199,-0.117053,0.106249,0.056541,-0.114207
256,2.133333,0.090205,0.094636,-0.082357,-0.006352,0.124186,-0.117060,0.106247,0.056546,-0.114213
257,2.141667,0.090201,0.094619,-0.082348,-0.006370,0.124168,-0.117068,0.106239,0.056542,-0.114210
258,2.150000,0.090193,0.094594,-0.082343,-0.006376,0.124152,-0.117080,0.106229,0.056539,-0.114241
259,2.158333,0.090171,0.094571,-0.082310,-0.006376,0.124148,-0.117099,0.106219,0.056536,-0.114249
260,2.166667,0.090162,0.094567,-0.082274,-0.006375,0.124159,-0.117144,0.106208,0.056544,-0.114256
261,2.175000,0.090162,0.094555,-0.082265,-0.006363,0.124183,-0.117201,0.106198,0.056557,-0.114277
262,2.183333,0.090174,0.094537,-0.082268,-0.006340,0.124189,-0.117247,0.106190,0.056562,-0.114277
263,2.191667,0.090190,0.094505,-0.082278,-0.006324,0.124188,-0.117294,0.106178,0.056561,-0.114278
264,2.200000,0.090204,0.094460,-0.082275,-0.006311,0.124168,-0.117343,0.106171,0.056556,-0.114329
265,2.208333,0.090209,0.094425,-0.082249,-0.006303,0.124147,-0.117344,0.106152,0.056557,-0.114335
266,2.216667,0.090225,0.094393,-0.082201,-0.006296,0.124140,-0.117326,0.106121,0.056565,-0.114391
267,2.225000,0.090252,0.094348,-0.082141,-0.006272,0.124150,-0.117364,0.106071,0.056605,-0.114503
268,2.233333,0.090291,0.094300,-0.082122,-0.006230,0.124154,-0.117323,0.105996,0.056636,-0.114622
269,2.241667,0.090351,0.094223,-0.082122,-0.006178,0.124158,-0.117262,0.105942,0.056645,-0.114734
270,2.250000,0.090412,0.094155,-0.082115,-0.006105,0.124158,-0.117216,0.105918,0.056621,-0.114787
271,2.258333,0.090457,0.094088,-0.082093,-0.006028,0.124171,-0.117202,0.105887,0.056595,-0.114811
272,2.266667,0.090524,0.094039,-0.082119,-0.005981,0.124177,-0.117153,0.105864,0.056593,-0.114859
273,2.275000,0.090571,0.094003,-0.082154,-0.005943,0.124189,-0.117139,0.105838,0.056596,-0.114924
274,2.283333,0.090592,0.093966,-0.082137,-0.005939,0.124183,-0.117115,0.105820,0.056605,-0.114954
275,2.291667,0.090604,0.093931,-0.082110,-0.005954,0.124179,-0.117086,0.105782,0.056627,-0.115017
276,2.300000,0.090630,0.093878,-0.082143,-0.005965,0.124186,-0.117090,0.105726,0.056649,-0.115134
277,2.308333,0.090645,0.093830,-0.082142,-0.005953,0.124170,-0.117068,0.105701,0.056637,-0.115145
278,2.316667,0.090675,0.093770,-0.082145,-0.005940,0.124159,-0.117055,0.105635,0.056646,-0.115318
279,2.325000,0.090792,0.093722,-0.082294,-0.005903,0.124175,-0.117025,0.105620,0.056705,-0.115460
280,2.333333,0.090858,0.093730,-0.082283,-0.005816,0.124204,-0.116987,0.105616,0.056720,-0.115511
281,2.341667,0.090942,0.093714,-0.082320,-0.005764,0.124239,-0.116997,0.105594,0.056754,-0.115610
282,2.350000,0.091032,0.093708,-0.082342,-0.005737,0.124262,-0.117016,0.105585,0.056821,-0.115742
283,2.358333,0.091112,0.093706,-0.082330,-0.005678,0.124287,-0.117034,0.105574,0.056849,-0.115816
284,2.366667,0.091166,0.093715,-0.082354,-0.005624,0.124297,-0.117053,0.105563,0.056859,-0.115894
285,2.375000,0.091240,0.093714,-0.082433,-0.005590,0.124306,-0.117091,0.105575,0.056896,-0.116042
286,2.383333,0.091335,0.093744,-0.082544,-0.005545,0.124333,-0.117142,0.105595,0.056956,-0.116154
287,2.391667,0.091383,0.093810,-0.082580,-0.005489,0.124370,-0.117156,0.105614,0.056991,-0.116181
288,2.400000,0.091434,0.093881,-0.082690,-0.005506,0.124381,-0.117175,0.105647,0.057055,-0.116265
289,2.408333,0.091475,0.093971,-0.082822,-0.005557,0.124374,-0.117124,0.105667,0.057118,-0.116286
290,2.416667,0.091452,0.094059,-0.082899,-0.005604,0.124373,-0.117094,0.105682,0.057145,-0.116292
291,2.425000,0.091415,0.094127,-0.083002,-0.005701,0.124320,-0.117056,0.105698,0.057160,-0.116319
292,2.433333,0.091388,0.094209,-0.083087,-0.005807,0.124273,-0.117004,0.105766,0.057214,-0.116407
293,2.441667,0.091421,0.094334,-0.083286,-0.005869,0.124264,-0.116959,0.105841,0.057296,-0.116499
294,2.450000,0.091460,0.094463,-0.083467,-0.005899,0.124263,-0.116983,0.106024,0.057369,-0.116912
295,2.458333,0.091659,0.094609,-0.083773,-0.005854,0.124278,-0.116958,0.106149,0.057501,-0.117057
296,2.466667,0.091732,0.094780,-0.083883,-0.005718,0.124336,-0.117003,0.106294,0.057556,-0.117222
297,2.475000,0.091886,0.094904,-0.084046,-0.005641,0.124354,-0.117033,0.106440,0.057618,-0.117407
298,2.483333,0.092024,0.095070,-0.084289,-0.005637,0.124365,-0.117086,0.106624,0.057748,-0.117556
299,2.491667,0.092158,0.095207,-0.084562,-0.005577,0.124406,-0.117133,0.106781,0.057861,-0.117649
300,2.500000,0.092197,0.095330,-0.084736,-0.005552,0.124442,-0.117122,0.106906,0.057930,-0.117815
301,2.508333,0.092202,0.095403,-0.084817,-0.005594,0.124439,-0.117135,0.106969,0.058007,-0.117839
302,2.516667,0.092136,0.095421,-0.084752,-0.005622,0.124449,-0.117146,0.106968,0.058011,-0.117867
303,2.525000,0.092068,0.095380,-0.084639,-0.005651,0.124459,-0.117181,0.106951,0.057958,-0.117866
304,2.533333,0.092047,0.095338,-0.084606,-0.005688,0.124436,-0.117184,0.106942,0.057947,-0.117868
305,2.541667,0.092051,0.095283,-0.084598,-0.005668,0.124433,-0.117191,0.106940,0.057937,-0.117857
306,2.550000,0.092052,0.095217,-0.084562,-0.005641,0.124432,-0.117164,0.106929,0.057916,-0.117843
307,2.558333,0.092049,0.095159,-0.084506,-0.005654,0.124422,-0.117148,0.106917,0.057912,-0.117842
308,2.566667,0.092051,0.095112,-0.084463,-0.005658,0.124422,-0.117134,0.106908,0.057917,-0.117829
309,2.575000,0.092053,0.095063,-0.084421,-0.005648,0.124422,-0.117133,0.106896,0.057910,-0.117827
310,2.583333,0.092061,0.095002,-0.084394,-0.005623,0.124412,-0.117119,0.106886,0.057891,-0.117828
311,2.591667,0.092083,0.094922,-0.084327,-0.005572,0.124418,-0.117109,0.106870,0.057860,-0.117841
312,2.600000,0.092092,0.094854,-0.084284,-0.005519,0.124431,-0.117127,0.106818,0.057831,-0.117770
313,2.608333,0.092071,0.094764,-0.084171,-0.005473,0.124442,-0.117159,0.106726,0.057796,-0.117743
314,2.616667,0.092009,0.094659,-0.084018,-0.005444,0.124447,-0.117198,0.106594,0.057732,-0.117687
315,2.625000,0.091902,0.094519,-0.083795,-0.005445,0.124437,-0.117247,0.106430,0.057644,-0.117569
316,2.633333,0.091791,0.094380,-0.083619,-0.005472,0.124412,-0.117336,0.106263,0.057543,-0.117367
317,2.641667,0.091700,0.094234,-0.083426,-0.005489,0.124380,-0.117446,0.106105,0.057435,-0.117142
318,2.650000,0.091662,0.094091,-0.083278,-0.005464,0.124362,-0.117527,0.105987,0.057330,-0.117046
319,2.658333,0.091694,0.093971,-0.083224,-0.005367,0.124366,-0.117502,0.105924,0.057284,-0.116976
320,2.666667,0.091779,0.093881,-0.083191,-0.005222,0.124393,-0.117449,0.105905,0.057270,-0.116926
321,2.675000,0.091873,0.093797,-0.083131,-0.005059,0.124449,-0.117471,0.105902,0.057253,-0.116947
322,2.683333,0.091956,0.093718,-0.083102,-0.004918,0.124489,-0.117401,0.105893,0.057223,-0.116948
323,2.691667,0.092020,0.093627,-0.082998,-0.004816,0.124517,-0.117372,0.105887,0.057194,-0.116941
324,2.700000,0.092061,0.093554,-0.082930,-0.004729,0.124533,-0.117400,0.105876,0.057160,-0.116980
325,2.708333,0.092075,0.093530,-0.082895,-0.004676,0.124549,-0.117443,0.105868,0.057147,-0.116969
326,2.716667,0.092079,0.093525,-0.082884,-0.004651,0.124553,-0.117464,0.105862,0.057150,-0.116971
327,2.725000,0.092062,0.093554,-0.082884,-0.004660,0.124578,-0.117542,0.105855,0.057159,-0.116951
328,2.733333,0.092028,0.093600,-0.082967,-0.004685,0.124588,-0.117588,0.105837,0.057176,-0.116924
329,2.741667,0.091973,0.093623,-0.082984,-0.004739,0.124567,-0.117639,0.105817,0.057184,-0.116955
330,2.750000,0.091903,0.093647,-0.083010,-0.004820,0.124537,-0.117653,0.105784,0.057185,-0.116947
331,2.758333,0.091844,0.093667,-0.083027,-0.004906,0.124519,-0.117666,0.105763,0.057188,-0.116949
332,2.766667,0.091799,0.093694,-0.083041,-0.004971,0.124508,-0.117685,0.105743,0.057204,-0.116946
333,2.775000,0.091767,0.093716,-0.083057,-0.005028,0.124506,-0.117715,0.105729,0.057221,-0.116938
334,2.783333,0.091753,0.093742,-0.083079,-0.005081,0.124507,-0.117729,0.105723,0.057243,-0.116948
335,2.791667,0.091743,0.093758,-0.083111,-0.005127,0.124503,-0.117670,0.105698,0.057265,-0.117021
336,2.800000,0.091750,0.093756,-0.083130,-0.005160,0.124499,-0.117658,0.105671,0.057291,-0.117140
337,2.808333,0.091772,0.093762,-0.083232,-0.005177,0.124488,-0.117601,0.105654,0.057324,-0.117182
338,2.816667,0.091763,0.093773,-0.083243,-0.005204,0.124484,-0.117575,0.105627,0.057348,-0.117279
339,2.825000,0.091764,0.093766,-0.083277,-0.005255,0.124466,-0.117464,0.105590,0.057385,-0.117423
340,2.833333,0.091764,0.093756,-0.083343,-0.005302,0.124464,-0.117462,0.105545,0.057427,-0.117554
341,2.841667,0.091757,0.093728,-0.083367,-0.005322,0.124452,-0.117427,0.105479,0.057455,-0.117704
342,2.850000,0.091782,0.093685,-0.083408,-0.005338,0.124447,-0.117433,0.105411,0.057470,-0.117850
343,2.858333,0.091814,0.093638,-0.083447,-0.005313,0.124452,-0.117392,0.105358,0.057487,-0.117963
344,2.866667,0.091844,0.093567,-0.083467,-0.005266,0.124459,-0.117347,0.105312,0.057480,-0.118043
345,2.875000,0.091891,0.093492,-0.083441,-0.005215,0.124468,-0.117387,0.105260,0.057476,-0.118137
346,2.883333,0.091979,0.093427,-0.083458,-0.005122,0.124506,-0.117424,0.105239,0.057472,-0.118193
347,2.891667,0.092056,0.093382,-0.083445,-0.005012,0.124540,-0.117423,0.105230,0.057468,-0.118194
348,2.900000,0.092149,0.093347,-0.083452,-0.004915,0.124577,-0.117398,0.105221,0.057459,-0.118249
349,2.908333,0.092273,0.093331,-0.083505,-0.004824,0.124588,-0.117362,0.105228,0.057474,-0.118354
350,2.916667,0.092425,0.093304,-0.083544,-0.004723,0.124611,-0.117387,0.105252,0.057478,-0.118421
351,2.925000,0.092545,0.093297,-0.083639,-0.004603,0.124635,-0.117386,0.105266,0.057461,-0.118428
352,2.933333,0.092640,0.093286,-0.083665,-0.004529,0.124645,-0.117380,0.105280,0.057453,-0.118439
353,2.941667,0.092720,0.093277,-0.083695,-0.004481,0.124645,-0.117373,0.105294,0.057456,-0.118467
354,2.950000,0.092792,0.093283,-0.083748,-0.004425,0.124658,-0.117362,0.105299,0.057466,-0.118466
355,2.958333,0.092865,0.093313,-0.083801,-0.004378,0.124676,-0.117360,0.105316,0.057485,-0.118509
356,2.966667,0.092938,0.093355,-0.083897,-0.004366,0.124695,-0.117406,0.105336,0.057523,-0.118525
357,2.975000,0.092990,0.093417,-0.084008,-0.004367,0.124707,-0.117362,0.105368,0.057562,-0.118575
358,2.983333,0.093032,0.093485,-0.084153,-0.004415,0.124708,-0.117348,0.105416,0.057608,-0.118628
359,2.991667,0.093037,0.093565,-0.084269,-0.004482,0.124701,-0.117315,0.105431,0.057654,-0.118644
360,3.000000,0.092993,0.093646,-0.084337,-0.004566,0.124709,-0.117264,0.105441,0.057670,-0.118657
361,3.008333,0.092934,0.093751,-0.084406,-0.004725,0.124688,-0.117172,0.105469,0.057712,-0.118640
362,3.016667,0.092874,0.093875,-0.084468,-0.004894,0.124647,-0.117127,0.105499,0.057780,-0.118661
363,3.025000,0.092796,0.094002,-0.084574,-0.005055,0.124611,-0.117050,0.105514,0.057832,-0.118659
364,3.033333,0.092699,0.094124,-0.084701,-0.005234,0.124555,-0.116971,0.105520,0.057873,-0.118665
365,3.041667,0.092592,0.094252,-0.084865,-0.005424,0.124512,-0.116973,0.105531,0.057913,-0.118689
366,3.050000,0.092494,0.094374,-0.085027,-0.005581,0.124481,-0.116963,0.105546,0.057966,-0.118712
367,3.058333,0.092424,0.094493,-0.085131,-0.005707,0.124473,-0.116964,0.105559,0.058030,-0.118737
368,3.066667,0.092388,0.094608,-0.085206,-0.005794,0.124474,-0.116992,0.105605,0.058094,-0.118756
369,3.075000,0.092387,0.094773,-0.085333,-0.005842,0.124460,-0.116991,0.105735,0.058183,-0.118800
370,3.083333,0.092420,0.094973,-0.085490,-0.005870,0.124449,-0.117041,0.105983,0.058277,-0.118944
371,3.091667,0.092557,0.095126,-0.085701,-0.005827,0.124468,-0.117078,0.106270,0.058370,-0.119131
372,3.100000,0.092692,0.095218,-0.085821,-0.005687,0.124519,-0.117109,0.106360,0.058431,-0.119170
373,3.108333,0.092686,0.095224,-0.085774,-0.005571,0.124556,-0.117160,0.106379,0.058400,-0.119174
374,3.116667,0.092646,0.095179,-0.085764,-0.005608,0.124529,-0.117220,0.106370,0.058359,-0.119141
375,3.125000,0.092591,0.095149,-0.085705,-0.005669,0.124497,-0.117283,0.106363,0.058339,-0.119145
376,3.133333,0.092563,0.095166,-0.085685,-0.005643,0.124519,-0.117346,0.106370,0.058331,-0.119126
377,3.141667,0.092533,0.095239,-0.085673,-0.005623,0.124520,-0.117391,0.106399,0.058352,-0.119129
378,3.150000,0.092484,0.095316,-0.085663,-0.005655,0.124474,-0.117435,0.106535,0.058370,-0.118986
379,3.158333,0.092424,0.095453,-0.085593,-0.005705,0.124461,-0.117471,0.106873,0.058304,-0.118729
380,3.166667,0.092422,0.095516,-0.085563,-0.005742,0.124464,-0.117473,0.106937,0.058329,-0.118721
381,3.175000,0.092454,0.095511,-0.085564,-0.005693,0.124486,-0.117419,0.106966,0.058348,-0.118707
382,3.183333,0.092463,0.095493,-0.085538,-0.005674,0.124492,-0.117357,0.106967,0.058332,-0.118697
383,3.191667,0.092492,0.095449,-0.085513,-0.005700,0.124466,-0.117278,0.106970,0.058325,-0.118670
384,3.200000,0.092534,0.095386,-0.085471,-0.005676,0.124481,-0.117225,0.106979,0.058310,-0.118692
385,3.208333,0.092569,0.095327,-0.085421,-0.005638,0.124494,-0.117128,0.106984,0.058281,-0.118692
386,3.216667,0.092619,0.095294,-0.085409,-0.005622,0.124476,-0.117058,0.107003,0.058267,-0.118692
387,3.225000,0.092664,0.095284,-0.085401,-0.005606,0.124469,-0.116980,0.107015,0.058274,-0.118691
388,3.233333,0.092702,0.095279,-0.085399,-0.005604,0.124478,-0.116916,0.107023,0.058275,-0.118696
389,3.241667,0.092708,0.095284,-0.085386,-0.005611,0.124480,-0.116865,0.107026,0.058277,-0.118712
390,3.250000,0.092712,0.095284,-0.085413,-0.005615,0.124480,-0.116847,0.107023,0.058279,-0.118710
391,3.258333,0.092709,0.095279,-0.085443,-0.005613,0.124481,-0.116857,0.107012,0.058271,-0.118709
392,3.266667,0.092689,0.095274,-0.085475,-0.005625,0.124492,-0.116879,0.106993,0.058273,-0.118741
393,3.275000,0.092704,0.095250,-0.085505,-0.005637,0.124507,-0.116923,0.106976,0.058281,-0.118732
394,3.283333,0.092728,0.095240,-0.085549,-0.005627,0.124543,-0.116990,0.106962,0.058298,-0.118746
395,3.291667,0.092764,0.095222,-0.085565,-0.005610,0.124581,-0.117022,0.106949,0.058313,-0.118750
396,3.300000,0.092808,0.095188,-0.085592,-0.005586,0.124600,-0.117029,0.106928,0.058345,-0.118813
397,3.308333,0.092861,0.095127,-0.085564,-0.005547,0.124629,-0.117030,0.106892,0.058390,-0.118962
398,3.316667,0.092969,0.095022,-0.085603,-0.005484,0.124656,-0.116996,0.106752,0.058457,-0.119340
399,3.325000,0.093150,0.094865,-0.085874,-0.005375,0.124689,-0.116898,0.106679,0.058543,-0.119770
400,3.333333,0.093290,0.094771,-0.086012,-0.005218,0.124724,-0.116801,0.106631,0.058574,-0.119877
401,3.341667,0.093301,0.094649,-0.085875,-0.005113,0.124753,-0.116813,0.106520,0.058546,-0.119922
402,3.350000,0.093376,0.094451,-0.085857,-0.005100,0.124754,-0.116824,0.106374,0.058528,-0.120184
403,3.358333,0.093429,0.094302,-0.085839,-0.005022,0.124778,-0.116837,0.106286,0.058512,-0.120350
404,3.366667,0.093458,0.094153,-0.085714,-0.004896,0.124783,-0.116737,0.106219,0.058445,-0.120428
405,3.375000,0.093507,0.093981,-0.085580,-0.004796,0.124766,-0.116669,0.106177,0.058375,-0.120452
406,3.383333,0.093542,0.093814,-0.085433,-0.004693,0.124786,-0.116636,0.106119,0.058302,-0.120438
407,3.391667,0.093562,0.093625,-0.085236,-0.004600,0.124816,-0.116573,0.106021,0.058215,-0.120433
408,3.400000,0.093555,0.093448,-0.085064,-0.004538,0.124846,-0.116537,0.105921,0.058104,-0.120425
409,3.408333,0.093535,0.093273,-0.084933,-0.004493,0.124847,-0.116466,0.105815,0.058001,-0.120346
410,3.416667,0.093474,0.093086,-0.084741,-0.004458,0.124832,-0.116431,0.105647,0.057843,-0.120170
411,3.425000,0.093321,0.092883,-0.084388,-0.004456,0.124810,-0.116413,0.105442,0.057633,-0.119798
412,3.433333,0.093134,0.092742,-0.084188,-0.004557,0.124750,-0.116498,0.105268,0.057503,-0.119640
413,3.441667,0.092905,0.092614,-0.083918,-0.004697,0.124672,-0.116641,0.105064,0.057375,-0.119463
414,3.450000,0.092608,0.092541,-0.083601,-0.004790,0.124638,-0.116814,0.104813,0.057208,-0.119002
415,3.458333,0.092251,0.092493,-0.083316,-0.004964,0.124598,-0.117035,0.104605,0.057084,-0.118530
416,3.466667,0.091925,0.092486,-0.083161,-0.005203,0.124526,-0.117177,0.104459,0.056988,-0.118206
417,3.475000,0.091660,0.092486,-0.082948,-0.005423,0.124468,-0.117398,0.104333,0.056895,-0.117916
418,3.483333,0.091450,0.092483,-0.082748,-0.005569,0.124399,-0.117485,0.104219,0.056841,-0.117697
419,3.491667,0.091301,0.092468,-0.082675,-0.005655,0.124364,-0.117563,0.104150,0.056814,-0.117548
420,3.500000,0.091226,0.092458,-0.082636,-0.005686,0.124359,-0.117619,0.104113,0.056778,-0.117486
421,3.508333,0.091218,0.092437,-0.082630,-0.005659,0.124378,-0.117690,0.104088,0.056780,-0.117458
422,3.516667,0.091227,0.092395,-0.082610,-0.005579,0.124419,-0.117702,0.104070,0.056747,-0.117398
423,3.525000,0.091234,0.092328,-0.082539,-0.005509,0.124440,-0.117736,0.104046,0.056686,-0.117328
424,3.533333,0.091237,0.092283,-0.082480,-0.005470,0.124444,-0.117788,0.104017,0.056639,-0.117240
425,3.541667,0.091224,0.092249,-0.082449,-0.005453,0.124435,-0.117791,0.103996,0.056595,-0.117151
426,3.550000,0.091206,0.092248,-0.082435,-0.005470,0.124413,-0.117802,0.103982,0.056562,-0.117078
427,3.558333,0.091210,0.092254,-0.082422,-0.005484,0.124389,-0.117797,0.103987,0.056559,-0.117047
428,3.566667,0.091226,0.092277,-0.082441,-0.005478,0.124376,-0.117757,0.103995,0.056566,-0.117052
429,3.575000,0.091257,0.092292,-0.082438,-0.005461,0.124370,-0.117725,0.104009,0.056576,-0.117064
430,3.583333,0.091292,0.092319,-0.082491,-0.005442,0.124373,-0.117692,0.104027,0.056585,-0.117074
431,3.591667,0.091325,0.092342,-0.082525,-0.005413,0.124395,-0.117669,0.104044,0.056591,-0.117090
432,3.600000,0.091361,0.092368,-0.082544,-0.005393,0.124404,-0.117679,0.104062,0.056592,-0.117096
433,3.608333,0.091382,0.092403,-0.082589,-0.005362,0.124419,-0.117640,0.104078,0.056599,-0.117101
434,3.616667,0.091378,0.092436,-0.082627,-0.005380,0.124436,-0.117688,0.104090,0.056613,-0.117089
435,3.625000,0.091354,0.092497,-0.082652,-0.005381,0.124432,-0.117657,0.104098,0.056626,-0.117094
436,3.633333,0.091314,0.092554,-0.082666,-0.005425,0.124453,-0.117744,0.104104,0.056650,-0.117112
437,3.641667,0.091270,0.092613,-0.082725,-0.005482,0.124467,-0.117813,0.104107,0.056669,-0.117098
438,3.650000,0.091225,0.092683,-0.082779,-0.005530,0.124474,-0.117845,0.104112,0.056690,-0.117094
439,3.658333,0.091188,0.092756,-0.082872,-0.005558,0.124487,-0.117889,0.104109,0.056710,-0.117097
440,3.666667,0.091155,0.092812,-0.082995,-0.005576,0.124508,-0.117926,0.104107,0.056733,-0.117131
441,3.675000,0.091132,0.092854,-0.083042,-0.005601,0.124532,-0.117979,0.104100,0.056753,-0.117114
442,3.683333,0.091091,0.092883,-0.083091,-0.005632,0.124542,-0.118044,0.104087,0.056767,-0.117096
443,3.691667,0.091034,0.092911,-0.083110,-0.005675,0.124553,-0.118067,0.104075,0.056779,-0.117108
444,3.700000,0.090983,0.092933,-0.083128,-0.005724,0.124566,-0.118116,0.104060,0.056794,-0.117085
445,3.708333,0.090940,0.092939,-0.083152,-0.005758,0.124568,-0.118157,0.104045,0.056801,-0.117098
446,3.716667,0.090892,0.092926,-0.083131,-0.005789,0.124560,-0.118194,0.104025,0.056799,-0.117078
447,3.725000,0.090861,0.092879,-0.083090,-0.005815,0.124546,-0.118193,0.104011,0.056785,-0.117072
448,3.733333,0.090846,0.092798,-0.083042,-0.005813,0.124523,-0.118155,0.103989,0.056757,-0.117059
449,3.741667,0.090843,0.092679,-0.082936,-0.005781,0.124514,-0.118089,0.103951,0.056723,-0.117032
450,3.750000,0.090835,0.092558,-0.082838,-0.005740,0.124501,-0.117992,0.103854,0.056673,-0.116928
451,3.758333,0.090794,0.092443,-0.082721,-0.005733,0.124476,-0.117929,0.103748,0.056622,-0.116836
452,3.766667,0.090709,0.092341,-0.082580,-0.005777,0.124427,-0.117844,0.103640,0.056577,-0.116829
453,3.775000,0.090580,0.092234,-0.082324,-0.005863,0.124377,-0.117789,0.103445,0.056514,-0.116933
454,3.783333,0.090427,0.092114,-0.082057,-0.005934,0.124328,-0.117766,0.103255,0.056425,-0.116868
455,3.791667,0.090290,0.092019,-0.081900,-0.005986,0.124268,-0.117740,0.103070,0.056342,-0.116830
456,3.800000,0.090206,0.091901,-0.081777,-0.006014,0.124227,-0.117800,0.102889,0.056275,-0.116714
457,3.808333,0.090176,0.091789,-0.081681,-0.005946,0.124220,-0.117877,0.102762,0.056176,-0.116594
458,3.816667,0.090205,0.091686,-0.081575,-0.005834,0.124249,-0.117971,0.102690,0.056119,-0.116580
459,3.825000,0.090254,0.091587,-0.081485,-0.005683,0.124289,-0.118049,0.102600,0.056073,-0.116527
460,3.833333,0.090296,0.091491,-0.081403,-0.005506,0.124342,-0.118225,0.102518,0.055987,-0.116466
461,3.841667,0.090313,0.091404,-0.081319,-0.005361,0.124373,-0.118420,0.102373,0.055940,-0.116408
462,3.850000,0.090278,0.091308,-0.081213,-0.005225,0.124403,-0.118541,0.102210,0.055843,-0.116334
463,3.858333,0.090220,0.091222,-0.081150,-0.005116,0.124444,-0.118777,0.102053,0.055754,-0.116269
464,3.866667,0.090181,0.091231,-0.081153,-0.005090,0.124463,-0.119005,0.101986,0.055742,-0.116296
465,3.875000,0.090194,0.091274,-0.081199,-0.005124,0.124492,-0.119119,0.101984,0.055785,-0.116299
466,3.883333,0.090190,0.091326,-0.081241,-0.005092,0.124531,-0.119112,0.101968,0.055802,-0.116321
467,3.891667,0.090190,0.091370,-0.081308,-0.005087,0.124530,-0.119082,0.101954,0.055822,-0.116335
468,3.900000,0.090179,0.091410,-0.081365,-0.005151,0.124516,-0.119058,0.101934,0.055857,-0.116377
469,3.908333,0.090180,0.091437,-0.081401,-0.005204,0.124530,-0.119065,0.101911,0.055874,-0.116449
470,3.916667,0.090210,0.091474,-0.081471,-0.005216,0.124541,-0.119059,0.101890,0.055901,-0.116524
471,3.925000,0.090291,0.091507,-0.081581,-0.005176,0.124534,-0.119017,0.101884,0.055935,-0.116582
472,3.933333,0.090388,0.091545,-0.081675,-0.005121,0.124539,-0.118997,0.101885,0.055976,-0.116658
473,3.941667,0.090509,0.091593,-0.081850,-0.005094,0.124564,-0.119008,0.101894,0.056027,-0.116743
474,3.950000,0.090641,0.091646,-0.082028,-0.005100,0.124582,-0.119012,0.101916,0.056102,-0.116935
475,3.958333,0.090748,0.091713,-0.082223,-0.005129,0.124583,-0.118968,0.101938,0.056177,-0.117119
476,3.966667,0.090892,0.091778,-0.082530,-0.005175,0.124558,-0.118823,0.101974,0.056285,-0.117387
477,3.975000,0.090983,0.091835,-0.082687,-0.005199,0.124547,-0.118686,0.102001,0.056360,-0.117541
478,3.983333,0.091016,0.091868,-0.082756,-0.005224,0.124545,-0.118570,0.101967,0.056395,-0.117790
479,3.991667,0.091287,0.091829,-0.083035,-0.005294,0.124527,-0.118529,0.102041,0.056502,-0.118463
480,4.000000,0.091575,0.091904,-0.083340,-0.005169,0.124562,-0.118322,0.102132,0.056689,-0.118958
481,4.008333,0.091757,0.091943,-0.083558,-0.004934,0.124660,-0.118159,0.102147,0.056765,-0.119130
482,4.016667,0.091774,0.091947,-0.083576,-0.004902,0.124691,-0.118147,0.102150,0.056739,-0.119199
483,4.025000,0.091775,0.091935,-0.083599,-0.004987,0.124685,-0.118185,0.102134,0.056737,-0.119231
484,4.033333,0.091745,0.091921,-0.083603,-0.005026,0.124693,-0.118182,0.102117,0.056740,-0.119259
485,4.041667,0.091734,0.091895,-0.083571,-0.005020,0.124693,-0.118146,0.102083,0.056722,-0.119292
486,4.050000,0.091779,0.091866,-0.083639,-0.004989,0.124693,-0.118138,0.102049,0.056737,-0.119524
487,4.058333,0.091932,0.091820,-0.083792,-0.004877,0.124727,-0.118127,0.102070,0.056768,-0.119667
488,4.066667,0.092011,0.091790,-0.083782,-0.004713,0.124795,-0.118111,0.102090,0.056762,-0.119748
489,4.075000,0.092092,0.091734,-0.083820,-0.004633,0.124830,-0.118147,0.102089,0.056728,-0.119779
490,4.083333,0.092126,0.091682,-0.083794,-0.004605,0.124811,-0.118131,0.102086,0.056708,-0.119799
491,4.091667,0.092139,0.091632,-0.083758,-0.004574,0.124786,-0.118117,0.102070,0.056675,-0.119784
492,4.100000,0.092146,0.091582,-0.083687,-0.004550,0.124772,-0.118099,0.102063,0.056657,-0.119832
493,4.108333,0.092170,0.091524,-0.083614,-0.004512,0.124760,-0.118076,0.102047,0.056633,-0.119860
494,4.116667,0.092220,0.091455,-0.083577,-0.004426,0.124770,-0.118044,0.101993,0.056602,-0.120117
495,4.125000,0.092389,0.091380,-0.083622,-0.004278,0.124782,-0.118004,0.101994,0.056600,-0.120217
496,4.133333,0.092457,0.091337,-0.083522,-0.004095,0.124838,-0.118060,0.101995,0.056566,-0.120242
497,4.141667,0.092547,0.091274,-0.083527,-0.003965,0.124871,-0.118067,0.101972,0.056529,-0.120298
498,4.150000,0.092656,0.091240,-0.083624,-0.003894,0.124888,-0.118099,0.101949,0.056531,-0.120526
499,4.158333,0.092775,0.091194,-0.083693,-0.003774,0.124916,-0.118112,0.101929,0.056526,-0.120528
500,4.166667,0.092770,0.091148,-0.083611,-0.003667,0.124930,-0.118122,0.101910,0.056469,-0.120525
501,4.175000,0.092735,0.091095,-0.083554,-0.003685,0.124908,-0.118165,0.101887,0.056421,-0.120500
502,4.183333,0.092653,0.091037,-0.083444,-0.003711,0.124895,-0.118191,0.101850,0.056388,-0.120478
503,4.191667,0.092562,0.090965,-0.083345,-0.003710,0.124888,-0.118220,0.101790,0.056329,-0.120443
504,4.200000,0.092460,0.090881,-0.083210,-0.003712,0.124872,-0.118244,0.101695,0.056255,-0.120399
505,4.208333,0.092346,0.090767,-0.083070,-0.003711,0.124870,-0.118285,0.101575,0.056155,-0.120323
506,4.216667,0.092175,0.090615,-0.082851,-0.003697,0.124886,-0.118336,0.101450,0.056003,-0.120124
507,4.225000,0.092003,0.090429,-0.082601,-0.003700,0.124879,-0.118419,0.101343,0.055806,-0.119784
508,4.233333,0.091823,0.090239,-0.082249,-0.003700,0.124878,-0.118453,0.101251,0.055596,-0.119368
509,4.241667,0.091634,0.090039,-0.081770,-0.003654,0.124886,-0.118463,0.101167,0.055361,-0.118951
510,4.250000,0.091427,0.089855,-0.081349,-0.003595,0.124875,-0.118521,0.101086,0.055109,-0.118494
511,4.258333,0.091242,0.089667,-0.080943,-0.003562,0.124855,-0.118590,0.101017,0.054924,-0.117992
512,4.266667,0.090993,0.089501,-0.080406,-0.003507,0.124860,-0.118706,0.100980,0.054699,-0.117397
513,4.275000,0.090686,0.089376,-0.079897,-0.003450,0.124843,-0.118855,0.100892,0.054462,-0.116662
514,4.283333,0.090296,0.089285,-0.079433,-0.003459,0.124788,-0.119072,0.100801,0.054200,-0.115737
515,4.291667,0.089895,0.089196,-0.078840,-0.003535,0.124728,-0.119290,0.100709,0.053958,-0.114953
516,4.300000,0.089521,0.089188,-0.078424,-0.003672,0.124660,-0.119442,0.100607,0.053773,-0.114317
517,4.308333,0.089177,0.089215,-0.078087,-0.003829,0.124579,-0.119549,0.100561,0.053645,-0.113597
518,4.316667,0.088891,0.089287,-0.077848,-0.003949,0.124510,-0.119632,0.100514,0.053567,-0.113127
519,4.325000,0.088678,0.089358,-0.077677,-0.004075,0.124450,-0.119699,0.100510,0.053512,-0.112777
520,4.333333,0.088514,0.089439,-0.077489,-0.004202,0.124422,-0.119791,0.100528,0.053499,-0.112580
521,4.341667,0.088436,0.089546,-0.077442,-0.004272,0.124403,-0.119894,0.100585,0.053515,-0.112444
522,4.350000,0.088420,0.089649,-0.077521,-0.004285,0.124392,-0.119944,0.100608,0.053567,-0.112487
523,4.358333,0.088407,0.089780,-0.077595,-0.004309,0.124397,-0.120019,0.100626,0.053640,-0.112498
524,4.366667,0.088372,0.089920,-0.077716,-0.004383,0.124417,-0.120111,0.100636,0.053713,-0.112517
525,4.375000,0.088329,0.090054,-0.077813,-0.004493,0.124423,-0.120205,0.100642,0.053790,-0.112544
526,4.383333,0.088293,0.090204,-0.077929,-0.004602,0.124417,-0.120232,0.100655,0.053859,-0.112570
527,4.391667,0.088245,0.090380,-0.078138,-0.004730,0.124394,-0.120265,0.100692,0.053951,-0.112665
528,4.400000,0.088304,0.090527,-0.078451,-0.004891,0.124352,-0.120119,0.100807,0.054094,-0.112915
529,4.408333,0.088410,0.090713,-0.078852,-0.005025,0.124365,-0.120047,0.100907,0.054287,-0.113120
530,4.416667,0.088400,0.090918,-0.079055,-0.005188,0.124383,-0.119909,0.100957,0.054454,-0.113462
531,4.425000,0.088586,0.091008,-0.079473,-0.005488,0.124342,-0.119806,0.101058,0.054666,-0.114174
532,4.433333,0.088890,0.091165,-0.080048,-0.005691,0.124308,-0.119575,0.101219,0.055003,-0.114845
533,4.441667,0.088921,0.091330,-0.080293,-0.005707,0.124334,-0.119252,0.101285,0.055199,-0.115271
534,4.450000,0.089009,0.091301,-0.080645,-0.005824,0.124327,-0.119099,0.101257,0.055259,-0.115746
535,4.458333,0.089117,0.091316,-0.080969,-0.006019,0.124291,-0.119062,0.101243,0.055379,-0.116097
536,4.466667,0.089072,0.091348,-0.080980,-0.006015,0.124343,-0.118918,0.101206,0.055445,-0.116358
537,4.475000,0.089156,0.091276,-0.081130,-0.006034,0.124387,-0.118824,0.101126,0.055462,-0.116683
538,4.483333,0.089272,0.091223,-0.081243,-0.006028,0.124409,-0.118760,0.101091,0.055510,-0.116911
539,4.491667,0.089402,0.091110,-0.081285,-0.005871,0.124494,-0.118674,0.101042,0.055518,-0.117283
540,4.500000,0.089576,0.090970,-0.081321,-0.005705,0.124551,-0.118622,0.101018,0.055485,-0.117455
541,4.508333,0.089714,0.090824,-0.081250,-0.005531,0.124572,-0.118620,0.100999,0.055433,-0.117605
542,4.516667,0.089862,0.090657,-0.081161,-0.005328,0.124597,-0.118607,0.100982,0.055338,-0.117641
543,4.525000,0.089960,0.090484,-0.080941,-0.005139,0.124592,-0.118517,0.100970,0.055237,-0.117614
544,4.533333,0.090032,0.090337,-0.080768,-0.004964,0.124590,-0.118494,0.100964,0.055141,-0.117572
545,4.541667,0.090083,0.090203,-0.080588,-0.004803,0.124587,-0.118533,0.100941,0.055070,-0.117529
546,4.550000,0.090120,0.090067,-0.080387,-0.004621,0.124579,-0.118633,0.100903,0.054979,-0.117396
547,4.558333,0.090093,0.089931,-0.080118,-0.004443,0.124587,-0.118778,0.100852,0.054840,-0.117151
548,4.566667,0.089988,0.089814,-0.079750,-0.004313,0.124590,-0.119021,0.100786,0.054680,-0.116781
549,4.575000,0.089854,0.089747,-0.079507,-0.004211,0.124571,-0.119071,0.100723,0.054530,-0.116311
550,4.583333,0.089669,0.089768,-0.079373,-0.004166,0.124554,-0.119274,0.100696,0.054404,-0.115816
551,4.591667,0.089511,0.089852,-0.079195,-0.004205,0.124524,-0.119540,0.100692,0.054370,-0.115444
552,4.600000,0.089370,0.089972,-0.079173,-0.004295,0.124539,-0.119796,0.100727,0.054356,-0.115035
553,4.608333,0.089172,0.090079,-0.079002,-0.004385,0.124531,-0.119943,0.100726,0.054326,-0.114695
554,4.616667,0.088950,0.090177,-0.078873,-0.004527,0.124466,-0.120054,0.100725,0.054277,-0.114384
555,4.625000,0.088703,0.090286,-0.078752,-0.004697,0.124396,-0.120182,0.100715,0.054246,-0.114032
556,4.633333,0.088407,0.090407,-0.078634,-0.004889,0.124344,-0.120193,0.100707,0.054188,-0.113555
557,4.641667,0.088050,0.090531,-0.078388,-0.005107,0.124317,-0.120361,0.100678,0.054127,-0.112989
558,4.650000,0.087703,0.090618,-0.078196,-0.005363,0.124297,-0.120634,0.100578,0.054024,-0.112445
559,4.658333,0.087311,0.090668,-0.077982,-0.005570,0.124249,-0.120807,0.100460,0.053934,-0.111944
560,4.666667,0.086908,0.090699,-0.077774,-0.005816,0.124164,-0.120905,0.100297,0.053800,-0.111377
561,4.675000,0.086544,0.090688,-0.077572,-0.006067,0.124061,-0.121020,0.100098,0.053639,-0.111059
562,4.683333,0.086237,0.090631,-0.077384,-0.006279,0.123985,-0.121177,0.099895,0.053546,-0.110812
563,4.691667,0.086055,0.090585,-0.077317,-0.006431,0.123966,-0.121382,0.099742,0.053506,-0.110628
564,4.700000,0.086005,0.090542,-0.077300,-0.006440,0.123972,-0.121426,0.099656,0.053497,-0.110576
565,4.708333,0.086067,0.090519,-0.077319,-0.006359,0.124025,-0.121474,0.099638,0.053542,-0.110577
566,4.716667,0.086206,0.090462,-0.077352,-0.006219,0.124104,-0.121466,0.099618,0.053596,-0.110665
567,4.725000,0.086403,0.090363,-0.077438,-0.006049,0.124154,-0.121411,0.099583,0.053659,-0.110901
568,4.733333,0.086607,0.090273,-0.077629,-0.005941,0.124185,-0.121386,0.099516,0.053793,-0.111314
569,4.741667,0.086870,0.090160,-0.077805,-0.005882,0.124179,-0.121326,0.099465,0.053964,-0.111985
570,4.750000,0.087242,0.090055,-0.077995,-0.005772,0.124202,-0.121238,0.099406,0.054211,-0.112903
571,4.758333,0.087632,0.090004,-0.078215,-0.005534,0.124273,-0.121127,0.099329,0.054528,-0.113673
572,4.766667,0.087969,0.089962,-0.078333,-0.005189,0.124369,-0.120894,0.099265,0.054839,-0.114283
573,4.775000,0.088302,0.089843,-0.078415,-0.004855,0.124503,-0.120883,0.099133,0.054935,-0.114807
574,4.783333,0.088672,0.089645,-0.078523,-0.004513,0.124650,-0.120854,0.098955,0.054759,-0.115453
575,4.791667,0.089041,0.089436,-0.078611,-0.004106,0.124753,-0.120634,0.098872,0.054613,-0.116013
576,4.800000,0.089467,0.089210,-0.078798,-0.003675,0.124841,-0.120479,,,
577,4.808333,0.089897,0.088979,-0.079024,-0.003273,0.124953,-0.120345,0.098918,0.054238,-0.117011
578,4.816667,0.090322,0.088808,-0.079275,-0.002831,0.125077,-0.120149,0.098954,0.054087,-0.117303
579,4.825000,0.090583,0.088738,-0.079359,-0.002476,0.125206,-0.120137,,,
580,4.833333,0.090790,0.088624,-0.079322,-0.002261,0.125267,-0.120125,,,
581,4.841667,0.090946,0.088572,-0.079397,-0.002143,0.125282,-0.120097,,,
582,4.850000,0.091134,0.088569,-0.079586,-0.002017,0.125296,-0.119963,,,
583,4.858333,0.091375,0.088609,-0.079818,-0.001862,0.125344,-0.119868,,,
584,4.866667,0.091635,0.088660,-0.080116,-0.001664,0.125433,-0.119776,0.098900,0.054260,-0.119323
585,4.875000,0.091724,0.088705,-0.080183,-0.001478,0.125514,-0.119759,0.098908,0.054280,-0.119394
586,4.883333,0.091772,0.088707,-0.080225,-0.001403,0.125549,-0.119773,0.098902,0.054266,-0.119403
587,4.891667,0.091761,0.088715,-0.080272,-0.001434,0.125548,-0.119797,0.098891,0.054236,-0.119391
588,4.900000,0.091715,0.088732,-0.080316,-0.001491,0.125515,-0.119785,0.098881,0.054230,-0.119409
589,4.908333,0.091667,0.088774,-0.080395,-0.001579,0.125459,-0.119819,0.098874,0.054251,-0.119386
590,4.916667,0.091637,0.088847,-0.080498,-0.001688,0.125419,-0.119877,0.098888,0.054289,-0.119352
591,4.925000,0.091614,0.088935,-0.080618,-0.001800,0.125396,-0.119993,0.098902,0.054340,-0.119304
592,4.933333,0.091572,0.089035,-0.080756,-0.001935,0.125354,-0.120167,0.098911,0.054384,-0.119287
593,4.941667,0.091514,0.089139,-0.080867,-0.002053,0.125322,-0.120315,0.098926,0.054431,-0.119258
594,4.950000,0.091456,0.089250,-0.080979,-0.002167,0.125312,-0.120495,0.098940,0.054471,-0.119251
595,4.958333,0.091413,0.089358,-0.081087,-0.002251,0.125303,-0.120592,0.098950,0.054516,-0.119212
596,4.966667,0.091385,0.089483,-0.081206,-0.002308,0.125306,-0.120670,0.098965,0.054562,-0.119188
597,4.975000,0.091382,0.089630,-0.081365,-0.002346,0.125320,-0.120806,0.098996,0.054625,-0.119128
598,4.983333,0.091352,0.089798,-0.081469,-0.002368,0.125351,-0.120962,0.099048,0.054691,-0.119056
599,4.991667,0.091290,0.089981,-0.081547,-0.002387,0.125369,-0.121125,0.099151,0.054754,-0.118898
600,5.000000,0.091194,0.090188,-0.081578,-0.002430,0.125391,-0.121329,0.099294,0.054825,-0.118736
601,5.008333,0.091117,0.090382,-0.081677,-0.002485,0.125405,-0.121524,0.099394,0.054895,-0.118579
602,5.016667,0.090991,0.090596,-0.081706,-0.002538,0.125441,-0.121693,0.099519,0.054930,-0.118387
603,5.025000,0.090918,0.090732,-0.081882,-0.002637,0.125435,-0.121859,0.099537,0.055001,-0.118392
604,5.033333,0.090858,0.090856,-0.082006,-0.002736,0.125414,-0.121934,0.099562,0.055061,-0.118342
605,5.041667,0.090806,0.090966,-0.082074,-0.002810,0.125388,-0.121985,0.099590,0.055104,-0.118330
606,5.050000,0.090768,0.091072,-0.082186,-0.002915,0.125357,-0.122066,0.099708,0.055139,-0.118195
607,5.058333,0.090703,0.091186,-0.082164,-0.002988,0.125355,-0.122157,0.099807,0.055166,-0.118007
608,5.066667,0.090646,0.091294,-0.082196,-0.003020,0.125380,-0.122213,0.099856,0.055146,-0.117869
609,5.075000,0.090574,0.091408,-0.082167,-0.003033,0.125390,-0.122267,0.099874,0.055139,-0.117844
610,5.083333,0.090568,0.091446,-0.082169,-0.003059,0.125399,-0.122323,0.099889,0.055152,-0.117830
611,5.091667,0.090545,0.091481,-0.082128,-0.003036,0.125404,-0.122269,0.099930,0.055130,-0.117735
612,5.100000,0.090510,0.091506,-0.082066,-0.003027,0.125402,-0.122258,0.099951,0.055108,-0.117707
613,5.108333,0.090507,0.091514,-0.082072,-0.003060,0.125401,-0.122319,0.099952,0.055109,-0.117703
614,5.116667,0.090474,0.091544,-0.082068,-0.003079,0.125406,-0.122346,0.099945,0.055111,-0.117705
615,5.125000,0.090413,0.091597,-0.082067,-0.003115,0.125408,-0.122449,0.099932,0.055127,-0.117678
616,5.133333,0.090323,0.091678,-0.082043,-0.003161,0.125402,-0.122569,0.099922,0.055154,-0.117678
617,5.141667,0.090211,0.091761,-0.082083,-0.003212,0.125418,-0.122743,0.099901,0.055187,-0.117672
618,5.150000,0.090102,0.091799,-0.082113,-0.003269,0.125449,-0.122930,0.099858,0.055211,-0.117662
619,5.158333,0.089991,0.091772,-0.082131,-0.003312,0.125480,-0.123057,0.099800,0.055224,-0.117624
620,5.166667,0.089922,0.091697,-0.082069,-0.003317,0.125511,-0.123149,0.099717,0.055220,-0.117555
621,5.175000,0.089927,0.091575,-0.081905,-0.003268,0.125569,-0.123208,0.099625,0.055223,-0.117520
622,5.183333,0.089999,0.091430,-0.081806,-0.003170,0.125651,-0.123206,0.099461,0.055209,-0.117493
623,5.191667,0.090105,0.091238,-0.081711,-0.003006,0.125721,-0.123075,0.099264,0.055160,-0.117680
624,5.200000,0.090230,0.091021,-0.081659,-0.002875,0.125751,-0.122908,0.099091,0.055100,-0.117937
625,5.208333,0.090333,0.090788,-0.081530,-0.002744,0.125734,-0.122629,0.098936,0.055009,-0.118163
626,5.216667,0.090414,0.090541,-0.081393,-0.002601,0.125730,-0.122434,0.098816,0.054893,-0.118331
627,5.225000,0.090479,0.090288,-0.081170,-0.002447,0.125744,-0.122231,0.098681,0.054769,-0.118406
628,5.233333,0.090554,0.090081,-0.080949,-0.002323,0.125745,-0.122068,0.098569,0.054649,-0.118351
629,5.241667,0.090633,0.089905,-0.080764,-0.002200,0.125716,-0.121896,0.098441,0.054553,-0.118481
630,5.250000,0.090730,0.089753,-0.080680,-0.002059,0.125680,-0.121716,0.098331,0.054461,-0.118573
631,5.258333,0.090844,0.089612,-0.080570,-0.001888,0.125670,-0.121513,0.098216,0.054394,-0.118718
632,5.266667,0.090997,0.089452,-0.080463,-0.001723,0.125681,-0.121408,0.098122,0.054317,-0.118870
633,5.275000,0.091154,0.089331,-0.080468,-0.001518,0.125708,-0.121418,0.098050,0.054248,-0.119062
634,5.283333,0.091319,0.089249,-0.080517,-0.001309,0.125742,-0.121363,0.098011,0.054201,-0.119121
635,5.291667,0.091436,0.089209,-0.080502,-0.001147,0.125777,-0.121384,0.097987,0.054157,-0.119144
636,5.300000,0.091558,0.089203,-0.080546,-0.001018,0.125805,-0.121439,0.097978,0.054134,-0.119128
637,5.308333,0.091665,0.089223,-0.080634,-0.000913,0.125797,-0.121448,0.097984,0.054131,-0.119135
638,5.316667,0.091739,0.089282,-0.080708,-0.000851,0.125781,-0.121508,0.097999,0.054130,-0.119101
639,5.325000,0.091775,0.089404,-0.080791,-0.000841,0.125785,-0.121620,0.098029,0.054178,-0.119062
640,5.333333,0.091773,0.089608,-0.080999,-0.000894,0.125800,-0.121746,0.098083,0.054269,-0.118973
641,5.341667,0.091763,0.089848,-0.081225,-0.001036,0.125824,-0.121945,0.098178,0.054370,-0.118965
642,5.350000,0.091700,0.090119,-0.081431,-0.001253,0.125832,-0.122077,0.098295,0.054481,-0.118848
643,5.358333,0.091581,0.090413,-0.081652,-0.001556,0.125796,-0.122184,0.098561,0.054525,-0.118622
644,5.366667,0.091430,0.090762,-0.081813,-0.001916,0.125722,-0.122182,0.098784,0.054580,-0.118366
645,5.375000,0.091232,0.091068,-0.081985,-0.002305,0.125684,-0.122304,0.098966,0.054547,-0.118068
646,5.383333,0.091031,0.091345,-0.082225,-0.002627,0.125672,-0.122416,0.099171,0.054479,-0.117740
647,5.391667,0.090816,0.091675,-0.082412,-0.002962,0.125628,-0.122539,0.099340,0.054466,-0.117304
648,5.400000,0.090719,0.091902,-0.082626,-0.003242,0.125581,-0.122701,0.099454,0.054455,-0.117018
649,5.408333,0.090658,0.092115,-0.082923,-0.003397,0.125580,-0.122804,0.099618,0.054374,-0.116638
650,5.416667,0.090561,0.092310,-0.083117,-0.003536,0.125564,-0.122976,0.099753,0.054335,-0.116419
651,5.425000,0.090585,0.092456,-0.083447,-0.003669,0.125542,-0.123169,0.099892,0.054293,-0.116277
652,5.433333,0.090599,0.092654,-0.083721,-0.003711,0.125586,-0.123331,0.100129,0.054172,-0.115686
653,5.441667,0.090474,0.092866,-0.083750,-0.003765,0.125654,-0.123510,0.100226,0.054107,-0.115140
654,5.450000,0.090365,0.092973,-0.083783,-0.003908,0.125698,-0.123684,0.100282,0.054048,-0.114846
655,5.458333,0.090324,0.093047,-0.083963,-0.004029,0.125689,-0.123766,0.100295,0.054037,-0.114844
656,5.466667,0.090343,0.093101,-0.084123,-0.004117,0.125654,-0.123798,0.100312,0.054056,-0.114869
657,5.475000,0.090311,0.093159,-0.084152,-0.004174,0.125618,-0.123727,0.100320,0.054058,-0.114856
658,5.483333,0.090252,0.093204,-0.084098,-0.004275,0.125593,-0.123675,0.100328,0.054072,-0.114866
659,5.491667,0.090189,0.093254,-0.084063,-0.004365,0.125565,-0.123610,0.100322,0.054101,-0.114866
660,5.500000,0.090130,0.093293,-0.083995,-0.004433,0.125548,-0.123565,0.100324,0.054130,-0.114835
661,5.508333,0.090069,0.093344,-0.083905,-0.004471,0.125519,-0.123601,0.100339,0.054164,-0.114873
662,5.516667,0.090043,0.093375,-0.083874,-0.004465,0.125506,-0.123669,0.100347,0.054179,-0.114850
663,5.525000,0.090037,0.093420,-0.083891,-0.004400,0.125533,-0.123822,0.100414,0.054146,-0.114710
664,5.533333,0.089960,0.093533,-0.083825,-0.004301,0.125645,-0.124094,0.100481,0.054076,-0.114403
665,5.541667,0.089882,0.093632,-0.083744,-0.004231,0.125736,-0.124269,0.100472,0.054029,-0.114262
666,5.550000,0.089796,0.093763,-0.083713,-0.004198,0.125809,-0.124423,0.100480,0.054005,-0.114086
667,5.558333,0.089647,0.093907,-0.083630,-0.004206,0.125846,-0.124580,0.100503,0.053975,-0.113842
668,5.566667,0.089479,0.094021,-0.083630,-0.004285,0.125832,-0.124723,0.100513,0.053912,-0.113579
669,5.575000,0.089245,0.094122,-0.083613,-0.004429,0.125809,-0.124895,0.100489,0.053851,-0.113421
670,5.583333,0.089102,0.094175,-0.083651,-0.004590,0.125777,-0.125009,0.100460,0.053866,-0.113400
671,5.591667,0.089017,0.094284,-0.083710,-0.004701,0.125767,-0.125102,0.100450,0.053902,-0.113387
672,5.600000,0.088980,0.094369,-0.083783,-0.004743,0.125793,-0.125148,0.100437,0.053940,-0.113391
673,5.608333,0.088938,0.094474,-0.083899,-0.004815,0.125844,-0.125220,0.100429,0.053989,-0.113404
674,5.616667,0.088875,0.094564,-0.083975,-0.004906,0.125882,-0.125331,0.100422,0.054025,-0.113412
675,5.625000,0.088813,0.094612,-0.084041,-0.004994,0.125890,-0.125385,0.100412,0.054045,-0.113439
676,5.633333,0.088756,0.094633,-0.084077,-0.005058,0.125879,-0.125360,0.100391,0.054054,-0.113502
677,5.641667,0.088699,0.094638,-0.084107,-0.005139,0.125904,-0.125480,0.100366,0.054066,-0.113504
678,5.650000,0.088664,0.094619,-0.084114,-0.005188,0.125938,-0.125496,0.100338,0.054091,-0.113528
679,5.658333,0.088652,0.094568,-0.084123,-0.005214,0.125976,-0.125560,0.100302,0.054116,-0.113560
680,5.666667,0.088648,0.094501,-0.084119,-0.005223,0.126015,-0.125588,0.100231,0.054127,-0.113574
681,5.675000,0.088636,0.094391,-0.084097,-0.005231,0.126026,-0.125622,0.100131,0.054131,-0.113550
682,5.683333,0.088641,0.094223,-0.084006,-0.005249,0.126012,-0.125629,0.099972,0.054178,-0.113695
683,5.691667,0.088675,0.093927,-0.083856,-0.005272,0.125954,-0.125548,0.099626,0.054310,-0.114376
684,5.700000,0.088868,0.093490,-0.083894,-0.005259,0.125883,-0.125250,0.099300,0.054493,-0.115077
685,5.708333,0.089175,0.093057,-0.083937,-0.005133,0.125803,-0.124837,0.098924,0.054845,-0.116339
686,5.716667,0.089852,0.092532,-0.084207,-0.004836,0.125769,-0.124231,0.098607,0.055248,-0.117842
687,5.725000,0.090669,0.092123,-0.084643,-0.004376,0.125861,-0.123996,0.098350,0.055611,-0.119476
688,5.733333,0.091452,0.091745,-0.085114,-0.003703,0.125989,-0.123414,0.098098,0.055863,-0.120817
689,5.741667,0.092024,0.091411,-0.085289,-0.003078,0.126139,-0.123354,0.097799,0.055804,-0.121733
690,5.750000,0.092419,0.091162,-0.085451,-0.002595,0.126245,-0.123179,0.097459,0.055675,-0.122372
691,5.758333,0.092680,0.090959,-0.085571,-0.002330,0.126329,-0.123159,0.097268,0.055648,-0.122701
692,5.766667,0.092727,0.090853,-0.085367,-0.002157,0.126357,-0.123117,0.097138,0.055634,-0.122821
693,5.775000,0.092684,0.090743,-0.085179,-0.002101,0.126317,-0.123025,0.096987,0.055526,-0.122859
694,5.783333,0.092617,0.090696,-0.085082,-0.002096,0.126258,-0.122958,0.096919,0.055450,-0.122840
695,5.791667,0.092518,0.090651,-0.084864,-0.002086,0.126215,-0.122915,0.096879,0.055407,-0.122757
696,5.800000,0.092361,0.090634,-0.084695,-0.002129,0.126166,-0.122892,0.096836,0.055308,-0.122628
697,5.808333,0.092156,0.090662,-0.084498,-0.002253,0.126092,-0.122829,0.096794,0.055222,-0.122426
698,5.816667,0.091859,0.090773,-0.084246,-0.002435,0.126026,-0.122837,0.096743,0.055185,-0.122070
699,5.825000,0.091456,0.090941,-0.083957,-0.002690,0.125951,-0.122908,0.096682,0.055173,-0.121652
700,5.833333,0.090997,0.091197,-0.083659,-0.003057,0.125900,-0.123205,0.096600,0.055339,-0.121262
701,5.841667,0.090439,0.091531,-0.083195,-0.003477,0.125778,-0.123235,0.096496,0.055740,-0.120747
702,5.850000,0.089821,0.091874,-0.082913,-0.003997,0.125654,-0.123594,0.096331,0.056158,-0.120380
703,5.858333,0.089145,0.092206,-0.082380,-0.004569,0.125489,-0.123871,0.096130,0.056575,-0.119878
704,5.866667,0.088407,0.092567,-0.081893,-0.005178,0.125332,-0.124151,0.095934,0.057081,-0.119394
705,5.875000,0.087658,0.092943,-0.081426,-0.005747,0.125175,-0.124340,0.095730,0.057571,-0.118955
706,5.883333,0.086908,0.093297,-0.080833,-0.006375,0.125046,-0.124588,0.095509,0.058055,-0.118376
707,5.891667,0.086162,0.093610,-0.080328,-0.006958,0.124869,-0.124582,0.095271,0.058479,-0.117751
708,5.900000,0.085424,0.093834,-0.079770,-0.007571,0.124681,-0.124739,0.095047,0.058773,-0.117204
709,5.908333,0.084740,0.094022,-0.079276,-0.008077,0.124474,-0.124615,0.094820,0.059000,-0.116664
710,5.916667,0.084081,0.094209,-0.078906,-0.008646,0.124259,-0.124698,0.094626,0.059222,-0.116084
711,5.925000,0.083491,0.094366,-0.078456,-0.009093,0.124066,-0.124643,0.094456,0.059352,-0.115467
712,5.933333,0.082979,0.094516,-0.078097,-0.009522,0.123943,-0.124674,0.094323,0.059411,-0.114877
713,5.941667,0.082541,0.094648,-0.077719,-0.009864,0.123810,-0.124665,0.094221,0.059501,-0.114364
714,5.950000,0.082230,0.094733,-0.077370,-0.010128,0.123680,-0.124553,0.094159,0.059639,-0.114028
715,5.958333,0.082003,0.094770,-0.077111,-0.010345,0.123575,-0.124480,0.094121,0.059747,-0.113708
716,5.966667,0.081882,0.094762,-0.076908,-0.010492,0.123456,-0.124272,0.094111,0.059812,-0.113554
717,5.975000,0.081851,0.094720,-0.076782,-0.010580,0.123353,-0.124135,0.094128,0.059846,-0.113417
718,5.983333,0.081902,0.094643,-0.076674,-0.010566,0.123301,-0.123933,0.094177,0.059809,-0.113306
719,5.991667,0.082057,0.094543,-0.076585,-0.010469,0.123289,-0.123677,0.094255,0.059718,-0.113322
720,6.000000,0.082285,0.094430,-0.076690,-0.010294,0.123302,-0.123456,0.094372,0.059621,-0.113322
721,6.008333,0.082561,0.094325,-0.076757,-0.010065,0.123339,-0.123385,0.094520,0.059511,-0.113436
722,6.016667,0.082827,0.094219,-0.076773,-0.009813,0.123370,-0.123376,0.094674,0.059386,-0.113505
723,6.025000,0.083076,0.094126,-0.076800,-0.009551,0.123430,-0.123377,0.094815,0.059235,-0.113595
724,6.033333,0.083309,0.094067,-0.076985,-0.009280,0.123501,-0.123339,0.094960,0.059109,-0.113577
725,6.041667,0.083503,0.094044,-0.077110,-0.009040,0.123567,-0.123456,0.095094,0.059003,-0.113598
726,6.050000,0.083659,0.094024,-0.077163,-0.008822,0.123624,-0.123694,0.095191,0.058917,-0.113602
727,6.058333,0.083741,0.094043,-0.077225,-0.008631,0.123679,-0.123924,0.095268,0.058883,-0.113595
728,6.066667,0.083752,0.094081,-0.077258,-0.008497,0.123761,-0.124144,0.095331,0.058854,-0.113628
729,6.075000,0.083725,0.094115,-0.077209,-0.008411,0.123848,-0.124312,0.095365,0.058812,-0.113622
730,6.083333,0.083673,0.094158,-0.077171,-0.008324,0.123886,-0.124334,0.095399,0.058806,-0.113560
731,6.091667,0.083611,0.094205,-0.077133,-0.008274,0.123887,-0.124362,0.095419,0.058817,-0.113491
732,6.100000,0.083539,0.094239,-0.077063,-0.008251,0.123908,-0.124416,0.095423,0.058803,-0.113422
733,6.108333,0.083469,0.094262,-0.076980,-0.008248,0.123935,-0.124496,0.095423,0.058788,-0.113349
734,6.116667,0.083413,0.094254,-0.076899,-0.008236,0.123935,-0.124549,0.095440,0.058749,-0.113256
735,6.125000,0.083384,0.094235,-0.076828,-0.008195,0.123912,-0.124557,0.095456,0.058684,-0.113164
736,6.133333,0.083392,0.094207,-0.076756,-0.008107,0.123905,-0.124595,0.095504,0.058610,-0.113119
737,6.141667,0.083463,0.094185,-0.076768,-0.007995,0.123928,-0.124583,0.095578,0.058525,-0.113144
738,6.150000,0.083599,0.094149,-0.076792,-0.007852,0.123972,-0.124575,0.095678,0.058422,-0.113225
739,6.158333,0.083806,0.094098,-0.076787,-0.007671,0.124016,-0.124609,0.095820,0.058302,-0.113449
740,6.166667,0.084062,0.094044,-0.076895,-0.007454,0.124052,-0.124642,0.095974,0.058173,-0.113644
741,6.175000,0.084351,0.094026,-0.077147,-0.007188,0.124065,-0.124549,0.096152,0.058082,-0.113764
742,6.183333,0.084620,0.094017,-0.077366,-0.006973,0.124090,-0.124610,0.096311,0.058034,-0.113859
743,6.191667,0.084871,0.093959,-0.077574,-0.006799,0.124137,-0.124639,0.096450,0.057953,-0.114012
744,6.200000,0.085107,0.093888,-0.077782,-0.006677,0.124197,-0.124712,0.096546,0.057857,-0.114092
745,6.208333,0.085299,0.093858,-0.077945,-0.006588,0.124224,-0.124732,0.096629,0.057807,-0.114092
746,6.216667,0.085431,0.093836,-0.078077,-0.006540,0.124204,-0.124690,0.096710,0.057799,-0.114155
747,6.225000,0.085522,0.093801,-0.078214,-0.006542,0.124178,-0.124682,0.096743,0.057773,-0.114196
748,6.233333,0.085571,0.093766,-0.078326,-0.006602,0.124143,-0.124708,0.096750,0.057763,-0.114194
749,6.241667,0.085603,0.093733,-0.078436,-0.006689,0.124097,-0.124689,0.096737,0.057775,-0.114147
750,6.250000,0.085612,0.093715,-0.078478,-0.006780,0.124057,-0.124673,0.096715,0.057800,-0.114092
751,6.258333,0.085624,0.093718,-0.078502,-0.006850,0.124035,-0.124629,0.096693,0.057841,-0.114001
752,6.266667,0.085686,0.093698,-0.078586,-0.006866,0.124017,-0.124613,0.096699,0.057828,-0.113996
753,6.275000,0.085844,0.093641,-0.078763,-0.006810,0.124030,-0.124661,0.096735,0.057736,-0.114108
754,6.283333,0.086078,0.093560,-0.079062,-0.006662,0.124076,-0.124757,0.096830,0.057569,-0.114244
755,6.291667,0.086398,0.093422,-0.079275,-0.006417,0.124141,-0.124852,0.096958,0.057354,-0.114540
756,6.300000,0.086771,0.093301,-0.079528,-0.006044,0.124207,-0.124780,0.097111,0.057125,-0.114829
757,6.308333,0.087169,0.093225,-0.079967,-0.005690,0.124316,-0.124960,0.097290,0.056933,-0.115037
758,6.316667,0.087505,0.093203,-0.080199,-0.005389,0.124441,-0.125144,0.097445,0.056798,-0.115223
759,6.325000,0.087712,0.093197,-0.080307,-0.005134,0.124565,-0.125285,0.097560,0.056702,-0.115393
760,6.333333,0.087843,0.093181,-0.080374,-0.004863,0.124644,-0.125355,0.097635,0.056602,-0.115471
761,6.341667,0.087899,0.093176,-0.080401,-0.004704,0.124678,-0.125488,0.097698,0.056537,-0.115570
762,6.350000,0.087902,0.093180,-0.080365,-0.004612,0.124679,-0.125596,0.097731,0.056509,-0.115550
763,6.358333,0.087844,0.093215,-0.080229,-0.004575,0.124679,-0.125679,0.097738,0.056512,-0.115498
764,6.366667,0.087719,0.093293,-0.080048,-0.004607,0.124663,-0.125731,0.097735,0.056599,-0.115326
765,6.375000,0.087523,0.093416,-0.079866,-0.004711,0.124620,-0.125735,0.097723,0.056766,-0.115110
766,6.383333,0.087282,0.093541,-0.079718,-0.004915,0.124558,-0.125698,0.097672,0.056950,-0.114892
767,6.391667,0.087013,0.093600,-0.079413,-0.005186,0.124464,-0.125629,0.097611,0.057087,-0.114753
768,6.400000,0.086739,0.093650,-0.079094,-0.005416,0.124339,-0.125460,0.097545,0.057250,-0.114561
769,6.408333,0.086506,0.093707,-0.078916,-0.005646,0.124223,-0.125253,0.097480,0.057424,-0.114433
770,6.416667,0.086289,0.093764,-0.078729,-0.005875,0.124131,-0.125024,0.097434,0.057579,-0.114336
771,6.425000,0.086120,0.093804,-0.078515,-0.006109,0.124052,-0.124808,0.097389,0.057732,-0.114204
772,6.433333,0.085982,0.093825,-0.078309,-0.006339,0.123982,-0.124708,0.097342,0.057862,-0.114082
773,6.441667,0.085903,0.093837,-0.078201,-0.006496,0.123898,-0.124547,0.097312,0.057973,-0.114027
774,6.450000,0.085878,0.093825,-0.078128,-0.006611,0.123807,-0.124349,0.097303,0.058044,-0.114035
775,6.458333,0.085907,0.093784,-0.078160,-0.006688,0.123760,-0.124204,0.097300,0.058054,-0.114064
776,6.466667,0.085968,0.093726,-0.078191,-0.006720,0.123735,-0.124043,0.097308,0.058027,-0.114175
777,6.475000,0.086022,0.093665,-0.078266,-0.006709,0.123746,-0.123865,0.097331,0.057982,-0.114245
778,6.483333,0.086073,0.093611,-0.078288,-0.006675,0.123772,-0.123709,0.097375,0.057920,-0.114396
779,6.491667,0.086137,0.093585,-0.078340,-0.006637,0.123786,-0.123551,0.097420,0.057880,-0.114578
780,6.500000,0.086196,0.093573,-0.078432,-0.006625,0.123785,-0.123435,0.097463,0.057869,-0.114677
781,6.508333,0.086228,0.093579,-0.078498,-0.006635,0.123768,-0.123383,0.097488,0.057874,-0.114833
782,6.516667,0.086224,0.093613,-0.078561,-0.006666,0.123740,-0.123353,0.097494,0.057908,-0.114887
783,6.525000,0.086185,0.093679,-0.078581,-0.006730,0.123707,-0.123327,0.097486,0.057959,-0.114928
784,6.533333,0.086108,0.093770,-0.078596,-0.006798,0.123681,-0.123358,0.097455,0.058036,-0.114880
785,6.541667,0.086022,0.093880,-0.078555,-0.006872,0.123683,-0.123457,0.097424,0.058127,-0.114844
786,6.550000,0.085917,0.094000,-0.078553,-0.006933,0.123690,-0.123597,0.097405,0.058214,-0.114769
787,6.558333,0.085843,0.094104,-0.078554,-0.006983,0.123699,-0.123718,0.097412,0.058271,-0.114762
788,6.566667,0.085830,0.094182,-0.078634,-0.007001,0.123698,-0.123799,0.097448,0.058321,-0.114774
789,6.575000,0.085856,0.094268,-0.078704,-0.007001,0.123705,-0.123853,0.097497,0.058380,-0.114874
790,6.583333,0.085903,0.094357,-0.078794,-0.006986,0.123727,-0.123886,0.097555,0.058469,-0.114992
791,6.591667,0.085966,0.094463,-0.078949,-0.006990,0.123744,-0.123873,0.097617,0.058550,-0.115103
792,6.600000,0.085996,0.094536,-0.079019,-0.007006,0.123754,-0.123877,0.097657,0.058619,-0.115162
793,6.608333,0.085995,0.094592,-0.079066,-0.007041,0.123746,-0.123875,0.097681,0.058674,-0.115196
794,6.616667,0.085943,0.094644,-0.079032,-0.007104,0.123719,-0.123862,0.097689,0.058727,-0.115206
795,6.625000,0.085870,0.094684,-0.078969,-0.007192,0.123683,-0.123880,0.097690,0.058778,-0.115179
796,6.633333,0.085804,0.094719,-0.078928,-0.007282,0.123659,-0.123882,0.097689,0.058824,-0.115152
797,6.641667,0.085745,0.094755,-0.078880,-0.007385,0.123638,-0.123887,0.097697,0.058887,-0.115178
798,6.650000,0.085739,0.094787,-0.078907,-0.007455,0.123626,-0.123800,0.097716,0.058941,-0.115228
799,6.658333,0.085789,0.094809,-0.078999,-0.007504,0.123619,-0.123674,0.097757,0.058975,-0.115330
800,6.666667,0.085868,0.094837,-0.079112,-0.007550,0.123619,-0.123557,0.097819,0.059031,-0.115489
801,6.675000,0.085969,0.094863,-0.079289,-0.007572,0.123613,-0.123443,0.097882,0.059082,-0.115638
802,6.683333,0.086036,0.094881,-0.079410,-0.007588,0.123602,-0.123348,0.097928,0.059109,-0.115800
803,6.691667,0.086075,0.094908,-0.079491,-0.007616,0.123595,-0.123310,0.097957,0.059138,-0.115925
804,6.700000,0.086063,0.094964,-0.079498,-0.007654,0.123592,-0.123277,0.097976,0.059212,-0.116001
805,6.708333,0.086029,0.095042,-0.079539,-0.007718,0.123592,-0.123267,0.097994,0.059303,-0.116029
806,6.716667,0.085995,0.095108,-0.079506,-0.007785,0.123579,-0.123176,0.098012,0.059412,-0.116096
807,6.725000,0.085999,0.095173,-0.079535,-0.007838,0.123576,-0.123086,0.098047,0.059523,-0.116186
808,6.733333,0.086028,0.095218,-0.079577,-0.007877,0.123558,-0.122993,0.098111,0.059622,-0.116258
809,6.741667,0.086091,0.095231,-0.079650,-0.007883,0.123545,-0.122870,0.098176,0.059696,-0.116396
810,6.750000,0.086177,0.095227,-0.079680,-0.007868,0.123542,-0.122752,0.098256,0.059748,-0.116562
811,6.758333,0.086275,0.095195,-0.079731,-0.007829,0.123554,-0.122677,0.098346,0.059764,-0.116737
812,6.766667,0.086357,0.095155,-0.079741,-0.007775,0.123581,-0.122601,0.098408,0.059731,-0.116864
813,6.775000,0.086404,0.095105,-0.079738,-0.007719,0.123593,-0.122550,0.098454,0.059682,-0.116912
814,6.783333,0.086435,0.095063,-0.079713,-0.007668,0.123607,-0.122526,0.098495,0.059632,-0.116919
815,6.791667,0.086453,0.095026,-0.079699,-0.007621,0.123623,-0.122544,0.098520,0.059576,-0.116929
816,6.800000,0.086478,0.094977,-0.079688,-0.007555,0.123649,-0.122610,0.098556,0.059514,-0.116980
817,6.808333,0.086545,0.094941,-0.079695,-0.007476,0.123669,-0.122639,0.098594,0.059446,-0.117003
818,6.816667,0.086638,0.094937,-0.079766,-0.007395,0.123698,-0.122669,0.098656,0.059397,-0.117055
819,6.825000,0.086750,0.094936,-0.079889,-0.007294,0.123720,-0.122617,0.098736,0.059372,-0.117153
820,6.833333,0.086856,0.094940,-0.080025,-0.007202,0.123746,-0.122616,0.098807,0.059366,-0.117164
821,6.841667,0.086932,0.094940,-0.080081,-0.007141,0.123770,-0.122625,0.098870,0.059360,-0.117232
822,6.850000,0.086982,0.094945,-0.080128,-0.007099,0.123783,-0.122624,0.098908,0.059364,-0.117280
823,6.858333,0.087012,0.094955,-0.080132,-0.007081,0.123796,-0.122616,0.098934,0.059385,-0.117306
824,6.866667,0.087017,0.094967,-0.080139,-0.007088,0.123804,-0.122608,0.098949,0.059409,-0.117314
825,6.875000,0.087014,0.094977,-0.080114,-0.007097,0.123799,-0.122607,0.098959,0.059443,-0.117328
826,6.883333,0.087003,0.094987,-0.080107,-0.007109,0.123785,-0.122585,0.098966,0.059471,-0.117345
827,6.891667,0.087003,0.094984,-0.080086,-0.007107,0.123781,-0.122571,0.098974,0.059486,-0.117340
828,6.900000,0.087016,0.094974,-0.080076,-0.007093,0.123780,-0.122563,0.098986,0.059485,-0.117365
829,6.908333,0.087047,0.094973,-0.080135,-0.007068,0.123775,-0.122548,0.099008,0.059492,-0.117409
830,6.916667,0.087109,0.094989,-0.080176,-0.007051,0.123791,-0.122528,0.099037,0.059523,-0.117501
831,6.925000,0.087190,0.095008,-0.080239,-0.007021,0.123818,-0.122428,0.099080,0.059581,-0.117638
832,6.933333,0.087264,0.095021,-0.080256,-0.007004,0.123828,-0.122292,0.099123,0.059653,-0.117792
833,6.941667,0.087328,0.095041,-0.080312,-0.007012,0.123802,-0.122170,0.099157,0.059739,-0.117900
834,6.950000,0.087364,0.095040,-0.080317,-0.007044,0.123784,-0.122027,0.099181,0.059819,-0.118030
835,6.958333,0.087375,0.095053,-0.080291,-0.007124,0.123758,-0.121906,0.099178,0.059900,-0.118101
836,6.966667,0.087343,0.095080,-0.080245,-0.007215,0.123739,-0.121775,0.099179,0.060000,-0.118110
837,6.975000,0.087284,0.095131,-0.080169,-0.007329,0.123716,-0.121742,0.099159,0.060126,-0.118062
838,6.983333,0.087184,0.095196,-0.080064,-0.007472,0.123676,-0.121604,0.099118,0.060278,-0.118040
839,6.991667,0.087079,0.095247,-0.079957,-0.007606,0.123641,-0.121484,0.099080,0.060423,-0.117973
840,7.000000,0.086987,0.095283,-0.079855,-0.007732,0.123598,-0.121368,0.099040,0.060517,-0.117960
841,7.008333,0.086895,0.095300,-0.079756,-0.007836,0.123541,-0.121219,0.098992,0.060598,-0.117945
842,7.016667,0.086813,0.095308,-0.079645,-0.007929,0.123493,-0.121082,0.098964,0.060681,-0.117916
843,7.025000,0.086759,0.095325,-0.079602,-0.008028,0.123462,-0.120991,0.098942,0.060746,-0.117912
844,7.033333,0.086728,0.095336,-0.079572,-0.008117,0.123441,-0.120923,0.098927,0.060800,-0.117927
845,7.041667,0.086725,0.095333,-0.079569,-0.008185,0.123407,-0.120813,0.098928,0.060847,-0.117937
846,7.050000,0.086734,0.095325,-0.079576,-0.008227,0.123352,-0.120648,0.098932,0.060870,-0.117982
847,7.058333,0.086756,0.095307,-0.079563,-0.008252,0.123317,-0.120553,0.098948,0.060883,-0.117997
848,7.066667,0.086779,0.095296,-0.079572,-0.008271,0.123296,-0.120501,0.098956,0.060894,-0.118012
849,7.075000,0.086795,0.095277,-0.079570,-0.008268,0.123280,-0.120445,0.098962,0.060893,-0.118053
850,7.083333,0.086781,0.095232,-0.079528,-0.008257,0.123285,-0.120420,0.098948,0.060840,-0.118026
851,7.091667,0.086760,0.095191,-0.079478,-0.008232,0.123285,-0.120412,0.098936,0.060776,-0.118011
852,7.100000,0.086725,0.095168,-0.079465,-0.008215,0.123287,-0.120462,0.098921,0.060721,-0.117982
853,7.108333,0.086696,0.095143,-0.079435,-0.008210,0.123274,-0.120501,0.098906,0.060674,-0.117940
854,7.116667,0.086680,0.095143,-0.079463,-0.008220,0.123273,-0.120585,0.098900,0.060636,-0.117924
855,7.125000,0.086683,0.095157,-0.079476,-0.008218,0.123287,-0.120621,0.098911,0.060647,-0.117913
856,7.133333,0.086705,0.095173,-0.079492,-0.008206,0.123288,-0.120636,0.098927,0.060663,-0.117928
857,7.141667,0.086740,0.095180,-0.079538,-0.008160,0.123285,-0.120682,0.098947,0.060660,-0.117981
858,7.150000,0.086772,0.095178,-0.079574,-0.008132,0.123290,-0.120720,0.098957,0.060649,-0.117951
859,7.158333,0.086808,0.095169,-0.079605,-0.008104,0.123300,-0.120767,0.098972,0.060636,-0.117944
860,7.166667,0.086858,0.095161,-0.079662,-0.008058,0.123309,-0.120799,0.098990,0.060618,-0.117934
861,7.175000,0.086917,0.095164,-0.079706,-0.008002,0.123311,-0.120815,0.099016,0.060605,-0.117942
862,7.183333,0.086993,0.095168,-0.079769,-0.007939,0.123331,-0.120888,0.099048,0.060600,-0.117965
863,7.191667,0.087081,0.095175,-0.079899,-0.007868,0.123352,-0.120966,0.099088,0.060585,-0.118023
864,7.200000,0.087180,0.095167,-0.080002,-0.007800,0.123375,-0.121029,0.099129,0.060551,-0.118089
865,7.208333,0.087276,0.095152,-0.080146,-0.007742,0.123383,-0.121138,0.099161,0.060509,-0.118177
