Format Version,1.23,Take Name,jon nondominant actual,Take Notes,,Capture Frame Rate,120.000000,Export Frame Rate,120.000000,Capture Start Time,2024-01-30 11.18.11.825 AM,Capture Start Frame,40569,Total Frames in Take,632,Total Exported Frames,632,Rotation Type,Quaternion,Length Units,Meters,Coordinate Space,Global

,Type,Marker,Marker,Marker,Marker,Marker,Marker,Marker,Marker,Marker
,Name,Elbow:Unlabeled 1004,Elbow:Unlabeled 1004,Elbow:Unlabeled 1004,Hand:Unlabeled 1005,Hand:Unlabeled 1005,Hand:Unlabeled 1005,Shoulder:Unlabeled 1003,Shoulder:Unlabeled 1003,Shoulder:Unlabeled 1003
,ID,"5C746303BF9311EE38EB2661D80099A9","5C746303BF9311EE38EB2661D80099A9","5C746303BF9311EE38EB2661D80099A9","631F7487BF9311EE38EB2661D80099A9","631F7487BF9311EE38EB2661D80099A9","631F7487BF9311EE38EB2661D80099A9","2F3ECD8ABF9311EE38EB2661D80099A9","2F3ECD8ABF9311EE38EB2661D80099A9","2F3ECD8ABF9311EE38EB2661D80099A9"
,,Position,Position,Position,Position,Position,Position,Position,Position,Position
Frame,Time (Seconds),X,Y,Z,X,Y,Z,X,Y,Z
0,0.000000,0.029615,0.034960,0.151096,-0.019212,0.247504,-0.166688,0.043640,0.257334,0.302088
1,0.008333,0.029616,0.034995,0.151091,-0.019040,0.248578,-0.165888,0.043845,0.257234,0.302088
2,0.016667,0.029547,0.035002,0.151108,-0.019022,0.249530,-0.165312,0.044254,0.257146,0.302111
3,0.025000,0.029413,0.034978,0.151138,-0.019393,0.250251,-0.164807,0.044372,0.257006,0.302213
4,0.033333,0.029398,0.034965,0.151166,-0.019099,0.250933,-0.164236,0.044131,0.256893,0.302470
5,0.041667,0.029621,0.034998,0.151211,-0.019119,0.251285,-0.163934,0.044193,0.256788,0.302611
6,0.050000,0.029632,0.034960,0.151241,-0.018861,0.251589,-0.163632,0.044436,0.256692,0.302690
7,0.058333,0.029463,0.034863,0.151307,-0.019208,0.251632,-0.163636,0.044743,0.256620,0.302769
8,0.066667,0.029669,0.034858,0.151308,-0.018971,0.251436,-0.163729,0.044975,0.256568,0.302823
9,0.075000,0.029694,0.034810,0.151323,-0.018887,0.251069,-0.163989,0.045254,0.256530,0.302870
10,0.083333,0.029667,0.034715,0.151352,-0.018879,0.250572,-0.164285,0.045571,0.256484,0.302906
11,0.091667,0.029643,0.034543,0.151367,-0.018823,0.249975,-0.164668,0.045539,0.256436,0.303029
12,0.100000,0.029567,0.034396,0.151371,-0.018486,0.249274,-0.165188,0.045686,0.256401,0.303096
13,0.108333,0.029534,0.034280,0.151381,-0.018526,0.248468,-0.165749,0.045859,0.256357,0.303139
14,0.116667,0.029637,0.034205,0.151364,-0.018043,0.247607,-0.166295,0.046082,0.256288,0.303192
15,0.125000,0.029682,0.034145,0.151350,-0.018430,0.246718,-0.167096,0.046045,0.256218,0.303296
16,0.133333,0.029832,0.034117,0.151301,-0.017665,0.245826,-0.167547,0.046219,0.256162,0.303332
17,0.141667,0.029834,0.033984,0.151265,-0.018204,0.245052,-0.168320,0.046120,0.256111,0.303454
18,0.150000,0.029924,0.033912,0.151242,-0.017530,0.244244,-0.168683,0.046150,0.256010,0.303520
19,0.158333,0.030041,0.033879,0.151206,-0.017351,0.243643,-0.169126,0.046371,0.255946,0.303546
20,0.166667,0.030280,0.033884,0.151191,-0.017075,0.243115,-0.169450,0.046490,0.255871,0.303606
21,0.175000,0.030396,0.033858,0.151169,-0.017316,0.242755,-0.169864,0.046638,0.255829,0.303625
22,0.183333,0.030526,0.033842,0.151133,-0.016441,0.242582,-0.169818,0.046985,0.255781,0.303625
23,0.191667,0.030588,0.033811,0.151098,-0.016350,0.242456,-0.169902,0.047189,0.255725,0.303629
24,0.200000,0.030505,0.033737,0.151079,-0.016173,0.242418,-0.169906,0.047274,0.255664,0.303652
25,0.208333,0.030610,0.033733,0.151046,-0.016343,0.242413,-0.170009,0.047266,0.255616,0.303697
26,0.216667,0.030639,0.033735,0.151044,-0.016037,0.242488,-0.169855,0.047384,0.255569,0.303711
27,0.225000,0.030550,0.033702,0.151069,-0.016272,0.242601,-0.169898,0.047435,0.255525,0.303729
28,0.233333,0.030562,0.033722,0.151097,-0.016220,0.242794,-0.169818,0.047518,0.255518,0.303743
29,0.241667,0.030569,0.033718,0.151111,-0.016470,0.242965,-0.169744,0.047594,0.255500,0.303768
30,0.250000,0.030482,0.033669,0.151130,-0.016650,0.243206,-0.169591,0.047629,0.255466,0.303803
31,0.258333,0.030589,0.033708,0.151160,-0.016143,0.243507,-0.169219,0.047670,0.255434,0.303834
32,0.266667,0.030697,0.033748,0.151184,-0.016814,0.243752,-0.169221,0.047684,0.255405,0.303877
33,0.275000,0.030584,0.033706,0.151185,-0.016504,0.244063,-0.168905,0.047623,0.255378,0.303943
34,0.283333,0.030717,0.033780,0.151201,-0.016495,0.244287,-0.168708,0.047694,0.255374,0.303950
35,0.291667,0.030726,0.033804,0.151196,-0.016459,0.244528,-0.168566,0.047732,0.255352,0.303974
36,0.300000,0.030631,0.033794,0.151204,-0.016448,0.244771,-0.168435,0.047844,0.255331,0.303973
37,0.308333,0.030623,0.033795,0.151196,-0.016464,0.244887,-0.168345,0.047917,0.255275,0.303970
38,0.316667,0.030691,0.033804,0.151174,-0.016559,0.244970,-0.168335,0.047954,0.255239,0.303957
39,0.325000,0.030653,0.033794,0.151160,-0.016554,0.244971,-0.168344,0.047932,0.255218,0.303953
40,0.333333,0.030661,0.033806,0.151144,-0.016509,0.244871,-0.168395,0.047915,0.255219,0.303934
41,0.341667,0.030630,0.033820,0.151135,-0.016631,0.244659,-0.168597,0.047983,0.255233,0.303888
42,0.350000,0.030577,0.033813,0.151113,-0.016503,0.244374,-0.168721,0.047930,0.255235,0.303877
43,0.358333,0.030444,0.033754,0.151104,-0.016701,0.244090,-0.169009,0.047910,0.255220,0.303866
44,0.366667,0.030519,0.033796,0.151156,-0.017096,0.243712,-0.169294,0.047864,0.255185,0.303870
45,0.375000,0.030262,0.033789,0.151256,-0.016922,0.243444,-0.169149,0.047893,0.255135,0.303863
46,0.383333,0.029758,0.033839,0.151522,-0.016620,0.243746,-0.168454,0.047935,0.255095,0.303826
47,0.391667,0.029558,0.034492,0.151810,-0.016617,0.245311,-0.166687,0.048255,0.255081,0.303634
48,0.400000,0.029445,0.035555,0.152095,-0.017142,0.249258,-0.163447,0.048641,0.255239,0.303319
49,0.408333,0.028742,0.036275,0.152445,-0.017665,0.256206,-0.158013,0.049491,0.255532,0.302880
50,0.416667,0.028627,0.036896,0.152883,-0.017831,0.265952,-0.150258,0.050247,0.256055,0.302535
51,0.425000,0.028017,0.037166,0.153497,-0.017962,0.277726,-0.140217,0.050479,0.256510,0.302237
52,0.433333,0.028383,0.037579,0.153959,-0.017925,0.290711,-0.128013,0.050249,0.256956,0.301970
53,0.441667,0.028000,0.037856,0.154361,-0.018270,0.304292,-0.114130,0.050388,0.257346,0.301369
54,0.450000,0.027959,0.038223,0.154635,-0.018276,0.318216,-0.098494,0.049009,0.257667,0.300937
55,0.458333,0.028135,0.038619,0.154746,-0.019256,0.331709,-0.081670,0.047963,0.258015,0.300168
56,0.466667,0.028524,0.038989,0.154782,-0.020272,0.344794,-0.063841,0.046576,0.258248,0.299457
57,0.475000,0.028769,0.039144,0.154750,-0.020996,0.356645,-0.045012,0.045459,0.258272,0.298699
58,0.483333,0.029237,0.039145,0.154727,-0.021559,0.367180,-0.025776,0.044544,0.258043,0.297956
59,0.491667,0.029312,0.038837,0.154756,-0.022255,0.376110,-0.006422,0.044461,0.257526,0.297087
60,0.500000,0.029964,0.038389,0.154929,-0.022449,0.383138,0.012690,0.044484,0.256869,0.296300
61,0.508333,0.030819,0.037923,0.155387,-0.022682,0.388424,0.030785,0.044737,0.256260,0.295759
62,0.516667,0.030886,0.036970,0.156061,-0.023083,0.392168,0.047552,0.045426,0.255859,0.295215
63,0.525000,0.031843,0.036329,0.156949,-0.023793,0.394876,0.062282,0.046207,0.255951,0.294946
64,0.533333,0.031833,0.035552,0.158150,-0.023963,0.396607,0.074193,0.046962,0.256591,0.295008
65,0.541667,0.032111,0.035202,0.159565,-0.023619,0.397545,0.082234,0.046532,0.257701,0.295455
66,0.550000,0.031833,0.035080,0.160972,-0.023411,0.397750,0.085419,0.046146,0.258995,0.295897
67,0.558333,0.031814,0.035308,0.162118,-0.022725,0.397045,0.083057,0.045517,0.260048,0.296556
68,0.566667,0.031095,0.035438,0.162987,-0.022187,0.395316,0.074957,0.044887,0.260620,0.297249
69,0.575000,0.030788,0.035821,0.163631,-0.021032,0.392345,0.061717,0.044677,0.260724,0.298227
70,0.583333,0.030116,0.036226,0.164039,-0.019901,0.387940,0.044381,0.045093,0.260639,0.299367
71,0.591667,0.029966,0.037060,0.164111,-0.018652,0.381740,0.023762,0.045163,0.260504,0.300942
72,0.600000,0.029578,0.037654,0.163951,-0.017810,0.373665,0.000726,0.046334,0.260525,0.302262
73,0.608333,0.029605,0.038298,0.163437,-0.015745,0.362722,-0.023918,0.046902,0.260766,0.303412
74,0.616667,0.029603,0.038468,0.162544,-0.015246,0.349065,-0.050024,0.046922,0.261046,0.304423
75,0.625000,0.029995,0.038378,0.161194,-0.013683,0.332163,-0.076504,0.046585,0.261130,0.305401
76,0.633333,0.030535,0.038057,0.159585,-0.012467,0.312400,-0.102739,0.047005,0.260988,0.306159
77,0.641667,0.031125,0.037577,0.157858,-0.010939,0.290067,-0.127938,0.046738,0.260561,0.306937
78,0.650000,0.032059,0.037234,0.155897,-0.009376,0.265523,-0.151447,0.046286,0.259856,0.307563
79,0.658333,0.032032,0.036101,0.153673,-0.006704,0.239109,-0.172511,0.045995,0.259023,0.307699
80,0.666667,0.032929,0.034723,0.151390,-0.005530,0.211546,-0.190832,0.045921,0.257987,0.307335
81,0.675000,0.033985,0.032296,0.149416,-0.004317,0.185033,-0.204913,0.046521,0.256728,0.306390
82,0.683333,0.034138,0.028408,0.147608,-0.002954,0.162962,-0.214403,0.047611,0.255213,0.304937
83,0.691667,0.033265,0.025653,0.146530,-0.001877,0.148214,-0.220589,0.049437,0.253860,0.302904
84,0.700000,0.031149,0.024426,0.145956,-0.000099,0.141032,-0.223563,0.051096,0.252658,0.300755
85,0.708333,0.030314,0.025365,0.146042,0.001454,0.141870,-0.223499,0.052543,0.251775,0.298510
86,0.716667,0.029925,0.027591,0.146653,0.001228,0.151124,-0.220573,0.052942,0.252185,0.296966
87,0.725000,0.029938,0.029829,0.147343,-0.000288,0.167808,-0.214106,0.051264,0.253821,0.296546
88,0.733333,0.028755,0.031143,0.147921,-0.002323,0.190303,-0.204203,0.048443,0.255862,0.296323
89,0.741667,0.028466,0.032599,0.148410,-0.005450,0.216519,-0.190864,0.045098,0.257185,0.296464
90,0.750000,0.027854,0.034943,0.149006,-0.008446,0.245323,-0.173765,0.043135,0.258361,0.296727
91,0.758333,0.027578,0.037102,0.148978,-0.010820,0.274365,-0.152580,0.042700,0.258422,0.296639
92,0.766667,0.027140,0.038976,0.148536,-0.013464,0.302778,-0.127856,0.042727,0.257944,0.296074
93,0.775000,0.026459,0.040482,0.148139,-0.015351,0.328880,-0.099689,0.043075,0.257515,0.295007
94,0.783333,0.026807,0.041881,0.147576,-0.017668,0.351711,-0.069629,0.043067,0.257297,0.293661
95,0.791667,0.026884,0.042981,0.146625,-0.018984,0.370434,-0.039373,0.042866,0.257599,0.291876
96,0.800000,0.027116,0.044366,0.145026,-0.020278,0.384964,-0.011517,0.042751,0.258460,0.290016
97,0.808333,0.026858,0.045782,0.144062,-0.020874,0.394733,0.011816,0.042286,0.259570,0.288627
98,0.816667,0.026246,0.046275,0.144430,-0.021665,0.399847,0.029002,0.041295,0.260809,0.288144
99,0.825000,0.025011,0.045093,0.146040,-0.022071,0.400705,0.039015,0.040697,0.261871,0.288301
100,0.833333,0.024503,0.043189,0.148693,-0.022875,0.398054,0.041161,0.039509,0.262550,0.288792
101,0.841667,0.024989,0.040597,0.151984,-0.023456,0.392150,0.035498,0.038826,0.262415,0.288931
102,0.850000,0.024339,0.037035,0.155813,-0.024210,0.383045,0.022477,0.038662,0.261438,0.289035
103,0.858333,0.024646,0.033599,0.158990,-0.024414,0.372380,0.003515,0.039365,0.260109,0.289182
104,0.866667,0.024465,0.032093,0.160422,-0.023851,0.363249,-0.020214,0.040948,0.259441,0.289659
105,0.875000,0.024330,0.033367,0.159636,-0.021881,0.352143,-0.047239,0.042810,0.260555,0.290939
106,0.883333,0.025344,0.034197,0.157329,-0.020031,0.335864,-0.075039,0.044574,0.261256,0.292419
107,0.891667,0.027008,0.034216,0.154221,-0.018111,0.314462,-0.102715,0.044908,0.260909,0.293616
108,0.900000,0.027132,0.036231,0.150369,-0.015720,0.291830,-0.130316,0.044121,0.262483,0.293679
109,0.908333,0.027239,0.036991,0.146175,-0.012961,0.266200,-0.155800,0.043381,0.263025,0.293264
110,0.916667,0.027602,0.036590,0.142457,-0.010666,0.238783,-0.177988,0.043023,0.262182,0.292730
111,0.925000,0.028014,0.034812,0.139851,-0.008326,0.211784,-0.195325,0.043575,0.260818,0.292115
112,0.933333,0.027855,0.030989,0.137611,-0.006404,0.188389,-0.207536,0.044493,0.259020,0.290889
113,0.941667,0.027151,0.026891,0.136504,-0.005238,0.170972,-0.215956,0.045759,0.256994,0.288772
114,0.950000,0.025056,0.024853,0.136172,-0.001946,0.161225,-0.220527,0.047062,0.255235,0.285728
115,0.958333,0.023657,0.025480,0.135867,0.000670,0.160417,-0.222312,0.047229,0.254405,0.282231
116,0.966667,0.022851,0.027770,0.135968,0.001875,0.168376,-0.219982,0.046383,0.255352,0.279651
117,0.975000,0.022001,0.030195,0.136543,0.001844,0.184583,-0.213003,0.045301,0.257503,0.279433
118,0.983333,0.021885,0.031461,0.136650,0.000562,0.206439,-0.202384,0.044399,0.258383,0.280264
119,0.991667,0.022026,0.032543,0.136925,-0.001730,0.231723,-0.187765,0.043748,0.258173,0.281451
120,1.000000,0.021863,0.034550,0.137778,-0.004464,0.259018,-0.168936,0.043638,0.258377,0.282476
121,1.008333,0.021433,0.036210,0.138575,-0.008436,0.285992,-0.146381,0.044200,0.257823,0.283229
122,1.016667,0.022257,0.037750,0.138720,-0.012687,0.311272,-0.120952,0.044220,0.256949,0.283353
123,1.025000,0.023070,0.038587,0.138370,-0.016665,0.333532,-0.093555,0.044004,0.256106,0.282676
124,1.033333,0.024137,0.039083,0.137877,-0.020576,0.352459,-0.064969,0.043457,0.255785,0.281553
125,1.041667,0.024601,0.039485,0.137369,-0.024073,0.367766,-0.036847,0.043051,0.256374,0.280119
126,1.050000,0.025368,0.039757,0.136903,-0.027089,0.378803,-0.010967,0.041848,0.257217,0.278450
127,1.058333,0.025836,0.039390,0.137043,-0.028197,0.385576,0.011365,0.041685,0.258151,0.277011
128,1.066667,0.025920,0.038028,0.138390,-0.029211,0.388245,0.028543,0.041787,0.258644,0.276362
129,1.075000,0.026028,0.035603,0.140858,-0.029846,0.388024,0.039315,0.041459,0.258399,0.276229
130,1.083333,0.025232,0.032564,0.143414,-0.030222,0.387068,0.042722,0.041646,0.257572,0.276430
131,1.091667,0.025329,0.031540,0.145627,-0.030281,0.386499,0.038594,0.042174,0.257687,0.277556
132,1.100000,0.024942,0.031744,0.147113,-0.029245,0.384025,0.027424,0.043647,0.258654,0.279558
133,1.108333,0.025597,0.032754,0.147920,-0.028508,0.378767,0.010405,0.044801,0.259688,0.281661
134,1.116667,0.025528,0.033390,0.148365,-0.027735,0.370287,-0.010749,0.045819,0.260102,0.283293
135,1.125000,0.026222,0.034433,0.148193,-0.026592,0.359120,-0.034933,0.046104,0.260186,0.284504
136,1.133333,0.026672,0.035405,0.147298,-0.023749,0.345067,-0.060664,0.045807,0.260116,0.285368
137,1.141667,0.027004,0.036348,0.145804,-0.021016,0.328233,-0.087225,0.045313,0.259955,0.286170
138,1.150000,0.027578,0.036709,0.143624,-0.017738,0.308505,-0.113457,0.045236,0.259773,0.286620
139,1.158333,0.028130,0.036104,0.140867,-0.014780,0.285942,-0.138834,0.044962,0.259439,0.286861
140,1.166667,0.028839,0.034861,0.138011,-0.011098,0.261285,-0.162195,0.044888,0.259249,0.286758
141,1.175000,0.029456,0.032979,0.135630,-0.007073,0.234881,-0.182815,0.045018,0.258908,0.286343
142,1.183333,0.029163,0.030240,0.133808,-0.003725,0.207926,-0.200282,0.045919,0.258061,0.285670
143,1.191667,0.028984,0.027420,0.132650,0.000093,0.183085,-0.213495,0.047516,0.256660,0.284988
144,1.200000,0.028554,0.025420,0.131984,0.003525,0.163435,-0.222415,0.049623,0.254955,0.284311
145,1.208333,0.027375,0.024242,0.132086,0.006651,0.150988,-0.227117,0.051724,0.253404,0.283560
146,1.216667,0.025432,0.023949,0.132719,0.009848,0.146966,-0.227883,0.052135,0.252530,0.282797
147,1.225000,0.024299,0.024934,0.133745,0.011626,0.151989,-0.225627,0.052612,0.253301,0.282065
148,1.233333,0.023496,0.026664,0.134822,0.012721,0.165761,-0.219768,0.051721,0.255287,0.281874
149,1.241667,0.023103,0.028819,0.135864,0.011977,0.186316,-0.210831,0.050479,0.257190,0.281975
150,1.250000,0.022625,0.029415,0.136529,0.010176,0.210286,-0.198284,0.049571,0.256783,0.282466
151,1.258333,0.023158,0.031490,0.136823,0.006935,0.237976,-0.181945,0.049098,0.256484,0.282937
152,1.266667,0.022876,0.033349,0.136975,0.003371,0.266344,-0.161311,0.048680,0.256279,0.283163
153,1.275000,0.023158,0.034852,0.136775,-0.000977,0.293695,-0.136993,0.047937,0.255568,0.283090
154,1.283333,0.023292,0.035632,0.136491,-0.005206,0.318569,-0.109408,0.047680,0.254683,0.282537
155,1.291667,0.023913,0.036218,0.136072,-0.009678,0.340168,-0.079808,0.047049,0.254124,0.281852
156,1.300000,0.024900,0.037129,0.135710,-0.014156,0.358286,-0.049183,0.047000,0.254423,0.280735
157,1.308333,0.025472,0.037507,0.135651,-0.018628,0.372352,-0.019090,0.047219,0.255059,0.279173
158,1.316667,0.025083,0.037137,0.136115,-0.022162,0.382034,0.008971,0.046933,0.255661,0.277577
159,1.325000,0.025308,0.035991,0.137040,-0.024939,0.387776,0.032772,0.045620,0.255935,0.276067
160,1.333333,0.024763,0.034083,0.138160,-0.026706,0.390957,0.050425,0.044904,0.255845,0.274728
161,1.341667,0.024458,0.032368,0.139119,-0.028348,0.392456,0.060492,0.044053,0.255676,0.274325
162,1.350000,0.024469,0.031467,0.140031,-0.028521,0.392323,0.062482,0.044506,0.255817,0.274754
163,1.358333,0.023798,0.031091,0.140910,-0.028056,0.390730,0.056081,0.044977,0.256043,0.276154
164,1.366667,0.023191,0.031391,0.141819,-0.027570,0.387329,0.041812,0.046281,0.256239,0.277640
165,1.375000,0.023283,0.032720,0.142339,-0.026036,0.381848,0.021015,0.047131,0.256492,0.278857
166,1.383333,0.022792,0.034120,0.142753,-0.024056,0.373432,-0.004389,0.047566,0.256778,0.279983
167,1.391667,0.022628,0.035256,0.142974,-0.021494,0.361617,-0.032329,0.047788,0.257147,0.280939
168,1.400000,0.022879,0.036016,0.142870,-0.018519,0.346272,-0.061747,0.047158,0.257431,0.281930
169,1.408333,0.023448,0.036173,0.141583,-0.016095,0.327020,-0.092048,0.046557,0.257646,0.282775
170,1.416667,0.024059,0.035608,0.139055,-0.013637,0.304216,-0.122084,0.046481,0.257707,0.283308
171,1.425000,0.025617,0.034571,0.136075,-0.010868,0.277857,-0.150224,0.046530,0.257498,0.283837
172,1.433333,0.026817,0.032893,0.133440,-0.008841,0.248952,-0.175622,0.046977,0.256913,0.284144
173,1.441667,0.027839,0.030604,0.131313,-0.006819,0.218364,-0.197383,0.047885,0.255963,0.284277
174,1.450000,0.028645,0.027722,0.129882,-0.004559,0.186888,-0.215194,0.048923,0.254628,0.284153
175,1.458333,0.029022,0.024522,0.128902,-0.002298,0.157206,-0.228336,0.050304,0.253087,0.283619
176,1.466667,0.028617,0.021886,0.128424,-0.000301,0.132940,-0.236854,0.051568,0.251823,0.282954
177,1.475000,0.028251,0.020869,0.128547,0.001819,0.116686,-0.241117,0.053134,0.251398,0.282134
178,1.483333,0.027544,0.021019,0.129342,0.003498,0.110702,-0.242151,0.053445,0.252177,0.281603
179,1.491667,0.026972,0.022306,0.130440,0.003792,0.116371,-0.240415,0.053127,0.254128,0.281271
180,1.500000,0.026780,0.024609,0.131778,0.002934,0.132772,-0.235500,0.051937,0.256587,0.281302
181,1.508333,0.026549,0.026481,0.133033,0.000613,0.156071,-0.227242,0.050718,0.257841,0.281503
182,1.516667,0.026958,0.027792,0.133739,-0.002890,0.183266,-0.215838,0.049866,0.257374,0.281866
183,1.525000,0.027152,0.030585,0.133850,-0.006970,0.214402,-0.200471,0.049185,0.257711,0.282334
184,1.533333,0.027284,0.033234,0.133700,-0.011819,0.246604,-0.180556,0.048769,0.257659,0.282560
185,1.541667,0.027109,0.035334,0.133110,-0.015949,0.278284,-0.155860,0.048728,0.256969,0.282107
186,1.550000,0.027373,0.036774,0.132186,-0.020223,0.306950,-0.127565,0.048245,0.256031,0.281121
187,1.558333,0.027732,0.037581,0.131232,-0.024762,0.331285,-0.097222,0.047416,0.255016,0.279632
188,1.566667,0.027553,0.037978,0.130568,-0.028638,0.351004,-0.066470,0.047098,0.254668,0.277596
189,1.575000,0.027303,0.037880,0.130352,-0.031163,0.364994,-0.038069,0.046657,0.254870,0.275650
190,1.583333,0.026456,0.037115,0.131189,-0.032651,0.373612,-0.014439,0.046232,0.255647,0.274219
191,1.591667,0.025375,0.035577,0.133220,-0.032696,0.378115,0.003109,0.045464,0.256445,0.273138
192,1.600000,0.024165,0.034009,0.135687,-0.033510,0.380869,0.013130,0.044189,0.257097,0.272714
193,1.608333,0.023239,0.033092,0.137936,-0.033388,0.381397,0.014874,0.044376,0.258113,0.272834
194,1.616667,0.023243,0.032978,0.139591,-0.032771,0.379358,0.008091,0.044331,0.258905,0.273589
195,1.625000,0.023213,0.033056,0.141272,-0.032251,0.374072,-0.006005,0.044659,0.259326,0.274672
196,1.633333,0.023491,0.033482,0.142268,-0.031220,0.365288,-0.026290,0.044840,0.259375,0.275834
197,1.641667,0.023522,0.034504,0.141956,-0.028619,0.353181,-0.050995,0.045275,0.259556,0.276440
198,1.650000,0.023945,0.035797,0.140331,-0.025824,0.337885,-0.078174,0.044718,0.259735,0.276734
199,1.658333,0.024820,0.036895,0.138026,-0.021668,0.319260,-0.105787,0.043841,0.259966,0.277116
200,1.666667,0.025702,0.036829,0.135379,-0.017358,0.297067,-0.132996,0.043251,0.260113,0.277415
201,1.675000,0.027012,0.035686,0.132475,-0.012351,0.271855,-0.158831,0.042715,0.260204,0.277341
202,1.683333,0.027768,0.033442,0.129632,-0.007262,0.244939,-0.181720,0.042532,0.260044,0.276605
203,1.691667,0.028380,0.030787,0.127225,-0.003684,0.217749,-0.201072,0.043060,0.259588,0.275612
204,1.700000,0.028730,0.028130,0.125845,-0.000190,0.192143,-0.215779,0.043780,0.258809,0.274898
205,1.708333,0.028206,0.025855,0.125505,0.002632,0.170731,-0.225898,0.045313,0.257911,0.274321
206,1.716667,0.026900,0.024295,0.126065,0.005435,0.155154,-0.231840,0.046452,0.256939,0.273918
207,1.725000,0.026760,0.024078,0.126925,0.008050,0.147105,-0.234196,0.047054,0.256449,0.273333
208,1.733333,0.025866,0.024786,0.127825,0.010199,0.147989,-0.233140,0.046644,0.257028,0.273053
209,1.741667,0.024879,0.026129,0.128762,0.010756,0.158057,-0.229065,0.046301,0.258552,0.272956
210,1.750000,0.024158,0.028039,0.129861,0.011440,0.176433,-0.221016,0.045434,0.260425,0.273007
211,1.758333,0.023852,0.029828,0.131036,0.010008,0.199615,-0.209856,0.044422,0.261143,0.273476
212,1.766667,0.023880,0.031123,0.132140,0.007342,0.225875,-0.194473,0.044284,0.260572,0.274244
213,1.775000,0.024033,0.033199,0.132944,0.003958,0.254917,-0.174622,0.043652,0.260449,0.275043
214,1.783333,0.024852,0.034958,0.133142,-0.000814,0.283697,-0.150814,0.043021,0.259926,0.275247
215,1.791667,0.025098,0.036041,0.132785,-0.005988,0.311235,-0.123175,0.042455,0.259072,0.274900
216,1.800000,0.025750,0.036584,0.132048,-0.010654,0.335510,-0.091911,0.042120,0.257895,0.274088
217,1.808333,0.026662,0.037107,0.131224,-0.015569,0.355780,-0.059059,0.042152,0.257044,0.272895
218,1.816667,0.026656,0.037212,0.130281,-0.019170,0.371061,-0.026767,0.042698,0.256822,0.271122
219,1.825000,0.026859,0.036784,0.130174,-0.022708,0.380999,0.002336,0.042620,0.256920,0.269627
220,1.833333,0.025974,0.035512,0.131762,-0.025523,0.386613,0.027247,0.042929,0.257377,0.268711
221,1.841667,0.025029,0.033708,0.134398,-0.027843,0.389880,0.046701,0.042076,0.257610,0.268355
222,1.850000,0.024107,0.032419,0.136862,-0.028782,0.392043,0.058819,0.041295,0.258560,0.268128
223,1.858333,0.024055,0.032139,0.138626,-0.029636,0.393045,0.062883,0.041461,0.259770,0.268270
224,1.866667,0.023644,0.032169,0.140280,-0.029873,0.392425,0.059055,0.041669,0.260790,0.269226
225,1.875000,0.023185,0.032281,0.141771,-0.030535,0.390005,0.047570,0.042186,0.261415,0.270653
226,1.883333,0.023543,0.033108,0.142648,-0.029730,0.385008,0.029135,0.042475,0.261536,0.272295
227,1.891667,0.023129,0.034210,0.142779,-0.028099,0.377274,0.005093,0.042697,0.261336,0.273739
228,1.900000,0.023140,0.035469,0.142658,-0.025658,0.366325,-0.022913,0.042722,0.261008,0.274991
229,1.908333,0.023452,0.036440,0.142294,-0.021605,0.351678,-0.052953,0.042716,0.260863,0.276314
230,1.916667,0.024286,0.036992,0.141181,-0.017138,0.333080,-0.083931,0.042692,0.260977,0.277558
231,1.925000,0.025503,0.036780,0.138614,-0.012626,0.310801,-0.114636,0.042656,0.261232,0.278288
232,1.933333,0.026092,0.035573,0.135558,-0.007850,0.285070,-0.143923,0.042416,0.261415,0.278494
233,1.941667,0.027532,0.033983,0.132676,-0.003381,0.255924,-0.170821,0.042703,0.261216,0.278556
234,1.950000,0.028763,0.031553,0.130619,0.000757,0.224366,-0.194205,0.043129,0.260531,0.278741
235,1.958333,0.029336,0.028319,0.129100,0.004637,0.192052,-0.212975,0.043963,0.259248,0.278770
236,1.966667,0.029348,0.025132,0.128022,0.008320,0.162301,-0.226727,0.044934,0.257750,0.278404
237,1.975000,0.029015,0.022824,0.127340,0.010910,0.137735,-0.236045,0.046276,0.256498,0.277600
238,1.983333,0.028170,0.021538,0.127323,0.014184,0.120723,-0.240690,0.047240,0.255715,0.276550
239,1.991667,0.027120,0.021509,0.127945,0.018066,0.113449,-0.241282,0.047352,0.256045,0.275376
240,2.000000,0.026115,0.022798,0.128892,0.017784,0.116995,-0.240861,0.047185,0.257956,0.274239
241,2.008333,0.025425,0.025091,0.130131,0.016938,0.131792,-0.236524,0.045901,0.260627,0.273782
242,2.016667,0.025106,0.026881,0.131177,0.015262,0.154089,-0.228776,0.044378,0.262156,0.273691
243,2.025000,0.024709,0.027881,0.131937,0.012071,0.180138,-0.217918,0.043172,0.261718,0.273938
244,2.033333,0.024715,0.030564,0.132170,0.007376,0.210345,-0.203431,0.042928,0.261936,0.274524
245,2.041667,0.024330,0.032883,0.132136,0.002772,0.242020,-0.184061,0.043252,0.261463,0.275194
246,2.050000,0.024071,0.034727,0.131408,-0.002613,0.273752,-0.160123,0.043727,0.260174,0.275335
247,2.058333,0.024231,0.036079,0.130225,-0.008627,0.303323,-0.132125,0.043700,0.258447,0.274498
248,2.066667,0.024462,0.037033,0.128988,-0.014111,0.329627,-0.100269,0.042726,0.257013,0.272996
249,2.075000,0.024499,0.037912,0.127871,-0.019094,0.351819,-0.065969,0.042213,0.256375,0.270886
250,2.083333,0.024444,0.038048,0.127144,-0.023606,0.368685,-0.031476,0.041820,0.256038,0.268492
251,2.091667,0.023743,0.037594,0.127430,-0.026792,0.380227,0.001039,0.041870,0.256172,0.266437
252,2.100000,0.023018,0.036630,0.128885,-0.029425,0.387057,0.028953,0.041338,0.256599,0.265261
253,2.108333,0.022215,0.035047,0.131238,-0.030439,0.390415,0.049578,0.040638,0.257088,0.264944
254,2.116667,0.022185,0.033607,0.133631,-0.032069,0.391928,0.060752,0.041053,0.257584,0.265290
255,2.125000,0.021522,0.032490,0.135739,-0.032558,0.391885,0.062663,0.041050,0.258000,0.266219
256,2.133333,0.022033,0.032533,0.137742,-0.033900,0.390420,0.055681,0.041701,0.258304,0.267428
257,2.141667,0.022689,0.033193,0.139035,-0.035053,0.387242,0.040323,0.042283,0.258903,0.268856
258,2.150000,0.023400,0.034477,0.139362,-0.035503,0.381528,0.017562,0.042212,0.259751,0.270285
259,2.158333,0.023948,0.035940,0.139270,-0.033857,0.372400,-0.010109,0.042249,0.260573,0.271263
260,2.166667,0.024866,0.037116,0.138660,-0.031543,0.359754,-0.040590,0.041976,0.261163,0.272081
261,2.175000,0.026283,0.037709,0.137024,-0.027685,0.343103,-0.072359,0.041399,0.261365,0.272837
262,2.183333,0.027729,0.037476,0.134296,-0.023821,0.322583,-0.104423,0.040936,0.261573,0.273242
263,2.191667,0.029412,0.036595,0.130922,-0.018465,0.298273,-0.135361,0.040599,0.261752,0.273408
264,2.200000,0.031026,0.035296,0.127725,-0.013323,0.270354,-0.164348,0.040523,0.261823,0.273321
265,2.208333,0.031789,0.033333,0.125063,-0.007822,0.239306,-0.190355,0.040706,0.261635,0.273006
266,2.216667,0.032679,0.030746,0.122911,-0.002745,0.206187,-0.212390,0.040969,0.260994,0.272498
267,2.225000,0.033644,0.027964,0.121608,0.001852,0.172699,-0.229553,0.041463,0.259840,0.271878
268,2.233333,0.033566,0.024905,0.121018,0.004647,0.141772,-0.242007,0.042410,0.258355,0.271205
269,2.241667,0.033427,0.022704,0.120989,0.013963,0.118433,-0.245156,0.043121,0.257142,0.270559
270,2.250000,0.032995,0.021647,0.121260,,,,0.044219,0.256871,0.269765
271,2.258333,0.031927,0.021918,0.121801,,,,0.044162,0.258337,0.268830
272,2.266667,0.032281,0.024039,0.122455,0.017474,0.112013,-0.245479,0.043402,0.261239,0.268023
273,2.275000,0.032044,0.026932,0.123540,0.008996,0.127234,-0.245301,0.041817,0.264462,0.267509
274,2.283333,0.031589,0.028403,0.124931,0.006130,0.150518,-0.237247,0.040206,0.265369,0.267766
275,2.291667,0.032327,0.029677,0.125749,0.002113,0.177004,-0.226412,0.038983,0.264598,0.268281
276,2.300000,0.031591,0.032272,0.125875,-0.003276,0.207147,-0.212491,0.038315,0.264945,0.268933
277,2.308333,0.030895,0.034664,0.125858,-0.008820,0.237996,-0.194242,0.038469,0.264860,0.269487
278,2.316667,0.030961,0.036496,0.125499,-0.014790,0.268148,-0.171828,0.038285,0.263910,0.269684
279,2.325000,0.030869,0.037541,0.124755,-0.020944,0.296370,-0.145711,0.037514,0.262528,0.269145
280,2.333333,0.030890,0.038267,0.123608,-0.026648,0.321330,-0.117349,0.037337,0.261354,0.267688
281,2.341667,0.030449,0.038751,0.122291,-0.031984,0.342463,-0.088091,0.036719,0.260643,0.265712
282,2.350000,0.029741,0.038631,0.121349,-0.035415,0.358804,-0.058899,0.036536,0.260109,0.263391
283,2.358333,0.028488,0.038014,0.121585,-0.038911,0.370221,-0.032114,0.036188,0.260056,0.261528
284,2.366667,0.027428,0.037066,0.122954,-0.041112,0.377110,-0.009684,0.035741,0.260244,0.260447
285,2.375000,0.025609,0.035406,0.124762,-0.042314,0.380694,0.006226,0.034905,0.260347,0.259992
286,2.383333,0.024627,0.034472,0.126609,-0.043911,0.382430,0.014480,0.034533,0.260590,0.259916
287,2.391667,0.023781,0.034255,0.128337,-0.044806,0.382174,0.014417,0.034361,0.261237,0.260343
288,2.400000,0.023004,0.034354,0.129968,-0.045436,0.379379,0.005764,0.034610,0.261797,0.261318
289,2.408333,0.022615,0.034739,0.131276,-0.045456,0.373504,-0.010970,0.035286,0.262210,0.262543
290,2.416667,0.022873,0.035827,0.131694,-0.044693,0.364266,-0.034219,0.035348,0.262592,0.263559
291,2.425000,0.022243,0.036969,0.131299,-0.042638,0.351385,-0.061547,0.035475,0.262917,0.264267
292,2.433333,0.022324,0.038252,0.129885,-0.039968,0.334774,-0.090810,0.034717,0.263047,0.264950
293,2.441667,0.023203,0.039053,0.127654,-0.035863,0.314112,-0.120223,0.034489,0.263037,0.265609
294,2.450000,0.024010,0.038827,0.124923,-0.031612,0.289912,-0.148702,0.033917,0.263017,0.266287
295,2.458333,0.025076,0.037300,0.122010,-0.026304,0.262555,-0.174897,0.033840,0.262826,0.266628
296,2.466667,0.026182,0.035235,0.119355,-0.021619,0.233573,-0.197979,0.034069,0.262489,0.266349
297,2.475000,0.026398,0.032539,0.117144,-0.018236,0.205128,-0.216995,0.034801,0.261886,0.265542
298,2.483333,0.026673,0.030469,0.115970,-0.014934,0.180417,-0.230400,0.035736,0.261383,0.264639
299,2.491667,0.026655,0.029126,0.115945,-0.012919,0.161341,-0.238947,0.036967,0.260790,0.263988
300,2.500000,0.025700,0.027979,0.116641,-0.011674,0.149928,-0.243101,0.037859,0.260319,0.263319
301,2.508333,0.025274,0.028164,0.117764,-0.010315,0.148088,-0.242905,0.038258,0.260579,0.262933
302,2.516667,0.024658,0.029533,0.119144,-0.010006,0.156267,-0.239324,0.038421,0.261903,0.263116
303,2.525000,0.024074,0.031600,0.120458,-0.010359,0.173098,-0.232113,0.037384,0.264034,0.263492
304,2.533333,0.024242,0.033606,0.121845,-0.012013,0.195493,-0.221366,0.035966,0.265352,0.263895
305,2.541667,0.024313,0.034584,0.123264,-0.014329,0.220611,-0.206278,0.034335,0.264885,0.264920
306,2.550000,0.024053,0.036487,0.124434,-0.017917,0.248799,-0.187213,0.033965,0.264680,0.266081
307,2.558333,0.023775,0.037844,0.124841,-0.021316,0.277433,-0.163908,0.033996,0.263751,0.266809
308,2.566667,0.023912,0.039054,0.124661,-0.024573,0.305388,-0.136397,0.033483,0.262400,0.266917
309,2.575000,0.024493,0.039865,0.124163,-0.028203,0.330833,-0.105206,0.033633,0.260805,0.266507
310,2.583333,0.024978,0.040186,0.123507,-0.031825,0.352722,-0.070894,0.033858,0.259333,0.265647
311,2.591667,0.025630,0.040420,0.122374,-0.033861,0.370373,-0.035502,0.034245,0.258522,0.264098
312,2.600000,0.025852,0.039814,0.121514,-0.035776,0.382329,-0.001459,0.034825,0.257996,0.262148
313,2.608333,0.025471,0.038674,0.122324,-0.037043,0.389434,0.029648,0.034867,0.258050,0.260789
314,2.616667,0.025115,0.036630,0.124674,-0.037991,0.392403,0.055841,0.034403,0.258489,0.259986
315,2.625000,0.025304,0.034191,0.127601,-0.038660,0.393635,0.075598,0.033845,0.258655,0.259663
316,2.633333,0.025733,0.032565,0.130092,-0.038776,0.394728,0.087415,0.033685,0.259310,0.260063
317,2.641667,0.026289,0.032427,0.132172,-0.038578,0.395189,0.090735,0.034386,0.260347,0.260962
318,2.650000,0.026301,0.032992,0.133855,-0.039170,0.394985,0.086153,0.034926,0.261216,0.262542
319,2.658333,0.025925,0.033858,0.135148,-0.038903,0.393361,0.073663,0.036020,0.261607,0.264661
320,2.666667,0.026520,0.035391,0.135830,-0.039206,0.390064,0.054005,0.037512,0.261662,0.266620
321,2.675000,0.026301,0.036691,0.135677,-0.038031,0.384400,0.028629,0.038134,0.261484,0.268157
322,2.683333,0.024957,0.037421,0.135101,-0.036029,0.375817,-0.000457,0.038415,0.261359,0.269279
323,2.691667,0.025609,0.038391,0.134409,-0.033324,0.364220,-0.031624,0.038389,0.261589,0.270246
324,2.700000,0.026024,0.038684,0.133091,-0.028837,0.348926,-0.063348,0.038573,0.261982,0.270842
325,2.708333,0.026489,0.038472,0.130566,-0.024278,0.330133,-0.095514,0.038229,0.262438,0.270919
326,2.716667,0.027418,0.037976,0.127174,-0.019539,0.307570,-0.127058,0.037664,0.262649,0.270587
327,2.725000,0.028117,0.036771,0.123921,-0.014612,0.281357,-0.156834,0.037903,0.262361,0.270147
328,2.733333,0.028632,0.034825,0.120916,-0.010271,0.251687,-0.184061,0.038798,0.261425,0.269756
329,2.741667,0.029223,0.032381,0.118507,-0.006319,0.219987,-0.207191,0.039494,0.259970,0.269455
330,2.750000,0.030139,0.029991,0.116555,-0.002122,0.188817,-0.225427,0.040543,0.258321,0.268712
331,2.758333,0.029628,0.027167,0.115058,0.001620,0.160398,-0.238748,0.041882,0.256889,0.267769
332,2.766667,0.029783,0.025218,0.114457,0.004689,0.137112,-0.247233,0.043344,0.255873,0.266835
333,2.775000,0.028573,0.023647,0.114758,0.008842,0.121548,-0.250165,0.044321,0.255750,0.266221
334,2.783333,0.027507,0.023302,0.116060,0.013053,0.115941,-0.249249,0.044778,0.256839,0.265881
335,2.791667,0.026993,0.024642,0.117881,0.010715,0.119776,-0.249097,0.044432,0.259031,0.265693
336,2.800000,0.026582,0.026732,0.119839,0.009102,0.134065,-0.244800,0.043455,0.261477,0.265665
337,2.808333,0.026704,0.028192,0.121348,0.007756,0.154996,-0.236800,0.041885,0.262325,0.265956
338,2.816667,0.026780,0.029691,0.122351,0.005094,0.180687,-0.225805,0.040262,0.262411,0.266527
339,2.825000,0.026744,0.032391,0.122982,0.001699,0.210286,-0.211127,0.039449,0.263127,0.267243
340,2.833333,0.026778,0.034743,0.123253,-0.002694,0.241244,-0.192200,0.039504,0.262944,0.268201
341,2.841667,0.027039,0.036584,0.123111,-0.006845,0.272385,-0.168498,0.039925,0.261918,0.268872
342,2.850000,0.027041,0.037785,0.122789,-0.010974,0.301589,-0.140481,0.040040,0.260452,0.268768
343,2.858333,0.027932,0.038724,0.122021,-0.015314,0.327637,-0.109214,0.040112,0.259028,0.267832
344,2.866667,0.028453,0.039131,0.121314,-0.019538,0.349785,-0.075809,0.039977,0.257972,0.266324
345,2.875000,0.028945,0.039263,0.120527,-0.024119,0.367524,-0.041684,0.040337,0.257595,0.264385
346,2.883333,0.028766,0.038853,0.120182,-0.026806,0.379824,-0.008601,0.039570,0.257827,0.262596
347,2.891667,0.028980,0.038044,0.121109,-0.029846,0.386984,0.020743,0.038873,0.258446,0.261224
348,2.900000,0.027953,0.036041,0.123147,-0.031632,0.389885,0.044688,0.037672,0.258970,0.260352
349,2.908333,0.027535,0.033934,0.125777,-0.033376,0.390995,0.061649,0.036999,0.258974,0.259853
350,2.916667,0.027200,0.032769,0.128306,-0.034847,0.391853,0.070546,0.036782,0.259331,0.260299
351,2.925000,0.027093,0.032968,0.130446,-0.036064,0.392146,0.071320,0.037430,0.260125,0.261669
352,2.933333,0.027079,0.033718,0.132115,-0.037138,0.391294,0.064533,0.038619,0.260603,0.263291
353,2.941667,0.027277,0.034671,0.132851,-0.038466,0.388907,0.050744,0.039325,0.260788,0.264826
354,2.950000,0.026910,0.035667,0.133033,-0.038952,0.384601,0.031312,0.040097,0.260819,0.266169
355,2.958333,0.026511,0.036690,0.132526,-0.038131,0.378169,0.007830,0.040067,0.260726,0.267171
356,2.966667,0.026844,0.037892,0.131756,-0.036399,0.369360,-0.018437,0.039718,0.260731,0.267832
357,2.975000,0.026670,0.038443,0.130650,-0.034067,0.357940,-0.046010,0.039203,0.260844,0.268517
358,2.983333,0.026908,0.038511,0.129143,-0.029474,0.343514,-0.073625,0.038621,0.260970,0.269308
359,2.991667,0.027683,0.038158,0.126792,-0.025992,0.326117,-0.101969,0.038464,0.261126,0.269650
360,3.000000,0.028213,0.037228,0.124174,-0.022281,0.305799,-0.129709,0.038216,0.261050,0.269603
361,3.008333,0.028583,0.035669,0.121772,-0.017504,0.282396,-0.155711,0.038259,0.260536,0.269507
362,3.016667,0.029628,0.033992,0.119975,-0.014071,0.256726,-0.179334,0.038892,0.259687,0.269669
363,3.025000,0.029325,0.031782,0.118624,-0.010296,0.230839,-0.198807,0.039571,0.258457,0.269942
364,3.033333,0.029746,0.030189,0.117703,-0.007394,0.207165,-0.213907,0.040935,0.257190,0.269913
365,3.041667,0.029254,0.028729,0.117050,-0.004768,0.187924,-0.224329,0.042252,0.256138,0.269807
366,3.050000,0.028768,0.027749,0.117091,-0.002513,0.174398,-0.230458,0.043374,0.255565,0.269689
367,3.058333,0.027904,0.027222,0.117673,-0.000771,0.168093,-0.232521,0.043966,0.255891,0.269468
368,3.066667,0.026665,0.027658,0.118938,0.000358,0.170080,-0.230978,0.044202,0.257139,0.269064
369,3.075000,0.025459,0.029139,0.120550,0.000569,0.180486,-0.225899,0.043551,0.259000,0.268786
370,3.083333,0.025625,0.031385,0.122131,-0.000296,0.197751,-0.217155,0.042488,0.260887,0.268710
371,3.091667,0.025637,0.032380,0.123305,-0.002694,0.218661,-0.204935,0.040986,0.261040,0.268863
372,3.100000,0.025005,0.033815,0.124040,-0.006010,0.243104,-0.188686,0.039665,0.261070,0.269225
373,3.108333,0.025363,0.036097,0.124543,-0.010653,0.269681,-0.168400,0.039004,0.261283,0.269655
374,3.116667,0.025374,0.037679,0.124539,-0.015460,0.296225,-0.143595,0.038994,0.260619,0.269965
375,3.125000,0.025663,0.038785,0.124225,-0.021312,0.321102,-0.115168,0.039209,0.259418,0.269847
376,3.133333,0.026084,0.039382,0.123914,-0.026453,0.342990,-0.083555,0.038693,0.258043,0.269322
377,3.141667,0.026362,0.039586,0.123407,-0.030747,0.361001,-0.049871,0.038582,0.256883,0.268214
378,3.150000,0.026900,0.039866,0.122980,-0.034900,0.374729,-0.016474,0.038711,0.256540,0.266679
379,3.158333,0.026960,0.039488,0.123072,-0.038292,0.383757,0.014453,0.038817,0.256605,0.265331
380,3.166667,0.026098,0.038358,0.124399,-0.040501,0.388542,0.040998,0.038580,0.257082,0.264515
381,3.175000,0.025992,0.036816,0.126805,-0.041641,0.390423,0.060852,0.037747,0.257513,0.264006
382,3.183333,0.025721,0.035150,0.129300,-0.043011,0.391625,0.072569,0.036742,0.258076,0.263731
383,3.191667,0.025038,0.034373,0.131325,-0.043546,0.392235,0.075641,0.036704,0.259126,0.264018
384,3.200000,0.024831,0.034566,0.132966,-0.044533,0.391906,0.070402,0.037097,0.259794,0.264980
385,3.208333,0.024959,0.035231,0.134214,-0.044916,0.389914,0.057835,0.037766,0.260196,0.266291
386,3.216667,0.025288,0.036188,0.134654,-0.044636,0.386111,0.038750,0.038438,0.260238,0.267723
387,3.225000,0.025162,0.037255,0.134300,-0.042729,0.379979,0.014649,0.038862,0.260076,0.268918
388,3.233333,0.024838,0.038165,0.133342,-0.039462,0.371354,-0.012596,0.039238,0.259917,0.269739
389,3.241667,0.025387,0.038784,0.131995,-0.035971,0.359661,-0.041986,0.038898,0.259725,0.270453
390,3.250000,0.025389,0.038687,0.130023,-0.030490,0.344629,-0.072053,0.039086,0.259663,0.270860
391,3.258333,0.026801,0.038395,0.127276,-0.025851,0.326197,-0.102614,0.038993,0.259727,0.270923
392,3.266667,0.027749,0.037340,0.124259,-0.019572,0.304231,-0.132388,0.038527,0.259792,0.270669
393,3.275000,0.028751,0.035747,0.121425,-0.013880,0.278999,-0.160354,0.038790,0.259567,0.270194
394,3.283333,0.029724,0.033852,0.119091,-0.008331,0.251271,-0.185331,0.039236,0.258926,0.269873
395,3.291667,0.030119,0.031483,0.117228,-0.003271,0.222094,-0.206590,0.040046,0.257769,0.269591
396,3.300000,0.030251,0.029028,0.115966,0.001113,0.193658,-0.223594,0.041290,0.256377,0.269159
397,3.308333,0.030860,0.026949,0.115265,0.005572,0.168725,-0.235471,0.042530,0.255099,0.268824
398,3.316667,0.030314,0.025070,0.115184,0.008613,0.149238,-0.242800,0.043594,0.254314,0.268603
399,3.325000,0.030346,0.023975,0.115763,0.011361,0.137308,-0.246118,0.044545,0.254416,0.268307
400,3.333333,0.029067,0.023605,0.116757,0.012891,0.133641,-0.246619,0.045164,0.255524,0.267900
401,3.341667,0.028569,0.024823,0.118033,0.013821,0.139239,-0.244224,0.045017,0.257376,0.267633
402,3.350000,0.028028,0.027024,0.119512,0.012801,0.153404,-0.238923,0.044479,0.259624,0.267520
403,3.358333,0.027838,0.028650,0.120693,0.010709,0.173249,-0.230408,0.043395,0.260660,0.267599
404,3.366667,0.028029,0.030169,0.121389,0.006867,0.197160,-0.218983,0.042062,0.260718,0.267915
405,3.375000,0.027695,0.032738,0.121981,0.002095,0.224708,-0.203757,0.041426,0.261289,0.268218
406,3.383333,0.027570,0.034911,0.122111,-0.002917,0.253347,-0.184385,0.041308,0.261237,0.268382
407,3.391667,0.027262,0.036541,0.121657,-0.008626,0.282053,-0.161148,0.041118,0.260475,0.268136
408,3.400000,0.027931,0.037891,0.120898,-0.014234,0.308746,-0.134248,0.041109,0.259262,0.267346
409,3.408333,0.027520,0.038457,0.120071,-0.019648,0.332420,-0.104119,0.040576,0.257944,0.266174
410,3.416667,0.027633,0.038701,0.119087,-0.024426,0.352299,-0.071967,0.040790,0.256980,0.264455
411,3.425000,0.028160,0.038878,0.118273,-0.028946,0.367593,-0.039809,0.040824,0.256454,0.262595
412,3.433333,0.027329,0.038246,0.118223,-0.033333,0.378483,-0.009598,0.041265,0.256645,0.261085
413,3.441667,0.026598,0.037208,0.119514,-0.035824,0.384832,0.017122,0.041298,0.257229,0.260227
414,3.450000,0.026117,0.035711,0.121734,-0.037184,0.388437,0.038891,0.040614,0.257748,0.259549
415,3.458333,0.025557,0.034154,0.124105,-0.037745,0.390544,0.054102,0.039665,0.258301,0.259069
416,3.466667,0.025056,0.033255,0.126260,-0.038277,0.391629,0.062181,0.039164,0.259148,0.258956
417,3.475000,0.025259,0.032915,0.128384,-0.037145,0.391274,0.062674,0.039709,0.259615,0.259522
418,3.483333,0.025485,0.032841,0.129945,-0.035312,0.389843,0.055314,0.040409,0.259839,0.260612
419,3.491667,0.026189,0.033405,0.130850,-0.031901,0.387168,0.040676,0.041118,0.260130,0.261637
420,3.500000,0.026288,0.034303,0.131039,-0.026927,0.382777,0.019879,0.041557,0.260367,0.262670
421,3.508333,0.026743,0.035344,0.130953,-0.019301,0.375760,-0.005140,0.041794,0.260612,0.263605
422,3.516667,0.026976,0.036115,0.130707,-0.010616,0.365509,-0.033222,0.041281,0.260832,0.264388
423,3.525000,0.028046,0.036514,0.129871,-0.001350,0.351630,-0.063104,0.041366,0.261045,0.264856
424,3.533333,0.029127,0.036108,0.128227,0.007988,0.334033,-0.093795,0.040967,0.261298,0.265057
425,3.541667,0.031248,0.035181,0.125702,0.018298,0.312416,-0.123850,0.040594,0.261415,0.265127
426,3.550000,0.033521,0.033442,0.123201,0.027729,0.287245,-0.152397,0.040653,0.261227,0.265197
427,3.558333,0.035698,0.031371,0.121138,0.036343,0.259006,-0.178341,0.040609,0.260715,0.265465
428,3.566667,0.037212,0.029004,0.119531,0.044106,0.229605,-0.200195,0.041226,0.259789,0.265666
429,3.575000,0.038236,0.026761,0.118736,0.049932,0.202007,-0.216889,0.042625,0.258702,0.265707
430,3.583333,0.038541,0.025049,0.118648,0.054048,0.179169,-0.228022,0.044430,0.257760,0.265744
431,3.591667,0.037834,0.023939,0.119283,0.056938,0.163484,-0.233742,0.046386,0.257265,0.265804
432,3.600000,0.036232,0.023551,0.120466,0.059691,0.157443,-0.234441,0.047910,0.257837,0.265643
433,3.608333,0.034111,0.024290,0.122007,0.061882,0.162170,-0.231194,0.047976,0.259659,0.264998
434,3.616667,0.032224,0.026261,0.123628,0.062294,0.176551,-0.224318,0.046700,0.262197,0.264137
435,3.625000,0.030639,0.027896,0.125162,0.060448,0.197347,-0.213955,0.044875,0.263758,0.263331
436,3.633333,0.031224,0.028768,0.125915,0.055393,0.221433,-0.200709,0.042718,0.263068,0.262993
437,3.641667,0.031142,0.030952,0.126096,0.047983,0.249565,-0.183670,0.041239,0.263143,0.262983
438,3.650000,0.031672,0.033350,0.125974,0.038453,0.277988,-0.162504,0.041383,0.262937,0.263375
439,3.658333,0.032915,0.035049,0.125514,0.028283,0.304827,-0.137084,0.041528,0.261694,0.264144
440,3.666667,0.034360,0.036243,0.124626,0.016757,0.328877,-0.108830,0.041872,0.260050,0.264480
441,3.675000,0.035376,0.036352,0.123251,0.006552,0.348694,-0.078521,0.042209,0.258522,0.263875
442,3.683333,0.036225,0.036203,0.121722,-0.004056,0.364544,-0.048046,0.042298,0.258027,0.262680
443,3.691667,0.036793,0.035795,0.120755,-0.013801,0.375876,-0.018761,0.042120,0.258364,0.261388
444,3.700000,0.036334,0.034977,0.121233,-0.021875,0.382928,0.007545,0.041677,0.259375,0.260331
445,3.708333,0.035543,0.034119,0.123183,-0.027457,0.387082,0.029729,0.041637,0.260477,0.259509
446,3.716667,0.034517,0.033170,0.125421,-0.032057,0.389999,0.046730,0.040632,0.261483,0.259063
447,3.725000,0.033718,0.032648,0.127376,-0.033738,0.391606,0.057583,0.039879,0.262468,0.258770
448,3.733333,0.032931,0.032333,0.128875,-0.034677,0.392335,0.062168,0.039415,0.263028,0.258687
449,3.741667,0.032164,0.032471,0.130304,-0.033875,0.391747,0.060696,0.039536,0.263433,0.259192
450,3.750000,0.032487,0.032914,0.131338,-0.032395,0.390024,0.052935,0.039822,0.263531,0.260322
451,3.758333,0.031982,0.033473,0.131790,-0.029105,0.387136,0.038906,0.040253,0.263572,0.261586
452,3.766667,0.031722,0.034375,0.131922,-0.025006,0.382694,0.019484,0.040874,0.263605,0.262642
453,3.775000,0.031897,0.035438,0.132001,-0.020224,0.376180,-0.003705,0.041291,0.263797,0.263400
454,3.783333,0.032210,0.036092,0.132008,-0.013918,0.367024,-0.029256,0.040634,0.264089,0.264088
455,3.791667,0.032507,0.036313,0.131392,-0.006619,0.355008,-0.056230,0.040399,0.264405,0.264343
456,3.800000,0.033664,0.036350,0.129758,0.001271,0.340144,-0.084060,0.039847,0.264620,0.264286
457,3.808333,0.035092,0.035943,0.127286,0.008769,0.322008,-0.111940,0.039572,0.264679,0.264069
458,3.816667,0.036335,0.035021,0.124720,0.016157,0.300705,-0.138824,0.039461,0.264417,0.264017
459,3.825000,0.037280,0.033457,0.122422,0.023475,0.276399,-0.163755,0.039437,0.263807,0.264175
460,3.833333,0.038535,0.031705,0.120647,0.029759,0.250171,-0.186047,0.039619,0.263012,0.264269
461,3.841667,0.039265,0.029758,0.119471,0.034933,0.224110,-0.204154,0.040276,0.262145,0.264183
462,3.850000,0.038679,0.027972,0.118850,0.038098,0.200674,-0.217974,0.041254,0.261659,0.264024
463,3.858333,0.038244,0.026852,0.119006,0.041032,0.180921,-0.227405,0.042166,0.261539,0.263895
464,3.866667,0.037564,0.026101,0.119540,0.043801,0.165988,-0.233061,0.042858,0.261888,0.263719
465,3.875000,0.036240,0.025605,0.120367,0.046791,0.157868,-0.234986,0.043385,0.262728,0.263403
466,3.883333,0.034126,0.025892,0.121400,0.048899,0.158311,-0.233574,0.043177,0.264031,0.263059
467,3.891667,0.032461,0.027232,0.122945,0.048776,0.167191,-0.229201,0.042728,0.265524,0.262451
468,3.900000,0.031035,0.028771,0.123824,0.047121,0.183110,-0.221870,0.041249,0.266776,0.261785
469,3.908333,0.031077,0.030066,0.124676,0.043599,0.203253,-0.211370,0.039426,0.266929,0.261436
470,3.916667,0.031280,0.032181,0.125452,0.038032,0.227244,-0.197696,0.038190,0.267318,0.261606
471,3.925000,0.031099,0.034184,0.125893,0.030510,0.253170,-0.180551,0.037780,0.267175,0.261943
472,3.933333,0.031317,0.035780,0.125650,0.022315,0.279423,-0.159654,0.037847,0.266323,0.262130
473,3.941667,0.031772,0.036932,0.125212,0.014037,0.304483,-0.135006,0.037767,0.265323,0.261936
474,3.950000,0.032187,0.037497,0.124659,0.005103,0.326984,-0.107515,0.037291,0.264270,0.261259
475,3.958333,0.032832,0.037814,0.123775,-0.003830,0.346474,-0.078197,0.037066,0.263653,0.259985
476,3.966667,0.032979,0.037919,0.122811,-0.010775,0.361862,-0.048620,0.036837,0.263659,0.258245
477,3.975000,0.032880,0.037809,0.122362,-0.017612,0.373101,-0.021006,0.036090,0.264409,0.256766
478,3.983333,0.032192,0.037565,0.123010,-0.023543,0.380624,0.003573,0.035413,0.265529,0.255666
479,3.991667,0.030943,0.036930,0.124749,-0.028458,0.385254,0.024399,0.034082,0.266662,0.254883
480,4.000000,0.029738,0.035928,0.126724,-0.032103,0.387860,0.040149,0.033138,0.267570,0.254141
481,4.008333,0.028986,0.035317,0.128614,-0.034665,0.389244,0.049678,0.031817,0.268184,0.253860
482,4.016667,0.028440,0.035020,0.130335,-0.036555,0.389249,0.052739,0.031228,0.268425,0.253956
483,4.025000,0.028344,0.035076,0.131628,-0.036943,0.388162,0.049321,0.031358,0.268748,0.254552
484,4.033333,0.028025,0.035419,0.132250,-0.037163,0.385886,0.039226,0.031686,0.268911,0.255586
485,4.041667,0.028441,0.036526,0.132299,-0.035932,0.382314,0.023481,0.032606,0.268979,0.256838
486,4.050000,0.028176,0.037403,0.132062,-0.033434,0.376853,0.003371,0.033025,0.269263,0.258251
487,4.058333,0.028160,0.038148,0.131823,-0.030431,0.369251,-0.019797,0.033390,0.269503,0.259461
488,4.066667,0.028590,0.038527,0.131170,-0.025453,0.358810,-0.044629,0.033741,0.269627,0.260145
489,4.075000,0.029174,0.038534,0.129933,-0.019896,0.345579,-0.071096,0.032774,0.269732,0.260461
490,4.083333,0.029404,0.038170,0.128095,-0.013991,0.329207,-0.098302,0.032001,0.269762,0.260309
491,4.091667,0.029944,0.037458,0.125833,-0.007744,0.309766,-0.125129,0.031346,0.269637,0.260168
492,4.100000,0.030771,0.036583,0.123645,-0.001772,0.287670,-0.150526,0.030957,0.269281,0.260158
493,4.108333,0.031348,0.035198,0.121616,0.004101,0.263296,-0.173824,0.030707,0.268706,0.260280
494,4.116667,0.032177,0.033546,0.120121,0.007862,0.237012,-0.195127,0.030858,0.267850,0.260465
495,4.125000,0.032463,0.031604,0.119005,0.012602,0.210667,-0.212258,0.031451,0.266975,0.260522
496,4.133333,0.032486,0.029995,0.118304,0.015870,0.187421,-0.224942,0.032554,0.266266,0.260400
497,4.141667,0.032429,0.029007,0.118232,0.019152,0.169384,-0.232871,0.033619,0.266144,0.260106
498,4.150000,0.031549,0.028744,0.118450,0.021508,0.158503,-0.237044,0.034329,0.266882,0.259570
499,4.158333,0.030374,0.029155,0.118905,0.023852,0.156965,-0.237226,0.034850,0.268612,0.258584
500,4.166667,0.029445,0.030451,0.119888,0.024904,0.165211,-0.233876,0.034368,0.270925,0.257451
501,4.175000,0.029000,0.032337,0.121139,0.024954,0.181721,-0.226497,0.032837,0.273017,0.256646
502,4.183333,0.028805,0.033263,0.122305,0.023417,0.202913,-0.215564,0.030728,0.273152,0.256235
503,4.191667,0.028876,0.034393,0.123197,0.021221,0.227899,-0.200582,0.028842,0.272746,0.256220
504,4.200000,0.029299,0.036567,0.124071,0.017656,0.255470,-0.181560,0.027885,0.272778,0.256505
505,4.208333,0.029154,0.037676,0.124498,0.013859,0.282862,-0.158117,0.027358,0.271642,0.257219
506,4.216667,0.029601,0.038439,0.124656,0.008713,0.308994,-0.130986,0.028266,0.269923,0.257845
507,4.225000,0.030015,0.038388,0.124479,0.005056,0.332211,-0.100468,0.029112,0.268091,0.257821
508,4.233333,0.031347,0.038314,0.123902,0.000651,0.351951,-0.068439,0.029340,0.266544,0.256977
509,4.241667,0.031882,0.038085,0.123342,-0.002710,0.367957,-0.035791,0.029412,0.265962,0.255262
510,4.250000,0.033100,0.037524,0.122975,-0.005159,0.379384,-0.003782,0.028970,0.265896,0.253144
511,4.258333,0.032727,0.036408,0.123823,-0.008379,0.386948,0.025905,0.028163,0.266649,0.251715
512,4.266667,0.032928,0.035243,0.125891,-0.010450,0.391359,0.051926,0.027524,0.267603,0.251100
513,4.275000,0.032321,0.033626,0.128261,-0.011313,0.393350,0.072281,0.027022,0.268244,0.251119
514,4.283333,0.032641,0.032412,0.130604,-0.012809,0.394051,0.085599,0.026604,0.268623,0.251574
515,4.291667,0.032723,0.031701,0.133020,-0.013916,0.394057,0.091618,0.026904,0.268598,0.252482
516,4.300000,0.033120,0.032003,0.134844,-0.015165,0.393804,0.090553,0.027237,0.268825,0.253807
517,4.308333,0.033856,0.033118,0.135889,-0.016430,0.393262,0.082342,0.028173,0.269339,0.255323
518,4.316667,0.034079,0.034613,0.136052,-0.017503,0.391887,0.067593,0.028787,0.270079,0.256910
519,4.325000,0.034080,0.035761,0.135572,-0.018487,0.389096,0.047549,0.029259,0.270609,0.258541
520,4.333333,0.034372,0.036529,0.134939,-0.018426,0.383911,0.023966,0.029993,0.270780,0.259888
521,4.341667,0.033808,0.036500,0.134119,-0.018600,0.376215,-0.001880,0.029232,0.270710,0.261013
522,4.350000,0.034429,0.036718,0.133005,-0.018525,0.365635,-0.029614,0.028802,0.270610,0.261738
523,4.358333,0.034572,0.036950,0.131472,-0.017679,0.352222,-0.058548,0.028024,0.270687,0.262222
524,4.366667,0.035192,0.037435,0.129558,-0.016467,0.335689,-0.088148,0.027550,0.270844,0.262587
525,4.375000,0.034823,0.037613,0.127385,-0.015283,0.315993,-0.117301,0.027113,0.271061,0.262967
526,4.383333,0.034854,0.037577,0.125027,-0.013077,0.293099,-0.145112,0.027078,0.271060,0.263205
527,4.391667,0.034846,0.036910,0.122826,-0.011250,0.266989,-0.171251,0.026978,0.270556,0.263362
528,4.400000,0.035490,0.035971,0.120953,-0.009791,0.238706,-0.194701,0.027046,0.269669,0.263490
529,4.408333,0.034901,0.034198,0.119343,-0.007466,0.210355,-0.213630,0.027428,0.268430,0.263532
530,4.416667,0.034425,0.032404,0.117870,-0.005907,0.184329,-0.227989,0.028188,0.267301,0.263413
531,4.425000,0.034384,0.031184,0.116622,-0.004347,0.162707,-0.237621,0.029207,0.266594,0.263063
532,4.433333,0.034583,0.030536,0.115906,-0.003884,0.147210,-0.243535,0.029576,0.266599,0.262455
533,4.441667,0.034122,0.030162,0.116170,-0.004111,0.139078,-0.246057,0.029639,0.267558,0.261663
534,4.450000,0.033058,0.030612,0.117321,-0.004683,0.138994,-0.245756,0.028570,0.269441,0.260981
535,4.458333,0.032733,0.032142,0.118879,-0.005177,0.147052,-0.242436,0.027524,0.271382,0.260496
536,4.466667,0.032207,0.033522,0.120423,-0.006118,0.162159,-0.236118,0.025741,0.272763,0.260456
537,4.475000,0.032104,0.034542,0.121752,-0.006457,0.182494,-0.226440,0.024433,0.273166,0.260667
538,4.483333,0.031725,0.035833,0.122889,-0.007524,0.206354,-0.214059,0.023198,0.273242,0.261016
539,4.491667,0.031044,0.037138,0.123528,-0.008123,0.232403,-0.198319,0.022674,0.272903,0.261176
540,4.500000,0.030721,0.038301,0.123460,-0.008717,0.259453,-0.179246,0.022912,0.271950,0.261130
541,4.508333,0.030129,0.039107,0.123229,-0.009330,0.285961,-0.156268,0.023609,0.270784,0.260850
542,4.516667,0.029840,0.039608,0.123068,-0.010883,0.310614,-0.130393,0.023762,0.269501,0.260270
543,4.525000,0.029795,0.039746,0.123015,-0.012227,0.332301,-0.102158,0.023817,0.268361,0.259103
544,4.533333,0.029966,0.039763,0.122923,-0.013850,0.350394,-0.072990,0.023458,0.267823,0.257424
545,4.541667,0.029994,0.039612,0.123221,-0.015381,0.364368,-0.043992,0.023344,0.267918,0.255754
546,4.550000,0.029703,0.039089,0.124616,-0.017299,0.374308,-0.017136,0.022481,0.268518,0.254955
547,4.558333,0.028587,0.038041,0.126748,-0.018787,0.380843,0.006160,0.022396,0.269042,0.254539
548,4.566667,0.028289,0.037153,0.129018,-0.021668,0.384902,0.024427,0.021884,0.269292,0.254625
549,4.575000,0.028154,0.036459,0.130978,-0.024863,0.387108,0.036441,0.021432,0.269616,0.254905
550,4.583333,0.028230,0.036169,0.132791,-0.028288,0.387554,0.041108,0.021087,0.270041,0.255438
551,4.591667,0.028682,0.036447,0.134046,-0.032150,0.386407,0.038251,0.021492,0.270400,0.256583
552,4.600000,0.028550,0.036979,0.134561,-0.035944,0.383701,0.028118,0.022383,0.270625,0.258054
553,4.608333,0.028787,0.037979,0.134240,-0.038263,0.379012,0.011774,0.023154,0.270760,0.259557
554,4.616667,0.028783,0.038910,0.133380,-0.040560,0.372128,-0.009462,0.023412,0.270859,0.260870
555,4.625000,0.029205,0.039894,0.132231,-0.041519,0.362428,-0.033828,0.023278,0.271016,0.261936
556,4.633333,0.028787,0.040284,0.130587,-0.042803,0.349931,-0.060325,0.022716,0.271094,0.262574
557,4.641667,0.029266,0.040671,0.128503,-0.042740,0.334317,-0.087839,0.021760,0.271255,0.262857
558,4.650000,0.029150,0.040522,0.126131,-0.041892,0.315646,-0.115292,0.021079,0.271326,0.262865
559,4.658333,0.028773,0.039946,0.123665,-0.040274,0.293854,-0.142223,0.020519,0.271184,0.262768
560,4.666667,0.028512,0.038985,0.121277,-0.037667,0.269060,-0.167960,0.020299,0.270755,0.262601
561,4.675000,0.027965,0.037573,0.118960,-0.034988,0.242148,-0.191188,0.020512,0.269831,0.262443
562,4.683333,0.027690,0.036124,0.117056,-0.032197,0.215666,-0.210208,0.021098,0.268585,0.262372
563,4.691667,0.027242,0.034681,0.115622,-0.029493,0.192559,-0.223930,0.022309,0.267372,0.262273
564,4.700000,0.026824,0.033900,0.114776,-0.028041,0.175782,-0.232402,0.024041,0.266469,0.262081
565,4.708333,0.027055,0.033754,0.114543,-0.027159,0.167879,-0.235786,0.025162,0.266333,0.261722
566,4.716667,0.026607,0.034026,0.114956,-0.027886,0.169401,-0.235208,0.025115,0.267678,0.260972
567,4.725000,0.026744,0.035809,0.115996,-0.029373,0.179815,-0.230993,0.024333,0.269979,0.259915
568,4.733333,0.026534,0.038034,0.117478,-0.031466,0.197286,-0.222618,0.022875,0.272099,0.259213
569,4.741667,0.026763,0.038673,0.118838,-0.033423,0.218261,-0.210142,0.020751,0.271839,0.259025
570,4.750000,0.026674,0.039402,0.119762,-0.035520,0.242320,-0.194026,0.019215,0.271146,0.259135
571,4.758333,0.026259,0.040857,0.120457,-0.037152,0.268414,-0.173766,0.018221,0.271009,0.259688
572,4.766667,0.025810,0.041592,0.120995,-0.038677,0.294073,-0.149480,0.018883,0.269791,0.260344
573,4.775000,0.025224,0.042112,0.121112,-0.040301,0.318497,-0.121788,0.019568,0.268013,0.261083
574,4.783333,0.025053,0.042209,0.120996,-0.040081,0.339886,-0.091122,0.020278,0.265899,0.260954
575,4.791667,0.024875,0.042300,0.120751,-0.040085,0.358328,-0.058978,0.020514,0.264441,0.260052
576,4.800000,0.024767,0.042175,0.120499,-0.039798,0.372991,-0.026104,0.020941,0.263690,0.258437
577,4.808333,0.025166,0.041652,0.121071,-0.039407,0.383160,0.005868,0.020705,0.263390,0.256822
578,4.816667,0.024785,0.040322,0.122856,-0.038615,0.389306,0.035308,0.020397,0.263494,0.255683
579,4.825000,0.025052,0.038462,0.125395,-0.038216,0.392312,0.060178,0.019569,0.263686,0.255089
580,4.833333,0.025647,0.036518,0.127891,-0.038162,0.393633,0.078466,0.018873,0.263965,0.255030
581,4.841667,0.026762,0.035359,0.130224,-0.038385,0.393978,0.088745,0.018232,0.264514,0.255701
582,4.850000,0.027752,0.035399,0.132520,-0.040359,0.393885,0.090940,0.018653,0.265278,0.257007
583,4.858333,0.028753,0.036284,0.134384,-0.042725,0.393221,0.085341,0.019521,0.266008,0.259046
584,4.866667,0.029714,0.037744,0.135363,-0.044784,0.391849,0.072196,0.020635,0.266902,0.261314
585,4.875000,0.029866,0.038857,0.135479,-0.046458,0.388850,0.052417,0.021645,0.267518,0.263096
586,4.883333,0.030332,0.039423,0.135196,-0.047264,0.383659,0.028119,0.021799,0.267845,0.264563
587,4.891667,0.030253,0.039349,0.134601,-0.047022,0.375808,0.001230,0.021915,0.267945,0.265793
588,4.900000,0.031053,0.039373,0.133552,-0.045516,0.365273,-0.027052,0.021836,0.268032,0.266808
589,4.908333,0.031449,0.039273,0.131831,-0.043211,0.351806,-0.056307,0.021373,0.268109,0.267489
590,4.916667,0.031623,0.039169,0.129738,-0.040473,0.335439,-0.086269,0.021250,0.268176,0.267957
591,4.925000,0.031714,0.039132,0.127269,-0.036617,0.315745,-0.115840,0.021305,0.268145,0.268207
592,4.933333,0.031477,0.038842,0.124859,-0.032772,0.292894,-0.144389,0.021709,0.267809,0.268344
593,4.941667,0.031117,0.037906,0.122584,-0.027943,0.267152,-0.170355,0.022500,0.266956,0.268460
594,4.950000,0.030845,0.036436,0.120612,-0.022972,0.239445,-0.193199,0.023514,0.265683,0.268515
595,4.958333,0.030862,0.034758,0.118993,-0.019438,0.211624,-0.212306,0.024469,0.264162,0.268432
596,4.966667,0.030918,0.033008,0.117675,-0.015540,0.186133,-0.226509,0.025902,0.262745,0.267981
597,4.975000,0.031171,0.031675,0.116584,-0.012723,0.165432,-0.236405,0.026804,0.262001,0.267385
598,4.983333,0.031014,0.030558,0.115935,-0.011257,0.151894,-0.241920,0.027630,0.262222,0.266465
599,4.991667,0.030578,0.030288,0.116045,-0.011161,0.147471,-0.243358,0.027541,0.263581,0.265400
600,5.000000,0.030544,0.031401,0.116956,-0.012565,0.152146,-0.241785,0.026984,0.265639,0.264337
601,5.008333,0.029972,0.033195,0.118294,-0.013851,0.164802,-0.236740,0.026091,0.267705,0.263592
602,5.016667,0.030139,0.034436,0.119587,-0.015520,0.182398,-0.228633,0.024739,0.268337,0.263423
603,5.025000,0.030184,0.035510,0.120466,-0.017291,0.203990,-0.217328,0.023399,0.268288,0.263511
604,5.033333,0.030087,0.037354,0.121210,-0.019200,0.228877,-0.202539,0.022354,0.268637,0.263954
605,5.041667,0.028888,0.038509,0.121599,-0.020843,0.255009,-0.183891,0.022258,0.268271,0.264565
606,5.050000,0.028412,0.039478,0.121395,-0.022448,0.281685,-0.161526,0.023385,0.267089,0.264822
607,5.058333,0.028117,0.040223,0.120990,-0.024236,0.307050,-0.135924,0.023501,0.265501,0.264671
608,5.066667,0.027940,0.040774,0.120555,-0.024920,0.330024,-0.107138,0.024149,0.264053,0.263687
609,5.075000,0.027524,0.041265,0.119990,-0.026733,0.350098,-0.077170,0.023877,0.263201,0.261880
610,5.083333,0.028053,0.041685,0.119288,-0.027186,0.365903,-0.046385,0.023559,0.262509,0.259639
611,5.091667,0.027966,0.041432,0.119254,-0.028132,0.377550,-0.016640,0.023363,0.262277,0.257807
612,5.100000,0.027282,0.040313,0.120294,-0.028820,0.384680,0.010129,0.023071,0.262212,0.256689
613,5.108333,0.027422,0.038727,0.122358,-0.029663,0.388468,0.032830,0.022403,0.262127,0.256205
614,5.116667,0.026906,0.036660,0.124556,-0.030556,0.390196,0.049849,0.022042,0.262078,0.255972
615,5.125000,0.027227,0.035238,0.126795,-0.032030,0.391210,0.060237,0.021446,0.262546,0.256155
616,5.133333,0.028050,0.035066,0.128824,-0.033545,0.391609,0.063953,0.021892,0.263415,0.256865
617,5.141667,0.028741,0.035610,0.130502,-0.035122,0.391023,0.060819,0.022591,0.264368,0.258239
618,5.150000,0.029457,0.036590,0.131390,-0.036408,0.389382,0.051070,0.023925,0.265043,0.259789
619,5.158333,0.030280,0.037553,0.131499,-0.037651,0.386167,0.035554,0.024671,0.265330,0.261176
620,5.166667,0.030462,0.038211,0.130909,-0.038275,0.381012,0.015508,0.025102,0.265275,0.262322
621,5.175000,0.031011,0.038842,0.129942,-0.038511,0.374056,-0.007965,0.025265,0.265353,0.263205
622,5.183333,0.030981,0.039080,0.128976,-0.037681,0.364600,-0.033258,0.024888,0.265573,0.263963
623,5.191667,0.031375,0.039215,0.127644,-0.035090,0.352393,-0.059641,0.024755,0.265823,0.264602
624,5.200000,0.031312,0.039147,0.125777,-0.032515,0.337618,-0.086999,0.024301,0.266097,0.264787
625,5.208333,0.031358,0.038976,0.123303,-0.030022,0.319812,-0.114886,0.024249,0.266274,0.264590
626,5.216667,0.031679,0.038472,0.120882,-0.026445,0.299005,-0.141693,0.024433,0.266113,0.264342
627,5.225000,0.031337,0.037333,0.118636,-0.022475,0.275252,-0.166856,0.024903,0.265426,0.264397
628,5.233333,0.031315,0.035896,0.116710,-0.018852,0.249182,-0.189754,0.025507,0.264340,0.264513
629,5.241667,0.031176,0.034266,0.114984,-0.015700,0.221663,-0.209844,0.026364,0.262911,0.264521
630,5.250000,0.030386,0.032487,0.113349,-0.012516,0.194068,-0.226725,0.027499,0.261515,0.264314
631,5.258333,0.030703,0.031018,0.111920,-0.008908,0.168154,-0.239628,0.028915,0.260499,0.263934
