Format Version,1.23,Take Name,jon dominant hand,Take Notes,,Capture Frame Rate,120.000000,Export Frame Rate,120.000000,Capture Start Time,2024-03-05 10.43.18.665 AM,Capture Start Frame,130477,Total Frames in Take,934,Total Exported Frames,934,Rotation Type,Quaternion,Length Units,Meters,Coordinate Space,Global

,Type,Marker,Marker,Marker,Marker,Marker,Marker,Marker,Marker,Marker,Marker,Marker,Marker,Marker,Marker,Marker
,Name,Unlabeled 1000,Unlabeled 1000,Unlabeled 1000,Unlabeled 1001,Unlabeled 1001,Unlabeled 1001,Unlabeled 1002,Unlabeled 1002,Unlabeled 1002,Unlabeled 1003,Unlabeled 1003,Unlabeled 1003,Unlabeled 1005,Unlabeled 1005,Unlabeled 1005
,ID,"F00A0","F00A0","F00A0","F0110","F0110","F0110","F0380","F0380","F0380","F03D0","F03D0","F03D0","F03E0","F03E0","F03E0"
,,Position,Position,Position,Position,Position,Position,Position,Position,Position,Position,Position,Position,Position,Position,Position
Frame,Time (Seconds),X,Y,Z,X,Y,Z,X,Y,Z,X,Y,Z,X,Y,Z
0,0.000000,0.021765,0.039301,0.106610,-0.084024,0.000322,0.181643,-0.061514,0.057456,0.197426,,,,,,
1,0.008333,0.021802,0.039151,0.106633,-0.084000,0.000310,0.181663,-0.061514,0.057459,0.197426,,,,,,
2,0.016667,0.021617,0.039259,0.106437,-0.084031,0.000321,0.181632,-0.061504,0.057451,0.197430,,,,,,
3,0.025000,0.021920,0.039149,0.106679,-0.084029,0.000322,0.181634,-0.061514,0.057463,0.197414,,,,,,
4,0.033333,0.021827,0.039195,0.106612,-0.084013,0.000325,0.181648,-0.061518,0.057469,0.197409,,,,,,
5,0.041667,0.021636,0.039246,0.106498,-0.084073,0.000356,0.181594,-0.061528,0.057467,0.197406,,,,,,
6,0.050000,0.021652,0.039252,0.106467,-0.084095,0.000367,0.181574,-0.061541,0.057469,0.197398,,,,,,
7,0.058333,0.021677,0.039227,0.106520,-0.084081,0.000333,0.181590,-0.061560,0.057463,0.197385,,,,,,
8,0.066667,0.021600,0.039238,0.106447,-0.084119,0.000346,0.181559,-0.061565,0.057450,0.197380,,,,,,
9,0.075000,0.021593,0.039241,0.106444,-0.084134,0.000333,0.181556,-0.061597,0.057452,0.197353,,,,,,
10,0.083333,0.021536,0.039266,0.106407,-0.084138,0.000327,0.181574,-0.061577,0.057438,0.197392,,,,,,
11,0.091667,0.021532,0.039275,0.106362,-0.084193,0.000380,0.181502,-0.061583,0.057449,0.197382,,,,,,
12,0.100000,0.021648,0.039180,0.106469,-0.084199,0.000396,0.181498,-0.061570,0.057458,0.197377,,,,,,
13,0.108333,0.021565,0.039221,0.106395,-0.084188,0.000381,0.181544,-0.061569,0.057447,0.197393,,,,,,
14,0.116667,0.021564,0.039271,0.106441,-0.084244,0.000400,0.181499,-0.061566,0.057435,0.197406,,,,,,
15,0.125000,0.021606,0.039220,0.106453,-0.084269,0.000400,0.181471,-0.061581,0.057420,0.197393,,,,,,
16,0.133333,0.021562,0.039269,0.106384,-0.084270,0.000388,0.181472,-0.061599,0.057406,0.197364,,,,,,
17,0.141667,0.021806,0.039148,0.106577,-0.084290,0.000385,0.181477,-0.061574,0.057389,0.197399,,,,,,
18,0.150000,0.021545,0.039255,0.106409,-0.084282,0.000369,0.181527,-0.061541,0.057379,0.197455,,,,,,
19,0.158333,0.021614,0.039237,0.106454,-0.084311,0.000412,0.181488,-0.061518,0.057383,0.197473,,,,,,
20,0.166667,0.021549,0.039222,0.106375,-0.084369,0.000461,0.181458,-0.061477,0.057386,0.197504,,,,,,
21,0.175000,0.021635,0.039208,0.106454,-0.084312,0.000416,0.181647,-0.061471,0.057409,0.197483,,,,,,
22,0.183333,0.021483,0.039257,0.106333,-0.084312,0.000426,0.181689,-0.061443,0.057412,0.197509,,,,,,
23,0.191667,0.021590,0.039216,0.106396,-0.084337,0.000467,0.181658,-0.061426,0.057420,0.197515,,,,,,
24,0.200000,0.021572,0.039171,0.106366,-0.084339,0.000480,0.181665,-0.061400,0.057420,0.197535,,,,,,
25,0.208333,0.021547,0.039236,0.106340,-0.084396,0.000523,0.181626,-0.061383,0.057427,0.197546,,,,,,
26,0.216667,0.021726,0.039158,0.106474,-0.084427,0.000576,0.181613,-0.061342,0.057439,0.197592,,,,,,
27,0.225000,0.021654,0.039185,0.106404,-0.084455,0.000619,0.181608,-0.061306,0.057445,0.197621,,,,,,
28,0.233333,0.021434,0.039276,0.106222,-0.084519,0.000679,0.181566,-0.061274,0.057453,0.197642,,,,,,
29,0.241667,0.021595,0.039173,0.106318,-0.084593,0.000762,0.181548,-0.061192,0.057461,0.197724,,,,,,
30,0.250000,0.021413,0.039188,0.106168,-0.084622,0.000795,0.181625,-0.061202,0.057503,0.197690,,,,,,
31,0.258333,0.021644,0.039050,0.106307,-0.084592,0.000787,0.181735,-0.061143,0.057508,0.197759,,,,,,
32,0.266667,0.021541,0.039186,0.106233,-0.084630,0.000830,0.181743,-0.061066,0.057484,0.197846,,,,,,
33,0.275000,0.021524,0.039108,0.106203,-0.084644,0.000845,0.181822,-0.060992,0.057422,0.197961,,,,,,
34,0.283333,0.021521,0.039145,0.106204,-0.084662,0.000823,0.181946,-0.060948,0.057391,0.198036,,,,,,
35,0.291667,0.021498,0.039097,0.106179,-0.084700,0.000843,0.181994,-0.060867,0.057351,0.198153,,,,,,
36,0.300000,0.021503,0.039104,0.106180,-0.084687,0.000821,0.182108,-0.060787,0.057305,0.198260,,,,,,
37,0.308333,0.021556,0.039070,0.106207,-0.084721,0.000844,0.182179,-0.060654,0.057288,0.198442,,,,,,
38,0.316667,0.021557,0.039071,0.106207,-0.084755,0.000889,0.182312,-0.060527,0.057292,0.198589,,,,,,
39,0.325000,0.021525,0.039028,0.106166,-0.084737,0.000930,0.182495,-0.060356,0.057239,0.198799,,,,,,
40,0.333333,0.021360,0.039171,0.106080,-0.084681,0.000944,0.182720,-0.060195,0.057232,0.198967,,,,,,
41,0.341667,0.021539,0.039044,0.106196,-0.084617,0.000998,0.182880,-0.060024,0.057212,0.199148,,,,,,
42,0.350000,0.021554,0.039075,0.106194,-0.084497,0.001018,0.183066,-0.059796,0.057168,0.199394,,,,,,
43,0.358333,0.021553,0.039083,0.106161,-0.084287,0.000956,0.183344,-0.059500,0.057064,0.199744,,,,,,
44,0.366667,0.021500,0.039115,0.106129,-0.084161,0.000896,0.183607,-0.059294,0.056970,0.200022,,,,,,
45,0.375000,0.021464,0.039109,0.106045,-0.084110,0.000830,0.183837,-0.059128,0.056856,0.200245,,,,,,
46,0.383333,0.021478,0.039065,0.106039,-0.084123,0.000817,0.183949,-0.058994,0.056703,0.200436,,,,,,
47,0.391667,0.021479,0.039130,0.106078,-0.084140,0.000762,0.184069,-0.058867,0.056530,0.200664,,,,,,
48,0.400000,0.021440,0.039186,0.106030,-0.084214,0.000727,0.184202,-0.058665,0.056362,0.200973,,,,,,
49,0.408333,0.021437,0.039108,0.105996,-0.084266,0.000696,0.184424,-0.058459,0.056208,0.201211,,,,,,
50,0.416667,0.021386,0.039132,0.105925,-0.084275,0.000692,0.184639,-0.058217,0.056058,0.201538,,,,,,
51,0.425000,0.021401,0.039129,0.105985,-0.084188,0.000620,0.185029,-0.058059,0.055972,0.201753,,,,,,
52,0.433333,0.021388,0.039147,0.106007,-0.084169,0.000584,0.185275,-0.057844,0.055852,0.202073,,,,,,
53,0.441667,0.021253,0.039215,0.105862,-0.084150,0.000540,0.185494,-0.057590,0.055706,0.202422,,,,,,
54,0.450000,0.021311,0.039303,0.105917,-0.084088,0.000440,0.185770,-0.057347,0.055512,0.202820,,,,,,
55,0.458333,0.021175,0.039295,0.105873,-0.084011,0.000277,0.186045,-0.057150,0.055285,0.203191,,,,,,
56,0.466667,0.021121,0.039361,0.105848,-0.083876,-0.000019,0.186485,-0.056997,0.054972,0.203491,,,,,,
57,0.475000,0.021042,0.039383,0.105802,-0.083947,-0.000245,0.186659,-0.056826,0.054639,0.203808,,,,,,
58,0.483333,0.021124,0.039302,0.105900,-0.083970,-0.000543,0.186859,-0.056782,0.054314,0.203995,,,,,,
59,0.491667,0.021109,0.039404,0.105968,-0.083811,-0.001076,0.187265,-0.056530,0.053771,0.204454,,,,,,
60,0.500000,0.020904,0.039473,0.105831,-0.083732,-0.001645,0.187590,-0.056351,0.053191,0.204921,,,,,,
61,0.508333,0.020819,0.039573,0.105897,-0.083674,-0.002272,0.187824,-0.056235,0.052421,0.205373,,,,,,
62,0.516667,0.020599,0.039672,0.105806,-0.083612,-0.003053,0.188171,-0.055955,0.051560,0.206027,,,,,,
63,0.525000,0.020455,0.039718,0.105760,-0.083768,-0.002975,0.188771,-0.055768,0.051271,0.206340,,,,,,
64,0.533333,0.020414,0.039742,0.105881,-0.083864,-0.002940,0.188883,-0.055723,0.051180,0.206495,,,,,,
65,0.541667,0.020506,0.039753,0.106053,-0.083861,-0.002950,0.188862,-0.055977,0.051266,0.206362,,,,,,
66,0.550000,0.020797,0.039613,0.106491,-0.083858,-0.003006,0.188682,-0.056244,0.051168,0.206383,,,,,,
67,0.558333,0.020758,0.039785,0.106547,-0.083953,-0.003027,0.187987,-0.056753,0.050976,0.206261,,,,,,
68,0.566667,0.020927,0.039806,0.106856,-0.084022,-0.003069,0.187059,-0.057304,0.050829,0.205999,,,,,,
69,0.575000,0.020877,0.040065,0.106917,-0.083802,-0.003312,0.185933,-0.058301,0.050789,0.205278,,,,,,
70,0.583333,0.021072,0.040121,0.107053,-0.083678,-0.003378,0.184321,-0.059152,0.050655,0.204718,,,,,,
71,0.591667,0.021222,0.040248,0.107196,-0.083424,-0.003586,0.182797,-0.060089,0.050538,0.204008,,,,,,
72,0.600000,0.021199,0.040341,0.107128,-0.083351,-0.003727,0.181078,-0.061144,0.050496,0.203085,,,,,,
73,0.608333,0.021203,0.040396,0.107107,-0.083579,-0.003730,0.179173,-0.062112,0.050329,0.202147,,,,,,
74,0.616667,0.021329,0.040359,0.107070,-0.083625,-0.003914,0.177531,-0.063108,0.050165,0.201098,,,,,,
75,0.625000,0.021141,0.040448,0.106527,-0.083622,-0.004118,0.176024,-0.063869,0.049983,0.200124,,,,,,
76,0.633333,0.021065,0.040266,0.106077,-0.083745,-0.004228,0.174633,-0.064567,0.049844,0.199216,,,,,,
77,0.641667,0.021162,0.040078,0.105871,-0.083733,-0.004324,0.173475,-0.065127,0.049788,0.198266,,,,,,
78,0.650000,0.021162,0.040015,0.105479,-0.083877,-0.004279,0.172441,-0.065441,0.049815,0.197549,,,,,,
79,0.658333,0.020976,0.039963,0.104911,-0.083827,-0.004384,0.171920,-0.065613,0.049813,0.196950,,,,,,
80,0.666667,0.020994,0.039773,0.104580,-0.083848,-0.004366,0.171370,-0.065816,0.049930,0.196310,,,,,,
81,0.675000,0.020970,0.039662,0.104256,-0.083948,-0.004378,0.170953,-0.065905,0.049960,0.195874,,,,,,
82,0.683333,0.020868,0.039537,0.103774,-0.084076,-0.004375,0.170635,-0.065947,0.049982,0.195529,,,,,,
83,0.691667,0.020975,0.039364,0.103608,-0.084186,-0.004384,0.170631,-0.065769,0.049920,0.195448,,,,,,
84,0.700000,0.020848,0.039193,0.103246,-0.084450,-0.004213,0.170783,-0.065693,0.050107,0.195180,,,,,,
85,0.708333,0.020795,0.039053,0.103091,-0.084700,-0.003923,0.171112,-0.065354,0.050284,0.195317,,,,,,
86,0.716667,0.020761,0.039072,0.102752,-0.084973,-0.003557,0.171691,-0.064880,0.050567,0.195547,,,,,,
87,0.725000,0.020647,0.039146,0.102408,-0.085333,-0.003201,0.172332,-0.064504,0.050804,0.195717,,,,,,
88,0.733333,0.020722,0.038975,0.102375,-0.085757,-0.002968,0.173141,-0.064127,0.050986,0.195967,,,,,,
89,0.741667,0.020498,0.038978,0.102161,-0.086100,-0.002934,0.174036,-0.063636,0.050885,0.196465,,,,,,
90,0.750000,0.020550,0.038859,0.102223,-0.086190,-0.003073,0.174976,-0.063271,0.050716,0.196895,,,,,,
91,0.758333,0.020630,0.038751,0.102376,-0.086110,-0.003398,0.175939,-0.062924,0.050463,0.197436,,,,,,
92,0.766667,0.020215,0.039010,0.102281,-0.085849,-0.003728,0.176541,-0.062685,0.050187,0.197958,,,,,,
93,0.775000,0.020201,0.038948,0.102460,-0.085411,-0.003947,0.177283,-0.062291,0.049951,0.198720,,,,,,
94,0.783333,0.020226,0.039088,0.102614,-0.085202,-0.003700,0.178119,-0.061799,0.050042,0.199362,,,,,,
95,0.791667,0.020163,0.039026,0.102633,-0.084317,-0.003749,0.178834,-0.061359,0.050289,0.199934,,,,,,
96,0.800000,0.019955,0.039226,0.102608,-0.083332,-0.003671,0.179367,-0.060927,0.050590,0.200410,,,,,,
97,0.808333,0.019707,0.039235,0.102509,-0.082232,-0.003715,0.180042,-0.060305,0.050856,0.201122,,,,,,
98,0.816667,0.019672,0.039127,0.102476,-0.080950,-0.003752,0.180945,-0.059623,0.051115,0.201710,,,,,,
99,0.825000,0.019544,0.039125,0.102341,-0.079640,-0.003730,0.181899,-0.058728,0.051476,0.202435,,,,,,
100,0.833333,0.019367,0.039029,0.102144,-0.078318,-0.003741,0.183040,-0.057842,0.051848,0.203020,,,,,,
101,0.841667,0.019187,0.038932,0.101952,-0.077355,-0.003634,0.184052,-0.056850,0.052073,0.203843,,,,,,
102,0.850000,0.019113,0.038993,0.101927,-0.076576,-0.003466,0.184949,-0.055855,0.052234,0.204692,,,,,,
103,0.858333,0.019065,0.039015,0.101869,-0.075717,-0.003561,0.186078,-0.054927,0.052352,0.205431,,,,,,
104,0.866667,0.019006,0.038867,0.101774,-0.075141,-0.003489,0.186936,-0.054187,0.052386,0.205947,,,,,,
105,0.875000,0.019008,0.038954,0.101790,-0.074748,-0.003473,0.187537,-0.053509,0.052502,0.206370,,,,,,
106,0.883333,0.018943,0.038968,0.101737,-0.074281,-0.003494,0.188243,-0.052964,0.052567,0.206788,,,,,,
107,0.891667,0.018918,0.038972,0.101697,-0.073924,-0.003482,0.188963,-0.052487,0.052633,0.207134,,,,,,
108,0.900000,0.018861,0.038962,0.101550,-0.073726,-0.003528,0.189635,-0.052051,0.052639,0.207455,,,,,,
109,0.908333,0.018768,0.039003,0.101366,-0.073630,-0.003546,0.190051,-0.051843,0.052717,0.207449,,,,,,
110,0.916667,0.019018,0.038720,0.101456,-0.073673,-0.003618,0.190231,-0.051818,0.052759,0.207374,,,,,,
111,0.925000,0.018809,0.038697,0.101157,-0.073875,-0.003630,0.190190,-0.051882,0.052763,0.207235,,,,,,
112,0.933333,0.018891,0.038625,0.101145,-0.074098,-0.003664,0.190163,-0.051961,0.052744,0.206994,,,,,,
113,0.941667,0.018940,0.038522,0.101036,-0.074377,-0.003751,0.190038,-0.052258,0.052705,0.206626,,,,,,
114,0.950000,0.018992,0.038436,0.100983,-0.074641,-0.003873,0.189796,-0.052577,0.052642,0.206321,,,,,,
115,0.958333,0.019093,0.038356,0.101031,-0.075138,-0.003842,0.189104,-0.052953,0.052586,0.206019,,,,,,
116,0.966667,0.019246,0.038371,0.101116,-0.075508,-0.003797,0.188416,-0.053390,0.052517,0.205677,,,,,,
117,0.975000,0.019296,0.038400,0.101162,-0.075786,-0.003915,0.187782,-0.054085,0.052450,0.205046,,,,,,
118,0.983333,0.019267,0.038492,0.101136,-0.076275,-0.003884,0.186811,-0.054668,0.052343,0.204517,,,,,,
119,0.991667,0.019379,0.038330,0.101223,-0.076733,-0.003823,0.185965,-0.055421,0.052289,0.203921,,,,,,
120,1.000000,0.019545,0.038363,0.101338,-0.077189,-0.003900,0.185086,-0.056186,0.052166,0.203356,,,,,,
121,1.008333,0.019460,0.038500,0.101436,-0.077611,-0.003931,0.184301,-0.056633,0.051965,0.203200,,,,,,
122,1.016667,0.019442,0.038512,0.101463,-0.078015,-0.003822,0.183398,-0.057075,0.051757,0.202975,,,,,,
123,1.025000,0.019367,0.038599,0.101526,-0.077971,-0.003900,0.182945,-0.057557,0.051750,0.202636,,,,,,
124,1.033333,0.019234,0.038553,0.101487,-0.077894,-0.003780,0.182322,-0.057802,0.051793,0.202446,,,,,,
125,1.041667,0.019077,0.038580,0.101368,-0.077215,-0.003854,0.182122,-0.057832,0.051849,0.202416,,,,,,
126,1.050000,0.018987,0.038565,0.101306,-0.076352,-0.003878,0.181901,-0.057856,0.051950,0.202393,,,,,,
127,1.058333,0.018719,0.038636,0.101107,-0.075574,-0.003858,0.181595,-0.057944,0.052011,0.202326,,,,,,
128,1.066667,0.018883,0.038577,0.101255,-0.074753,-0.003903,0.181603,-0.057987,0.052021,0.202328,,,,,,
129,1.075000,0.018874,0.038659,0.101280,-0.074322,-0.003848,0.181269,-0.058007,0.051996,0.202329,,,,,,
130,1.083333,0.018816,0.038644,0.101177,-0.073712,-0.003895,0.181080,-0.058060,0.051895,0.202340,,,,,,
131,1.091667,0.018911,0.038753,0.101281,-0.073416,-0.003889,0.180653,-0.058211,0.051810,0.202213,,,,,,
132,1.100000,0.018961,0.038782,0.101236,-0.073257,-0.003847,0.180148,-0.058393,0.051690,0.202027,,,,,,
133,1.108333,0.019218,0.038789,0.101287,-0.073196,-0.003891,0.179728,-0.058644,0.051532,0.201810,,,,,,
134,1.116667,0.019254,0.038888,0.101207,-0.073565,-0.003759,0.178982,-0.059006,0.051401,0.201398,,,,,,
135,1.125000,0.019336,0.038855,0.101222,-0.074021,-0.003776,0.178302,-0.059223,0.051260,0.201114,,,,,,
136,1.133333,0.019465,0.038786,0.101134,-0.074610,-0.003686,0.177715,-0.059669,0.051152,0.200584,,,,,,
137,1.141667,0.019636,0.038657,0.101152,-0.075369,-0.003647,0.177113,-0.059907,0.050916,0.200331,,,,,,
138,1.150000,0.019680,0.038629,0.101097,-0.075955,-0.003793,0.176966,-0.060121,0.050760,0.200099,,,,,,
139,1.158333,0.019453,0.038480,0.100775,-0.076875,-0.003652,0.176751,-0.060146,0.050613,0.200011,,,,,,
140,1.166667,0.019406,0.038428,0.100643,-0.077622,-0.003643,0.177001,-0.060161,0.050523,0.199974,,,,,,
141,1.175000,0.019090,0.038488,0.100287,-0.078301,-0.003541,0.177304,-0.060065,0.050483,0.200068,,,,,,
142,1.183333,0.019091,0.038401,0.100319,-0.078488,-0.003681,0.178233,-0.059758,0.050471,0.200387,,,,,,
143,1.191667,0.018908,0.038422,0.100235,-0.078706,-0.003552,0.178949,-0.059261,0.050470,0.200874,,,,,,
144,1.200000,0.018994,0.038333,0.100468,-0.078430,-0.003657,0.180031,-0.058706,0.050526,0.201433,,,,,,
145,1.208333,0.018744,0.038362,0.100378,-0.078117,-0.003706,0.181073,-0.058110,0.050603,0.202101,,,,,,
146,1.216667,0.018851,0.038396,0.100624,-0.077948,-0.003565,0.181867,-0.057583,0.050761,0.202655,,,,,,
147,1.225000,0.018770,0.038481,0.100623,-0.077641,-0.003489,0.182599,-0.056989,0.050763,0.203259,,,,,,
148,1.233333,0.018748,0.038614,0.100685,-0.077202,-0.003530,0.183156,-0.056651,0.050854,0.203573,,,,,,
149,1.241667,0.018978,0.038614,0.100881,-0.076899,-0.003511,0.183475,-0.056349,0.050915,0.203874,,,,,,
150,1.250000,0.019007,0.038717,0.100926,-0.076788,-0.003460,0.183423,-0.056279,0.050951,0.203907,,,,,,
151,1.258333,0.019092,0.038749,0.100870,-0.076648,-0.003514,0.183389,-0.056304,0.050961,0.203786,,,,,,
152,1.266667,0.019343,0.038576,0.100931,-0.076652,-0.003497,0.182973,-0.056457,0.050954,0.203536,,,,,,
153,1.275000,0.019418,0.038550,0.100835,-0.076781,-0.003453,0.182339,-0.056814,0.050971,0.202995,,,,,,
154,1.283333,0.019375,0.038515,0.100676,-0.077077,-0.003417,0.181405,-0.057154,0.050856,0.202593,,,,,,
155,1.291667,0.019449,0.038542,0.100468,-0.077552,-0.003469,0.180464,-0.057755,0.050673,0.201845,,,,,,
156,1.300000,0.019317,0.038595,0.100084,-0.078112,-0.003416,0.179270,-0.058408,0.050482,0.201193,,,,,,
157,1.308333,0.019561,0.038435,0.100084,-0.078565,-0.003493,0.178238,-0.058981,0.050218,0.200507,,,,,,
158,1.316667,0.019549,0.038434,0.099984,-0.078925,-0.003542,0.177178,-0.059512,0.049961,0.199951,,,,,,
159,1.325000,0.019537,0.038433,0.099890,-0.079243,-0.003631,0.176138,-0.060126,0.049835,0.199265,,,,,,
160,1.333333,0.019569,0.038403,0.099840,-0.079559,-0.003663,0.175070,-0.060758,0.049683,0.198555,,,,,,
161,1.341667,0.019857,0.038281,0.099892,-0.079657,-0.003679,0.174273,-0.061230,0.049641,0.198030,,,,,,
162,1.350000,0.019655,0.038374,0.099563,-0.079499,-0.003840,0.173617,-0.061593,0.049634,0.197513,,,,,,
163,1.358333,0.019312,0.038511,0.099074,-0.079449,-0.003813,0.172949,-0.061878,0.049677,0.197042,,,,,,
164,1.366667,0.019246,0.038528,0.098887,-0.078937,-0.003946,0.172859,-0.061921,0.049718,0.196887,,,,,,
165,1.375000,0.019130,0.038517,0.098657,-0.078476,-0.003944,0.172708,-0.061923,0.049911,0.196702,,,,,,
166,1.383333,0.019073,0.038627,0.098593,-0.077532,-0.004021,0.173067,-0.061697,0.050148,0.196691,,,,,,
167,1.391667,0.019100,0.038603,0.098536,-0.076472,-0.004092,0.173631,-0.061255,0.050424,0.196892,,,,,,
168,1.400000,0.018853,0.038694,0.098226,-0.075561,-0.004032,0.174040,-0.060742,0.050655,0.197226,,,,,,
169,1.408333,0.018962,0.038543,0.098243,-0.074537,-0.004011,0.174523,-0.060251,0.050948,0.197433,,,,,,
170,1.416667,0.019009,0.038704,0.098217,-0.073489,-0.004118,0.175062,-0.059680,0.050968,0.197895,,,,,,
171,1.425000,0.019111,0.038677,0.098246,-0.072944,-0.004101,0.175099,-0.059461,0.051127,0.197897,,,,,,
172,1.433333,0.019443,0.038640,0.098443,-0.072315,-0.004156,0.175172,-0.059342,0.051201,0.197869,,,,,,
173,1.441667,0.019401,0.038771,0.098285,-0.071966,-0.004061,0.174860,-0.059318,0.051278,0.197786,,,,,,
174,1.450000,0.019549,0.038765,0.098339,-0.071488,-0.004142,0.174550,-0.059443,0.051317,0.197594,,,,,,
175,1.458333,0.019603,0.038762,0.098319,-0.071493,-0.004109,0.173953,-0.059737,0.051339,0.197237,,,,,,
176,1.466667,0.019837,0.038805,0.098440,-0.071351,-0.004187,0.173385,-0.060076,0.051278,0.196888,,,,,,
177,1.475000,0.020161,0.038662,0.098581,-0.071615,-0.004240,0.172468,-0.060448,0.051106,0.196495,,,,,,
178,1.483333,0.020276,0.038684,0.098573,-0.072101,-0.004246,0.171324,-0.061241,0.050985,0.195670,,,,,,
179,1.491667,0.020487,0.038819,0.098765,-0.072625,-0.004245,0.170146,-0.061999,0.050878,0.194902,,,,,,
180,1.500000,0.020429,0.038761,0.098660,-0.073103,-0.004249,0.168951,-0.062862,0.050809,0.193959,,,,,,
181,1.508333,0.020443,0.038804,0.098599,-0.073521,-0.004281,0.167725,-0.063957,0.050870,0.192711,,,,,,
182,1.516667,0.020781,0.038707,0.098707,-0.073813,-0.004349,0.166619,-0.064689,0.050780,0.191864,,,,,,
183,1.525000,0.021067,0.038658,0.098845,-0.073915,-0.004517,0.165753,-0.065552,0.050793,0.190746,,,,,,
184,1.533333,0.020856,0.038627,0.098551,-0.074081,-0.004538,0.164847,-0.066264,0.050750,0.189834,,,,,,
185,1.541667,0.020864,0.038649,0.098402,-0.074035,-0.004673,0.164215,-0.066923,0.050851,0.188832,,,,,,
186,1.550000,0.020828,0.038534,0.098350,-0.073869,-0.004825,0.163928,-0.067227,0.050817,0.188377,,,,,,
187,1.558333,0.020780,0.038636,0.098166,-0.073829,-0.004838,0.163677,-0.067492,0.050877,0.187886,,,,,,
188,1.566667,0.020700,0.038724,0.098039,-0.073637,-0.004815,0.163569,-0.067505,0.050892,0.187816,,,,,,
189,1.575000,0.020598,0.038808,0.097962,-0.073311,-0.004789,0.163691,-0.067383,0.050899,0.187917,,,,,,
190,1.583333,0.020575,0.038922,0.097959,-0.072766,-0.004862,0.164083,-0.067135,0.050932,0.188173,,,,,,
191,1.591667,0.020390,0.038987,0.097804,-0.072356,-0.004787,0.164536,-0.066573,0.050882,0.188812,,,,,,
192,1.600000,0.020447,0.038960,0.097921,-0.071841,-0.004830,0.165197,-0.066015,0.050911,0.189411,,,,,,
193,1.608333,0.020363,0.039024,0.097844,-0.071409,-0.004721,0.165753,-0.065627,0.050997,0.189814,,,,,,
194,1.616667,0.020441,0.039044,0.097989,-0.070895,-0.004753,0.166404,-0.065103,0.051021,0.190467,,,,,,
195,1.625000,0.020601,0.039029,0.098140,-0.070697,-0.004698,0.166661,-0.064891,0.051101,0.190685,,,,,,
196,1.633333,0.020701,0.039137,0.098220,-0.070707,-0.004600,0.166640,-0.064787,0.051100,0.190800,,,,,,
197,1.641667,0.020875,0.039082,0.098389,-0.070634,-0.004680,0.166703,-0.064804,0.051077,0.190820,,,,,,
198,1.650000,0.020803,0.039116,0.098362,-0.070538,-0.004796,0.166692,-0.064909,0.051005,0.190760,,,,,,
199,1.658333,0.021052,0.039098,0.098651,-0.070820,-0.004791,0.166174,-0.065202,0.050892,0.190537,,,,,,
200,1.666667,0.021117,0.039124,0.098673,-0.071329,-0.004769,0.165472,-0.065560,0.050762,0.190202,,,,,,
201,1.675000,0.021053,0.039119,0.098637,-0.071935,-0.004716,0.164651,-0.066129,0.050682,0.189621,,,,,,
202,1.683333,0.021220,0.039085,0.098820,-0.072469,-0.004692,0.163942,-0.066688,0.050609,0.189084,,,,,,
203,1.691667,0.021181,0.039114,0.098760,-0.072994,-0.004773,0.163222,-0.067232,0.050537,0.188472,,,,,,
204,1.700000,0.021287,0.039098,0.098835,-0.073308,-0.004812,0.162555,-0.067731,0.050406,0.187916,,,,,,
205,1.708333,0.021274,0.039155,0.098815,-0.073760,-0.004776,0.161608,-0.068250,0.050261,0.187337,,,,,,
206,1.716667,0.021288,0.039170,0.098823,-0.073835,-0.004922,0.161071,-0.068719,0.050214,0.186687,,,,,,
207,1.725000,0.021316,0.039271,0.098813,-0.073912,-0.004852,0.160438,-0.068943,0.050082,0.186394,,,,,,
208,1.733333,0.021293,0.039417,0.098771,-0.073754,-0.004868,0.160227,-0.068998,0.050014,0.186291,,,,,,
209,1.741667,0.021335,0.039463,0.098822,-0.073566,-0.004873,0.160273,-0.068969,0.050017,0.186263,,,,,,
210,1.750000,0.021398,0.039489,0.098864,-0.073404,-0.004759,0.160290,-0.068695,0.050017,0.186546,,,,,,
211,1.758333,0.021330,0.039583,0.098837,-0.072744,-0.004684,0.160639,-0.068384,0.050123,0.186817,,,,,,
212,1.766667,0.021448,0.039599,0.098946,-0.072053,-0.004737,0.161360,-0.067899,0.050173,0.187348,,,,,,
213,1.775000,0.021322,0.039649,0.098896,-0.071551,-0.004729,0.161873,-0.067400,0.050237,0.187895,,,,,,
214,1.783333,0.021429,0.039656,0.098995,-0.071151,-0.004608,0.162399,-0.066940,0.050279,0.188378,,,,,,
215,1.791667,0.021472,0.039663,0.099018,-0.070531,-0.004699,0.162804,-0.066630,0.050312,0.188676,,,,,,
216,1.800000,0.021629,0.039687,0.099223,-0.070503,-0.004602,0.162805,-0.066512,0.050277,0.188799,,,,,,
217,1.808333,0.021987,0.039659,0.099502,-0.070287,-0.004582,0.162534,-0.066561,0.050292,0.188702,,,,,,
218,1.816667,0.021946,0.039752,0.099489,-0.070084,-0.004552,0.162195,-0.066695,0.050224,0.188546,,,,,,
219,1.825000,0.022118,0.039752,0.099625,-0.069675,-0.004614,0.161629,-0.067056,0.050092,0.188096,,,,,,
220,1.833333,0.022171,0.039713,0.099694,-0.069594,-0.004548,0.160826,-0.067492,0.049974,0.187478,,,,,,
221,1.841667,0.022495,0.039676,0.099870,-0.069489,-0.004650,0.160212,-0.067889,0.049821,0.186979,,,,,,
222,1.850000,0.022449,0.039733,0.099798,-0.069660,-0.004571,0.159426,-0.068252,0.049678,0.186456,,,,,,
223,1.858333,0.022537,0.039729,0.099824,-0.069915,-0.004542,0.158748,-0.068761,0.049668,0.185756,,,,,,
224,1.866667,0.022518,0.039772,0.099782,-0.070308,-0.004484,0.157936,-0.069295,0.049640,0.184966,,,,,,
225,1.875000,0.022675,0.039703,0.099847,-0.070585,-0.004540,0.157250,-0.069715,0.049550,0.184392,,,,,,
226,1.883333,0.022858,0.039666,0.099945,-0.070900,-0.004515,0.156619,-0.070148,0.049519,0.183748,,,,,,
227,1.891667,0.023068,0.039537,0.100041,-0.071294,-0.004512,0.156098,-0.070436,0.049438,0.183304,,,,,,
228,1.900000,0.022922,0.039554,0.099886,-0.071605,-0.004589,0.155654,-0.070570,0.049299,0.183105,,,,,,
229,1.908333,0.022881,0.039548,0.099782,-0.071641,-0.004692,0.155628,-0.070776,0.049298,0.182795,,,,,,
230,1.916667,0.022792,0.039530,0.099653,-0.071692,-0.004694,0.155617,-0.070819,0.049297,0.182728,,,,,,
231,1.925000,0.022849,0.039351,0.099657,-0.071709,-0.004691,0.155655,-0.070794,0.049308,0.182748,,,,,,
232,1.933333,0.022768,0.039381,0.099590,-0.071732,-0.004648,0.155694,-0.070675,0.049290,0.182894,,,,,,
233,1.941667,0.022714,0.039382,0.099545,-0.071633,-0.004616,0.155974,-0.070468,0.049279,0.183212,,,,,,
234,1.950000,0.022472,0.039475,0.099427,-0.071545,-0.004472,0.156324,-0.070164,0.049314,0.183569,,,,,,
235,1.958333,0.022423,0.039453,0.099526,-0.071266,-0.004483,0.156916,-0.069978,0.049392,0.183917,,,,,,
236,1.966667,0.022301,0.039470,0.099541,-0.070959,-0.004528,0.157372,-0.069752,0.049383,0.184370,,,,,,
237,1.975000,0.022214,0.039731,0.099573,-0.070926,-0.004464,0.157474,-0.069557,0.049259,0.184769,,,,,,
238,1.983333,0.022160,0.039826,0.099579,-0.070879,-0.004440,0.157541,-0.069474,0.049184,0.184969,,,,,,
239,1.991667,0.021927,0.039896,0.099533,-0.070739,-0.004432,0.157611,-0.069294,0.049083,0.185332,,,,,,
240,2.000000,0.022147,0.039845,0.099696,-0.070778,-0.004398,0.157622,-0.069269,0.049048,0.185412,,,,,,
241,2.008333,0.022011,0.039837,0.099658,-0.070762,-0.004423,0.157622,-0.069315,0.049047,0.185370,,,,,,
242,2.016667,0.022345,0.039700,0.099870,-0.070722,-0.004483,0.157638,-0.069356,0.049040,0.185327,,,,,,
243,2.025000,0.022442,0.039628,0.099942,-0.070742,-0.004496,0.157609,-0.069388,0.049032,0.185280,,,,,,
244,2.033333,0.022329,0.039723,0.099754,-0.070901,-0.004492,0.157522,-0.069438,0.049028,0.185223,,,,,,
245,2.041667,0.022330,0.039697,0.099693,-0.071585,-0.004347,0.157202,-0.069501,0.049009,0.185164,,,,,,
246,2.050000,0.022253,0.039643,0.099601,-0.072065,-0.004343,0.157270,-0.069518,0.048975,0.185199,,,,,,
247,2.058333,0.022106,0.039422,0.099449,-0.072649,-0.004302,0.157372,-0.069524,0.049051,0.185210,,,,,,
248,2.066667,0.021901,0.039456,0.099269,-0.073259,-0.004293,0.157737,-0.069486,0.049081,0.185332,,,,,,
249,2.075000,0.021782,0.039322,0.099101,-0.073865,-0.004245,0.158185,-0.069290,0.049096,0.185690,,,,,,
250,2.083333,0.021633,0.039186,0.098982,-0.074405,-0.004151,0.158720,-0.068963,0.049107,0.186217,,,,,,
251,2.091667,0.021238,0.039192,0.098725,-0.074718,-0.004104,0.159420,-0.068678,0.049235,0.186642,,,,,,
252,2.100000,0.021184,0.039100,0.098700,-0.074490,-0.004159,0.160514,-0.068258,0.049330,0.187297,,,,,,
253,2.108333,0.020892,0.039119,0.098489,-0.074155,-0.004142,0.161414,-0.067671,0.049378,0.188060,,,,,,
254,2.116667,0.020951,0.039066,0.098618,-0.073665,-0.004196,0.162230,-0.067151,0.049439,0.188845,,,,,,
255,2.125000,0.020957,0.039060,0.098623,-0.073371,-0.004137,0.162489,-0.066926,0.049458,0.189116,,,,,,
256,2.133333,0.020882,0.039345,0.098525,-0.072783,-0.004133,0.162593,-0.066803,0.049469,0.189204,,,,,,
257,2.141667,0.021054,0.039348,0.098644,-0.072044,-0.004207,0.162509,-0.066871,0.049570,0.188923,,,,,,
258,2.150000,0.021047,0.039475,0.098612,-0.071319,-0.004326,0.162360,-0.067063,0.049612,0.188554,,,,,,
259,2.158333,0.021133,0.039548,0.098656,-0.070954,-0.004335,0.161630,-0.067408,0.049555,0.187965,,,,,,
260,2.166667,0.021544,0.039428,0.098962,-0.071022,-0.004303,0.160391,-0.067700,0.049279,0.187518,,,,,,
261,2.175000,0.021878,0.039431,0.099219,-0.071384,-0.004184,0.158908,-0.068347,0.048990,0.186646,,,,,,
262,2.183333,0.022078,0.039456,0.099409,-0.071963,-0.004114,0.157240,-0.069099,0.048634,0.185717,,,,,,
263,2.191667,0.022263,0.039528,0.099531,-0.072748,-0.004015,0.155747,-0.070059,0.048296,0.184608,,,,,,
264,2.200000,0.022423,0.039493,0.099688,-0.073733,-0.003872,0.154124,-0.071003,0.048028,0.183416,,,,,,
265,2.208333,0.022114,0.039603,0.099407,-0.074580,-0.004003,0.152916,-0.071820,0.047716,0.182479,,,,,,
266,2.216667,0.021899,0.039619,0.099285,-0.075753,-0.003905,0.151580,-0.072846,0.047603,0.181383,,,,,,
267,2.225000,0.021769,0.039519,0.099254,-0.077008,-0.003937,0.150299,-0.073858,0.047432,0.180178,,,,,,
268,2.233333,0.021619,0.039407,0.099118,-0.078527,-0.003898,0.148963,-0.074762,0.047238,0.179150,,,,,,
269,2.241667,0.021594,0.039287,0.099048,-0.080102,-0.003917,0.147624,-0.075755,0.047071,0.177963,,,,,,
270,2.250000,0.021567,0.039176,0.099002,-0.081458,-0.003953,0.146495,-0.076513,0.046864,0.176967,,,,,,
271,2.258333,0.021318,0.039047,0.098673,-0.082529,-0.003962,0.145745,-0.077070,0.046721,0.176265,,,,,,
272,2.266667,0.021042,0.038969,0.098314,-0.083127,-0.003974,0.145199,-0.077468,0.046675,0.175717,,,,,,
273,2.275000,0.021070,0.038791,0.098286,-0.083165,-0.004053,0.145179,-0.077614,0.046717,0.175527,,,,,,
274,2.283333,0.020848,0.038758,0.097900,-0.083107,-0.004059,0.145649,-0.077434,0.046741,0.175756,,,,,,
275,2.291667,0.020751,0.038702,0.097757,-0.082806,-0.003989,0.146412,-0.076928,0.046882,0.176426,,,,,,
276,2.300000,0.020463,0.038740,0.097435,-0.081750,-0.004072,0.147910,-0.076235,0.047146,0.177363,,,,,,
277,2.308333,0.020387,0.038756,0.097343,-0.080490,-0.004094,0.149722,-0.075180,0.047426,0.178788,,,,,,
278,2.316667,0.020244,0.038808,0.097218,-0.078764,-0.004114,0.152023,-0.073735,0.047752,0.180615,,,,,,
279,2.325000,0.020004,0.038785,0.097033,-0.076946,-0.004099,0.154702,-0.071973,0.048172,0.182787,,,,,,
280,2.333333,0.019958,0.038531,0.097044,-0.075264,-0.004052,0.157697,-0.070014,0.048513,0.185133,,,,,,
281,2.341667,0.020026,0.038477,0.097331,-0.073968,-0.003915,0.160091,-0.068091,0.048686,0.187370,,,,,,
282,2.350000,0.020467,0.038464,0.097920,-0.072902,-0.003769,0.161988,-0.066534,0.048783,0.189236,,,,,,
283,2.358333,0.020681,0.038621,0.098332,-0.072164,-0.003558,0.163087,-0.065135,0.048706,0.190979,,,,,,
284,2.366667,0.020893,0.038819,0.098700,-0.071835,-0.003337,0.163701,-0.064347,0.048690,0.191984,,,,,,
285,2.375000,0.020955,0.038976,0.098955,-0.071503,-0.003311,0.164346,-0.063924,0.048721,0.192550,,,,,,
286,2.383333,0.021172,0.038884,0.099428,-0.071629,-0.003267,0.164607,-0.063745,0.048697,0.192882,,,,,,
287,2.391667,0.021257,0.038927,0.099584,-0.072062,-0.003265,0.164710,-0.063771,0.048697,0.192988,,,,,,
288,2.400000,0.021298,0.038839,0.099633,-0.072546,-0.003466,0.164944,-0.064024,0.048744,0.192802,,,,,,
289,2.408333,0.021200,0.038722,0.099544,-0.073668,-0.003371,0.164535,-0.064449,0.048858,0.192428,,,,,,
290,2.416667,0.021095,0.038581,0.099426,-0.074826,-0.003405,0.164353,-0.065021,0.049033,0.191831,,,,,,
291,2.425000,0.020735,0.038502,0.099026,-0.076002,-0.003384,0.163897,-0.065796,0.049201,0.191027,,,,,,
292,2.433333,0.020381,0.038521,0.098542,-0.077098,-0.003368,0.163060,-0.066423,0.049158,0.190311,,,,,,
293,2.441667,0.020395,0.038333,0.098484,-0.077671,-0.003631,0.162429,-0.067092,0.048946,0.189551,,,,,,
294,2.450000,0.020290,0.038310,0.098258,-0.078297,-0.003804,0.161519,-0.067801,0.048730,0.188779,,,,,,
295,2.458333,0.020382,0.038207,0.098249,-0.078853,-0.003790,0.160814,-0.068342,0.048672,0.188121,,,,,,
296,2.466667,0.020691,0.038097,0.098327,-0.079142,-0.003841,0.160141,-0.068793,0.048576,0.187476,,,,,,
297,2.475000,0.020354,0.038248,0.097965,-0.079180,-0.003921,0.159654,-0.069045,0.048464,0.187134,,,,,,
298,2.483333,0.020318,0.038301,0.097880,-0.079370,-0.003780,0.158855,-0.069308,0.048357,0.186787,,,,,,
299,2.491667,0.020432,0.038336,0.097906,-0.079301,-0.003827,0.158381,-0.069579,0.048184,0.186404,,,,,,
300,2.500000,0.020853,0.038289,0.098287,-0.079441,-0.003732,0.157583,-0.069914,0.048081,0.185997,,,,,,
301,2.508333,0.021044,0.038325,0.098472,-0.079411,-0.003855,0.157010,-0.070178,0.047888,0.185702,,,,,,
302,2.516667,0.020997,0.038533,0.098452,-0.079784,-0.003665,0.155954,-0.070505,0.047712,0.185194,,,,,,
303,2.525000,0.021192,0.038589,0.098639,-0.079964,-0.003659,0.155224,-0.070908,0.047558,0.184685,,,,,,
304,2.533333,0.021294,0.038659,0.098830,-0.080344,-0.003501,0.154126,-0.071417,0.047395,0.184034,,,,,,
305,2.541667,0.021504,0.038669,0.099124,-0.080479,-0.003583,0.153456,-0.071862,0.047249,0.183378,,,,,,
306,2.550000,0.021501,0.038761,0.099109,-0.080885,-0.003435,0.152314,-0.072254,0.047046,0.182786,,,,,,
307,2.558333,0.021675,0.038781,0.099247,-0.081024,-0.003535,0.151552,-0.072682,0.046863,0.182195,,,,,,
308,2.566667,0.021778,0.038795,0.099276,-0.081324,-0.003449,0.150544,-0.073193,0.046837,0.181404,,,,,,
309,2.575000,0.022054,0.038705,0.099381,-0.081245,-0.003556,0.150042,-0.073516,0.046834,0.180780,,,,,,
310,2.583333,0.022260,0.038641,0.099408,-0.081045,-0.003546,0.149523,-0.073732,0.046807,0.180218,,,,,,
311,2.591667,0.022249,0.038685,0.099292,-0.080639,-0.003534,0.149128,-0.073933,0.046956,0.179659,,,,,,
312,2.600000,0.022527,0.038647,0.099270,-0.079734,-0.003608,0.148977,-0.073868,0.047068,0.179455,,,,,,
313,2.608333,0.022326,0.038783,0.098939,-0.078437,-0.003764,0.149207,-0.073548,0.047245,0.179447,,,,,,
314,2.616667,0.022379,0.038761,0.098860,-0.076814,-0.003809,0.149830,-0.073161,0.047476,0.179581,,,,,,
315,2.625000,0.022280,0.038848,0.098642,-0.075234,-0.003825,0.150857,-0.072433,0.047787,0.180180,,,,,,
316,2.633333,0.022288,0.038908,0.098575,-0.073457,-0.004005,0.152393,-0.071337,0.047943,0.181318,,,,,,
317,2.641667,0.022297,0.038996,0.098516,-0.071763,-0.004137,0.154241,-0.070315,0.048168,0.182525,,,,,,
318,2.650000,0.022602,0.039077,0.098854,-0.070905,-0.003921,0.155481,-0.069219,0.048251,0.183868,,,,,,
319,2.658333,0.022608,0.039213,0.098995,-0.070264,-0.003775,0.156277,-0.068454,0.048181,0.184908,,,,,,
320,2.666667,0.022990,0.039310,0.099505,-0.069865,-0.003676,0.156638,-0.067987,0.048094,0.185597,,,,,,
321,2.675000,0.023174,0.039377,0.099835,-0.069666,-0.003644,0.156654,-0.067868,0.048029,0.185788,,,,,,
322,2.683333,0.023271,0.039548,0.100049,-0.069536,-0.003673,0.156649,-0.067983,0.048022,0.185712,,,,,,
323,2.691667,0.023503,0.039528,0.100327,-0.069527,-0.003748,0.156417,-0.068253,0.048022,0.185466,,,,,,
324,2.700000,0.023494,0.039410,0.100386,-0.069864,-0.003668,0.155476,-0.068799,0.047951,0.184845,,,,,,
325,2.708333,0.023461,0.039598,0.100422,-0.070205,-0.003771,0.154607,-0.069524,0.047841,0.184034,,,,,,
326,2.716667,0.023615,0.039474,0.100525,-0.070697,-0.003680,0.153362,-0.070306,0.047761,0.183021,,,,,,
327,2.725000,0.023515,0.039510,0.100381,-0.071008,-0.003856,0.152528,-0.070948,0.047655,0.182012,,,,,,
328,2.733333,0.023362,0.039423,0.100195,-0.071073,-0.003887,0.151835,-0.071436,0.047612,0.181292,,,,,,
329,2.741667,0.023325,0.039336,0.100060,-0.071016,-0.003952,0.151724,-0.071873,0.047715,0.180605,,,,,,
330,2.750000,0.023158,0.039342,0.099815,-0.071009,-0.003894,0.151682,-0.071847,0.047674,0.180584,,,,,,
331,2.758333,0.022940,0.039406,0.099517,-0.070532,-0.003956,0.152126,-0.071576,0.047698,0.180902,,,,,,
332,2.766667,0.022745,0.039545,0.099256,-0.069951,-0.003981,0.152841,-0.071172,0.047810,0.181366,,,,,,
333,2.775000,0.022660,0.039627,0.099143,-0.069556,-0.003998,0.153665,-0.070617,0.047876,0.182056,,,,,,
334,2.783333,0.022713,0.039797,0.099100,-0.069314,-0.003902,0.154150,-0.070027,0.047827,0.182736,,,,,,
335,2.791667,0.022873,0.039840,0.099180,-0.069031,-0.003859,0.154374,-0.069533,0.047771,0.183183,,,,,,
336,2.800000,0.023211,0.039898,0.099359,-0.068685,-0.003909,0.154508,-0.069413,0.047799,0.183132,,,,,,
337,2.808333,0.023517,0.039884,0.099513,-0.068593,-0.003970,0.154388,-0.069456,0.047825,0.182958,,,,,,
338,2.816667,0.023518,0.039927,0.099385,-0.068413,-0.003964,0.153866,-0.069735,0.047912,0.182328,,,,,,
339,2.825000,0.024174,0.039773,0.099744,-0.068386,-0.003925,0.152948,-0.070070,0.047881,0.181474,,,,,,
340,2.833333,0.024273,0.039742,0.099625,-0.068609,-0.003873,0.151600,-0.070713,0.047830,0.180280,,,,,,
341,2.841667,0.024363,0.039669,0.099517,-0.068639,-0.003880,0.150251,-0.071353,0.047815,0.178938,,,,,,
342,2.850000,0.024367,0.039710,0.099275,-0.068400,-0.003977,0.149258,-0.071948,0.047719,0.177710,,,,,,
343,2.858333,0.024432,0.039590,0.098953,-0.068183,-0.004130,0.148296,-0.072623,0.047769,0.176298,,,,,,
344,2.866667,0.024751,0.039522,0.098953,-0.067874,-0.004274,0.147714,-0.073066,0.047677,0.175348,,,,,,
345,2.875000,0.024850,0.039411,0.098862,-0.067613,-0.004272,0.147112,-0.073543,0.047743,0.174311,,,,,,
346,2.883333,0.024836,0.039464,0.098743,-0.067189,-0.004426,0.147084,-0.073521,0.047601,0.174128,,,,,,
347,2.891667,0.024668,0.039607,0.098504,-0.067233,-0.004256,0.146713,-0.073557,0.047560,0.173947,,,,,,
348,2.900000,0.024748,0.039696,0.098589,-0.067070,-0.004201,0.146801,-0.073236,0.047455,0.174332,,,,,,
349,2.908333,0.024707,0.039948,0.098583,-0.066691,-0.004204,0.147223,-0.072999,0.047430,0.174722,,,,,,
350,2.916667,0.024820,0.040108,0.098729,-0.066400,-0.004207,0.147797,-0.072524,0.047311,0.175450,,,,,,
351,2.925000,0.024808,0.040200,0.098849,-0.066045,-0.004152,0.148451,-0.071972,0.047260,0.176407,,,,,,
352,2.933333,0.024913,0.040292,0.099035,-0.065991,-0.003994,0.148729,-0.071524,0.047203,0.177139,,,,,,
353,2.941667,0.024926,0.040478,0.099054,-0.065939,-0.003901,0.148944,-0.071233,0.047210,0.177539,,,,,,
354,2.950000,0.025075,0.040442,0.099211,-0.065922,-0.003858,0.148923,-0.071101,0.047189,0.177742,,,,,,
355,2.958333,0.025141,0.040399,0.099294,-0.065803,-0.003918,0.148994,-0.071103,0.047183,0.177743,,,,,,
356,2.966667,0.025067,0.040436,0.099289,-0.066124,-0.003947,0.148806,-0.071293,0.047192,0.177574,,,,,,
357,2.975000,0.025045,0.040350,0.099333,-0.066635,-0.004057,0.148839,-0.071629,0.047176,0.177243,,,,,,
358,2.983333,0.024978,0.040165,0.099308,-0.067116,-0.004093,0.148637,-0.072171,0.047336,0.176772,,,,,,
359,2.991667,0.024910,0.040063,0.099234,-0.068099,-0.004018,0.148366,-0.072494,0.047385,0.176518,,,,,,
360,3.000000,0.024385,0.040159,0.098851,-0.068516,-0.004247,0.148665,-0.072671,0.047442,0.176533,,,,,,
361,3.008333,0.024118,0.040033,0.098630,-0.068947,-0.004206,0.148955,-0.072764,0.047528,0.176764,,,,,,
362,3.016667,0.023774,0.039916,0.098411,-0.069216,-0.004306,0.149572,-0.072662,0.047642,0.177112,,,,,,
363,3.025000,0.023551,0.039960,0.098305,-0.069337,-0.004329,0.150501,-0.072394,0.047749,0.177732,,,,,,
364,3.033333,0.023064,0.040024,0.097989,-0.069368,-0.004302,0.151581,-0.071980,0.047892,0.178611,,,,,,
365,3.041667,0.023037,0.039996,0.098006,-0.069290,-0.004313,0.152714,-0.071280,0.047921,0.179754,,,,,,
366,3.050000,0.023145,0.040028,0.098152,-0.069290,-0.004091,0.153437,-0.070632,0.047953,0.180714,,,,,,
367,3.058333,0.023324,0.040141,0.098280,-0.069074,-0.004116,0.154036,-0.070226,0.048027,0.181207,,,,,,
368,3.066667,0.023450,0.040224,0.098293,-0.068964,-0.004148,0.154268,-0.069956,0.047984,0.181446,,,,,,
369,3.075000,0.023660,0.040237,0.098275,-0.069040,-0.004039,0.154018,-0.069784,0.048005,0.181397,,,,,,
370,3.083333,0.023953,0.040134,0.098358,-0.068960,-0.004010,0.153707,-0.069875,0.048036,0.181003,,,,,,
371,3.091667,0.024426,0.040017,0.098532,-0.068975,-0.004055,0.152936,-0.070352,0.048038,0.180018,,,,,,
372,3.100000,0.024690,0.040057,0.098568,-0.069292,-0.004036,0.151515,-0.070825,0.047883,0.178989,,,,,,
373,3.108333,0.024822,0.040031,0.098482,-0.069449,-0.003964,0.150071,-0.071343,0.047660,0.177812,,,,,,
374,3.116667,0.024968,0.039901,0.098486,-0.069545,-0.004071,0.148848,-0.071955,0.047533,0.176695,,,,,,
375,3.125000,0.024931,0.039836,0.098338,-0.069538,-0.004029,0.147799,-0.072798,0.047596,0.175327,,,,,,
376,3.133333,0.024985,0.039864,0.098282,-0.069359,-0.004113,0.147099,-0.073261,0.047537,0.174451,,,,,,
377,3.141667,0.024692,0.039990,0.097988,-0.069188,-0.004134,0.146579,-0.073607,0.047457,0.173863,,,,,,
378,3.150000,0.024800,0.039951,0.098176,-0.069008,-0.004070,0.146361,-0.073787,0.047472,0.173559,,,,,,
379,3.158333,0.024621,0.040173,0.098047,-0.068269,-0.004231,0.146808,-0.073708,0.047415,0.173749,,,,,,
380,3.166667,0.024598,0.040274,0.098108,-0.068036,-0.004119,0.147089,-0.073519,0.047438,0.174099,,,,,,
381,3.175000,0.024410,0.040448,0.097959,-0.067273,-0.004281,0.148095,-0.073265,0.047546,0.174626,,,,,,
382,3.183333,0.024317,0.040554,0.097917,-0.066608,-0.004387,0.149076,-0.072891,0.047578,0.175300,,,,,,
383,3.191667,0.024216,0.040697,0.097866,-0.066461,-0.004379,0.149428,-0.072548,0.047570,0.175856,,,,,,
384,3.200000,0.024259,0.040790,0.097907,-0.066328,-0.004384,0.149487,-0.072288,0.047483,0.176060,,,,,,
385,3.208333,0.024667,0.040795,0.098193,-0.066155,-0.004479,0.149337,-0.072532,0.047580,0.175442,,,,,,
386,3.216667,0.025034,0.040633,0.098309,-0.066416,-0.004343,0.148341,-0.072654,0.047528,0.174870,,,,,,
387,3.225000,0.025441,0.040621,0.098437,-0.066815,-0.004276,0.146865,-0.073290,0.047511,0.173534,,,,,,
388,3.233333,0.025842,0.040548,0.098521,-0.067289,-0.004177,0.145204,-0.073767,0.047297,0.172433,,,,,,
389,3.241667,0.025870,0.040657,0.098330,-0.067792,-0.004056,0.143369,-0.074470,0.047187,0.170807,,,,,,
390,3.250000,0.026011,0.040574,0.098199,-0.068002,-0.004153,0.141944,-0.074958,0.046946,0.169651,,,,,,
391,3.258333,0.026341,0.040514,0.098220,-0.068216,-0.004075,0.140664,-0.075589,0.046970,0.168189,,,,,,
392,3.266667,0.026499,0.040494,0.098067,-0.068145,-0.004197,0.140132,-0.076026,0.046968,0.167186,,,,,,
393,3.275000,0.026331,0.040482,0.097833,-0.067909,-0.004296,0.140197,-0.076037,0.046960,0.166881,,,,,,
394,3.283333,0.026140,0.040697,0.097609,-0.067467,-0.004354,0.140599,-0.075941,0.046979,0.167062,,,,,,
395,3.291667,0.026073,0.040794,0.097535,-0.066932,-0.004326,0.141427,-0.075643,0.047054,0.167887,,,,,,
396,3.300000,0.025937,0.041042,0.097538,-0.066112,-0.004307,0.142736,-0.074990,0.047095,0.169057,,,,,,
397,3.308333,0.025610,0.041419,0.097423,-0.065258,-0.004432,0.144601,-0.074153,0.047136,0.170783,,,,,,
398,3.316667,0.025462,0.041667,0.097481,-0.064673,-0.004382,0.146430,-0.073129,0.047165,0.172840,,,,,,
399,3.325000,0.025176,0.041967,0.097350,-0.064207,-0.004412,0.147982,-0.072148,0.047215,0.174371,,,,,,
400,3.333333,0.025360,0.042003,0.097476,-0.063806,-0.004406,0.148777,-0.071721,0.047335,0.174906,,,,,,
401,3.341667,0.025687,0.041916,0.097578,-0.063905,-0.004342,0.148569,-0.071649,0.047366,0.174822,,,,,,
402,3.350000,0.025848,0.041727,0.097439,-0.063932,-0.004569,0.148311,-0.071882,0.047514,0.174234,,,,,,
403,3.358333,0.025964,0.041449,0.097211,-0.064761,-0.004503,0.147212,-0.072508,0.047648,0.172868,,,,,,
404,3.366667,0.026166,0.041066,0.096958,-0.065664,-0.004458,0.145522,-0.072975,0.047551,0.171677,,,,,,
405,3.375000,0.025905,0.040943,0.096063,-0.066712,-0.004136,0.143961,-0.074009,0.048185,0.169415,,,,,,
406,3.383333,0.025948,0.040760,0.095365,-0.068058,-0.003159,0.142334,-0.074746,0.049392,0.167339,,,,,,
407,3.391667,0.025758,0.041025,0.094349,-0.069337,-0.001947,0.140667,-0.075676,0.050971,0.164816,,,,,,
408,3.400000,0.025808,0.041345,0.093558,-0.070599,-0.000641,0.138658,-0.076458,0.052496,0.162547,,,,,,
409,3.408333,0.026143,0.041797,0.092805,-0.071672,0.000669,0.136904,-0.077270,0.054134,0.159911,,,,,,
410,3.416667,0.025623,0.042547,0.091443,-0.072804,0.002060,0.135185,-0.077531,0.055627,0.158293,,,,,,
411,3.425000,0.025976,0.043242,0.090706,-0.074142,0.003696,0.133269,-0.078092,0.057381,0.156040,,,,,,
412,3.433333,0.026573,0.043902,0.090200,-0.075264,0.005168,0.131911,-0.077860,0.058748,0.155371,,,,,,
413,3.441667,0.026596,0.044770,0.089254,-0.076672,0.006734,0.130410,-0.077660,0.060097,0.154522,,,,,,
414,3.450000,0.026968,0.045646,0.088568,-0.077802,0.007981,0.129458,-0.095251,0.070770,0.118461,,,,,,
415,3.458333,0.027311,0.046351,0.087744,-0.078733,0.008985,0.128567,-0.077128,0.062160,0.153183,,,,,,
416,3.466667,0.027488,0.047027,0.086804,-0.079077,0.009495,0.127975,-0.076588,0.062500,0.153121,,,,,,
417,3.475000,0.027522,0.047654,0.085728,-0.079248,0.009536,0.127728,-0.095391,0.072351,0.115192,,,,,,
418,3.483333,0.027586,0.048038,0.084729,-0.079239,0.009098,0.128003,-0.093887,0.071330,0.117186,,,,,,
419,3.491667,0.027889,0.048213,0.083891,-0.079160,0.008190,0.128406,-0.092984,0.070314,0.118167,,,,,,
420,3.500000,0.028220,0.048259,0.083038,-0.078920,0.006810,0.129183,-0.073825,0.059661,0.154758,,,,,,
421,3.508333,0.028372,0.048086,0.082025,-0.078648,0.005255,0.129965,-0.072802,0.058068,0.155611,,,,,,
422,3.516667,0.028607,0.047539,0.081034,-0.078509,0.003738,0.130620,-0.071733,0.056448,0.156378,,,,,,
423,3.525000,0.029002,0.046708,0.080194,-0.078020,0.002237,0.131186,-0.070793,0.055066,0.156715,,,,,,
424,3.533333,0.029404,0.045711,0.079359,-0.077601,0.000938,0.131217,-0.069927,0.053822,0.156504,,,,,,
425,3.541667,0.030001,0.044819,0.078525,-0.077167,-0.000278,0.130971,-0.068985,0.052576,0.156312,,,,,,
426,3.550000,0.030640,0.043848,0.077699,-0.077011,-0.001181,0.130260,-0.068152,0.051444,0.155890,,,,,,
427,3.558333,0.031176,0.042837,0.076852,-0.076690,-0.001997,0.129692,-0.067279,0.050435,0.155529,,,,,,
428,3.566667,0.031346,0.042317,0.075713,-0.076354,-0.002569,0.128961,-0.066485,0.049634,0.155086,,,,,,
429,3.575000,0.032405,0.041384,0.075493,-0.075854,-0.002990,0.128274,-0.065859,0.049162,0.154459,,,,,,
430,3.583333,0.032828,0.040918,0.074836,-0.075543,-0.002877,0.127531,-0.065366,0.049095,0.153922,,,,,,
431,3.591667,0.032819,0.040601,0.074013,-0.075143,-0.002447,0.127027,-0.065024,0.049424,0.153272,,,,,,
432,3.600000,0.033243,0.040282,0.073876,-0.075118,-0.001699,0.126316,-0.064968,0.050107,0.152513,,,,,,
433,3.608333,0.033495,0.040231,0.073837,-0.075056,-0.001022,0.125851,-0.064889,0.050618,0.152139,,,,,,
434,3.616667,0.033478,0.040259,0.073741,-0.075076,-0.000527,0.125542,-0.064774,0.050986,0.151971,,,,,,
435,3.625000,0.033486,0.040220,0.073776,-0.075398,-0.000052,0.125180,-0.064757,0.051171,0.151883,,,,,,
436,3.633333,0.033627,0.039976,0.073995,-0.075669,-0.000010,0.125163,-0.064654,0.050953,0.152090,,,,,,
437,3.641667,0.033485,0.039820,0.074055,-0.076028,-0.000208,0.125093,-0.064778,0.050501,0.152248,,,,,,
438,3.650000,0.033288,0.039667,0.074228,-0.076468,-0.000798,0.125138,-0.064783,0.049616,0.152684,,,,,,
439,3.658333,0.033308,0.039468,0.074732,-0.076668,-0.001698,0.125621,-0.064697,0.048464,0.153461,,,,,,
440,3.666667,0.033061,0.039550,0.074930,-0.077065,-0.002486,0.126044,-0.064778,0.047432,0.154241,,,,,,
441,3.675000,0.032607,0.039735,0.075020,-0.077194,-0.003323,0.126697,-0.064773,0.046645,0.154959,,,,,,
442,3.683333,0.032452,0.039839,0.075455,-0.077673,-0.003649,0.127054,-0.064761,0.045976,0.155729,,,,,,
443,3.691667,0.032417,0.039826,0.075731,-0.078377,-0.003588,0.127569,-0.064755,0.045897,0.156388,,,,,,
444,3.700000,0.032087,0.039991,0.075757,-0.078701,-0.003688,0.128086,-0.064848,0.045798,0.156756,,,,,,
445,3.708333,0.032090,0.039889,0.076126,-0.079196,-0.003654,0.128208,-0.064843,0.045648,0.157185,,,,,,
446,3.716667,0.031757,0.039969,0.075990,-0.079476,-0.003702,0.128541,-0.064863,0.045525,0.157517,,,,,,
447,3.725000,0.031553,0.040014,0.075923,-0.079752,-0.003684,0.128691,-0.065110,0.045616,0.157423,,,,,,
448,3.733333,0.031364,0.040025,0.075778,-0.079884,-0.003669,0.128950,-0.065017,0.045560,0.157770,,,,,,
449,3.741667,0.031059,0.040083,0.075507,-0.079835,-0.003739,0.129407,-0.064896,0.045504,0.158087,,,,,,
450,3.750000,0.030698,0.040216,0.075020,-0.079711,-0.003720,0.129614,-0.064731,0.045502,0.158345,,,,,,
451,3.758333,0.030715,0.040158,0.074896,-0.079146,-0.003680,0.130166,-0.064463,0.045606,0.158695,,,,,,
452,3.766667,0.030642,0.040097,0.074685,-0.078077,-0.003766,0.130886,-0.064332,0.045870,0.158860,,,,,,
453,3.775000,0.030504,0.040104,0.074516,-0.076894,-0.003665,0.131553,-0.063991,0.046257,0.159323,,,,,,
454,3.783333,0.030434,0.040194,0.074377,-0.075309,-0.003754,0.132311,-0.063491,0.046436,0.159834,,,,,,
455,3.791667,0.030343,0.040201,0.074261,-0.073917,-0.003524,0.132729,-0.063138,0.046783,0.160123,,,,,,
456,3.800000,0.030264,0.040261,0.074194,-0.072425,-0.003419,0.133153,-0.062775,0.046876,0.160496,,,,,,
457,3.808333,0.030285,0.040254,0.074262,-0.071143,-0.003383,0.133446,-0.062366,0.046922,0.160931,,,,,,
458,3.816667,0.030131,0.040260,0.074186,-0.070038,-0.003378,0.133833,-0.061914,0.046861,0.161517,,,,,,
459,3.825000,0.030099,0.040259,0.074197,-0.069559,-0.003246,0.134184,-0.061387,0.046826,0.162142,,,,,,
460,3.833333,0.030034,0.040291,0.074191,-0.068665,-0.003378,0.135058,-0.060882,0.046833,0.162818,,,,,,
461,3.841667,0.029980,0.040337,0.074253,-0.068267,-0.003283,0.135697,-0.060492,0.046911,0.163404,,,,,,
462,3.850000,0.029879,0.040429,0.074301,-0.067766,-0.003381,0.136738,-0.060013,0.047039,0.164119,,,,,,
463,3.858333,0.029838,0.040493,0.074315,-0.067758,-0.003270,0.137422,-0.059577,0.047306,0.164674,,,,,,
464,3.866667,0.029700,0.040459,0.074243,-0.067437,-0.003394,0.138699,-0.059032,0.047448,0.165499,,,,,,
465,3.875000,0.029619,0.040435,0.074214,-0.067624,-0.003379,0.139777,-0.058516,0.047679,0.166173,,,,,,
466,3.883333,0.029652,0.040401,0.074221,-0.067744,-0.003554,0.141005,-0.058119,0.047830,0.166661,,,,,,
467,3.891667,0.029808,0.040293,0.074328,-0.067894,-0.003638,0.141784,-0.057821,0.047997,0.166957,,,,,,
468,3.900000,0.029702,0.040332,0.074115,-0.068269,-0.003700,0.142187,-0.057547,0.048081,0.167130,,,,,,
469,3.908333,0.029898,0.040158,0.074109,-0.068588,-0.003680,0.142259,-0.057314,0.048112,0.167244,,,,,,
470,3.916667,0.030095,0.039872,0.073997,-0.069077,-0.003595,0.142118,-0.057240,0.048204,0.166909,,,,,,
471,3.925000,0.030359,0.039637,0.073652,-0.069261,-0.003653,0.141875,-0.057193,0.048264,0.166487,,,,,,
472,3.933333,0.030606,0.039301,0.073324,-0.069237,-0.003768,0.141427,-0.056889,0.048075,0.166288,,,,,,
473,3.941667,0.030723,0.039035,0.073027,-0.069201,-0.003680,0.140307,-0.057178,0.048184,0.165266,,,,,,
474,3.950000,0.031174,0.038744,0.072758,-0.068982,-0.003669,0.139041,-0.057216,0.048084,0.164668,,,,,,
475,3.958333,0.031438,0.038489,0.072562,-0.068776,-0.003523,0.137792,-0.057635,0.048314,0.163481,,,,,,
476,3.966667,0.031966,0.038105,0.072475,-0.068545,-0.003288,0.136849,-0.057850,0.048584,0.162494,,,,,,
477,3.975000,0.032203,0.038000,0.072198,-0.068482,-0.002909,0.135723,-0.058153,0.048901,0.161576,,,,,,
478,3.983333,0.032296,0.037925,0.072070,-0.068479,-0.002566,0.134563,-0.058692,0.049253,0.160357,,,,,,
479,3.991667,0.032484,0.037859,0.072015,-0.068305,-0.002483,0.133674,-0.059198,0.049377,0.159405,,,,,,
480,4.000000,0.032704,0.037766,0.072079,-0.068365,-0.002412,0.132704,-0.059499,0.049289,0.158763,,,,,,
481,4.008333,0.032816,0.037735,0.072165,-0.068425,-0.002370,0.131831,-0.060024,0.049249,0.158029,,,,,,
482,4.016667,0.032798,0.037887,0.072199,-0.068234,-0.002665,0.131433,-0.060275,0.048929,0.157814,,,,,,
483,4.025000,0.032722,0.038007,0.072319,-0.068226,-0.002969,0.130692,-0.060894,0.048584,0.157271,,,,,,
484,4.033333,0.032798,0.038071,0.072621,-0.067792,-0.003529,0.130387,-0.061298,0.047967,0.157086,,,,,,
485,4.041667,0.032777,0.038196,0.072912,-0.067619,-0.003767,0.129952,-0.061462,0.047562,0.157167,,,,,,
486,4.050000,0.033110,0.038050,0.073415,-0.067223,-0.003766,0.130188,-0.061447,0.047614,0.157284,,,,,,
487,4.058333,0.032987,0.038220,0.073511,-0.066555,-0.003800,0.130513,-0.061254,0.047577,0.157675,,,,,,
488,4.066667,0.032637,0.038587,0.073422,-0.066051,-0.003716,0.130942,-0.060912,0.047572,0.158157,,,,,,
489,4.075000,0.032787,0.038741,0.073671,-0.065234,-0.003721,0.131661,-0.060408,0.047593,0.158890,,,,,,
490,4.083333,0.033018,0.038832,0.073965,-0.064629,-0.003612,0.132149,-0.059977,0.047636,0.159403,,,,,,
491,4.091667,0.033203,0.038912,0.074098,-0.063982,-0.003581,0.132793,-0.059236,0.047551,0.160220,,,,,,
492,4.100000,0.033265,0.039001,0.074211,-0.063199,-0.003574,0.133259,-0.058811,0.047585,0.160575,,,,,,
493,4.108333,0.033556,0.039098,0.074307,-0.062809,-0.003464,0.133283,-0.058535,0.047651,0.160663,,,,,,
494,4.116667,0.033837,0.038906,0.074362,-0.062356,-0.003514,0.133341,-0.058386,0.047695,0.160626,,,,,,
495,4.125000,0.033868,0.038905,0.074206,-0.061973,-0.003548,0.132914,-0.058542,0.047773,0.160075,,,,,,
496,4.133333,0.034118,0.038751,0.074197,-0.061579,-0.003674,0.132506,-0.058798,0.047846,0.159280,,,,,,
497,4.141667,0.034534,0.038454,0.074174,-0.061754,-0.003595,0.131326,-0.058877,0.047702,0.158674,,,,,,
498,4.150000,0.034581,0.038355,0.073853,-0.061794,-0.003660,0.130287,-0.059542,0.047749,0.157366,,,,,,
499,4.158333,0.034684,0.038265,0.073620,-0.062083,-0.003632,0.129212,-0.059898,0.047661,0.156498,,,,,,
500,4.166667,0.034776,0.038025,0.073427,-0.062390,-0.003518,0.128261,-0.060554,0.047910,0.155191,,,,,,
501,4.175000,0.034941,0.037939,0.073339,-0.062677,-0.003356,0.127277,-0.060928,0.048063,0.154447,,,,,,
502,4.183333,0.035149,0.037800,0.073366,-0.062595,-0.003448,0.126864,-0.061326,0.048092,0.153614,,,,,,
503,4.191667,0.034980,0.037915,0.073129,-0.062640,-0.003563,0.126226,-0.061782,0.047989,0.152933,,,,,,
504,4.200000,0.035020,0.037943,0.073264,-0.062450,-0.003917,0.125951,-0.062101,0.047675,0.152580,,,,,,
505,4.208333,0.034846,0.038093,0.073237,-0.062396,-0.003852,0.126027,-0.062072,0.047668,0.152651,,,,,,
506,4.216667,0.035025,0.038197,0.073473,-0.062153,-0.003865,0.126235,-0.061659,0.047435,0.153415,,,,,,
507,4.225000,0.034837,0.038408,0.073567,-0.061601,-0.003878,0.126805,-0.061375,0.047366,0.153960,,,,,,
508,4.233333,0.034565,0.038763,0.073578,-0.061141,-0.003836,0.127359,-0.061090,0.047389,0.154463,,,,,,
509,4.241667,0.034868,0.038940,0.074036,-0.060560,-0.003885,0.128282,-0.060768,0.047447,0.155127,,,,,,
510,4.250000,0.034871,0.039040,0.074189,-0.060060,-0.003898,0.129158,-0.060082,0.047339,0.156292,,,,,,
511,4.258333,0.034792,0.039159,0.074359,-0.059705,-0.003910,0.129610,-0.059876,0.047381,0.156611,,,,,,
512,4.266667,0.034709,0.039219,0.074383,-0.059524,-0.003890,0.129880,-0.059714,0.047353,0.156911,,,,,,
513,4.275000,0.034695,0.039229,0.074483,-0.059487,-0.003874,0.129916,-0.059738,0.047347,0.156964,,,,,,
514,4.283333,0.034765,0.039178,0.074607,-0.059487,-0.003942,0.129856,-0.059856,0.047357,0.156885,,,,,,
515,4.291667,0.034773,0.039130,0.074613,-0.059554,-0.004012,0.129701,-0.060212,0.047461,0.156518,,,,,,
516,4.300000,0.034763,0.038957,0.074652,-0.060269,-0.003908,0.129276,-0.060733,0.047557,0.156009,,,,,,
517,4.308333,0.034638,0.038879,0.074543,-0.061086,-0.003885,0.128813,-0.061031,0.047543,0.155747,,,,,,
518,4.316667,0.034377,0.038675,0.074366,-0.061578,-0.004003,0.128851,-0.061207,0.047505,0.155624,,,,,,
519,4.325000,0.034245,0.038554,0.074363,-0.062324,-0.003889,0.128616,-0.061306,0.047529,0.155672,,,,,,
520,4.333333,0.034241,0.038497,0.074447,-0.062541,-0.004001,0.129193,-0.061439,0.047700,0.155728,,,,,,
521,4.341667,0.033866,0.038595,0.074334,-0.062819,-0.003818,0.129525,-0.060994,0.047629,0.156628,,,,,,
522,4.350000,0.033641,0.038672,0.074243,-0.062585,-0.003836,0.130638,-0.060840,0.047846,0.157086,,,,,,
523,4.358333,0.033589,0.038720,0.074480,-0.062477,-0.003808,0.131640,-0.060235,0.047913,0.158072,,,,,,
524,4.366667,0.033861,0.038792,0.074991,-0.062232,-0.003697,0.132471,-0.059562,0.047830,0.159247,,,,,,
525,4.375000,0.033893,0.038898,0.075119,-0.061905,-0.003685,0.133220,-0.059092,0.047817,0.159908,,,,,,
526,4.383333,0.033981,0.038915,0.075249,-0.061523,-0.003739,0.133775,-0.058566,0.047761,0.160564,,,,,,
527,4.391667,0.033995,0.039138,0.075221,-0.061439,-0.003643,0.133798,-0.058459,0.047797,0.160559,,,,,,
528,4.400000,0.034136,0.039129,0.075261,-0.061268,-0.003470,0.133411,-0.058446,0.047817,0.160378,,,,,,
529,4.408333,0.034631,0.039024,0.075462,-0.060995,-0.003551,0.132781,-0.058623,0.047752,0.159805,,,,,,
530,4.416667,0.034788,0.039049,0.075310,-0.060953,-0.003465,0.131538,-0.058793,0.047546,0.158984,,,,,,
531,4.425000,0.035272,0.038862,0.075283,-0.060899,-0.003462,0.129952,-0.059514,0.047460,0.157551,,,,,,
532,4.433333,0.035116,0.038937,0.074954,-0.061019,-0.003381,0.128441,-0.060005,0.047291,0.156432,,,,,,
533,4.441667,0.035218,0.038859,0.074732,-0.060912,-0.003474,0.127197,-0.060678,0.047205,0.155046,,,,,,
534,4.450000,0.035317,0.038779,0.074560,-0.060528,-0.003687,0.126454,-0.061213,0.047130,0.154058,,,,,,
535,4.458333,0.035192,0.038844,0.074352,-0.060502,-0.003591,0.125533,-0.061819,0.047110,0.152934,,,,,,
536,4.466667,0.035211,0.038956,0.074337,-0.059995,-0.003744,0.125380,-0.062198,0.047038,0.152330,,,,,,
537,4.475000,0.034993,0.039100,0.074240,-0.059770,-0.003616,0.125124,-0.062319,0.046951,0.152186,,,,,,
538,4.483333,0.035050,0.039109,0.074529,-0.058987,-0.003796,0.125738,-0.062245,0.046913,0.152482,,,,,,
539,4.491667,0.035009,0.039203,0.074672,-0.058332,-0.003932,0.126774,-0.061690,0.046724,0.153492,,,,,,
540,4.500000,0.035034,0.039232,0.074823,-0.057897,-0.003875,0.127519,-0.061489,0.046831,0.154044,,,,,,
541,4.508333,0.034914,0.039507,0.074879,-0.057721,-0.003794,0.127925,-0.061196,0.046902,0.154553,,,,,,
542,4.516667,0.035090,0.039639,0.075162,-0.057330,-0.003813,0.128447,-0.060800,0.046831,0.155222,,,,,,
543,4.525000,0.035407,0.039670,0.075480,-0.057324,-0.003736,0.128428,-0.060757,0.046809,0.155353,,,,,,
544,4.533333,0.035576,0.039650,0.075700,-0.057285,-0.003808,0.128343,-0.060946,0.046847,0.155089,,,,,,
545,4.541667,0.035608,0.039625,0.075716,-0.057310,-0.003946,0.128159,-0.061265,0.046917,0.154596,,,,,,
546,4.550000,0.035667,0.039528,0.075762,-0.057598,-0.003975,0.127716,-0.061541,0.046840,0.154248,,,,,,
547,4.558333,0.035521,0.039518,0.075606,-0.058214,-0.003890,0.126728,-0.062403,0.046850,0.153173,,,,,,
548,4.566667,0.035562,0.039457,0.075697,-0.059009,-0.003841,0.125518,-0.062716,0.046643,0.152714,,,,,,
549,4.575000,0.035570,0.039397,0.075732,-0.059743,-0.003868,0.124472,-0.063500,0.046563,0.151599,,,,,,
550,4.583333,0.035620,0.039193,0.075820,-0.060734,-0.003731,0.122896,-0.064455,0.046568,0.150292,,,,,,
551,4.591667,0.035646,0.039213,0.075889,-0.061574,-0.003696,0.121420,-0.065102,0.046323,0.149316,,,,,,
552,4.600000,0.035864,0.039125,0.076176,-0.062079,-0.003729,0.120068,-0.065971,0.046241,0.147852,,,,,,
553,4.608333,0.035989,0.039098,0.076298,-0.062443,-0.003665,0.118794,-0.066501,0.046163,0.146830,,,,,,
554,4.616667,0.036173,0.039027,0.076388,-0.062449,-0.003778,0.117820,-0.067195,0.046166,0.145464,,,,,,
555,4.625000,0.036169,0.039108,0.076254,-0.062466,-0.003774,0.117030,-0.067611,0.046212,0.144397,,,,,,
556,4.633333,0.036205,0.039220,0.076154,-0.062235,-0.003778,0.116418,,,,,,,,,
557,4.641667,0.036465,0.039283,0.076265,-0.062175,-0.003718,0.115583,-0.068275,0.046323,0.142307,,,,,,
558,4.650000,0.036688,0.039298,0.076385,-0.061618,-0.003803,0.115286,,,,,,,,,
559,4.658333,0.036956,0.039300,0.076499,-0.061332,-0.003699,0.115020,,,,,,,,,
560,4.666667,0.037307,0.039275,0.076649,-0.060666,-0.003720,0.115166,,,,,,,,,
561,4.675000,0.037683,0.039246,0.076885,-0.060077,-0.003662,0.115331,,,,,,,,,
562,4.683333,0.037869,0.039304,0.077025,-0.059257,-0.003664,0.115775,,,,,,,,,
563,4.691667,0.038146,0.039417,0.077191,-0.058489,-0.003599,0.116487,,,,,,,,,
564,4.700000,0.038106,0.039590,0.077216,-0.057686,-0.003559,0.117236,,,,,,,,,
565,4.708333,0.038292,0.039688,0.077328,-0.056970,-0.003549,0.118074,,,,,,,,,
566,4.716667,0.038382,0.039681,0.077388,-0.056583,-0.003528,0.118461,,,,,,,,,
567,4.725000,0.038267,0.039766,0.077316,-0.056353,-0.003496,0.118636,,,,,,,,,
568,4.733333,0.038241,0.039769,0.077353,-0.056341,-0.003500,0.118645,,,,,,,,,
569,4.741667,0.038190,0.039832,0.077411,-0.056363,-0.003519,0.118479,,,,,,,,,
570,4.750000,0.037700,0.039891,0.077280,-0.056653,-0.003602,0.118249,,,,,,,,,
571,4.758333,0.037206,0.039980,0.077133,-0.056999,-0.003729,0.117996,,,,,,,,,
572,4.766667,0.037111,0.039785,0.077215,-0.057977,-0.003775,0.117624,,,,,,,,,
573,4.775000,0.036684,0.039643,0.076975,-0.058613,-0.003898,0.117385,,,,,,,,,
574,4.783333,0.036542,0.039496,0.076926,-0.059360,-0.003944,0.117271,,,,,,,,,
575,4.791667,0.036193,0.039488,0.076764,-0.060137,-0.003887,0.117133,,,,,,,,,
576,4.800000,0.035849,0.039470,0.076672,-0.060470,-0.004025,0.117637,,,,,,,,,
577,4.808333,0.035467,0.039565,0.076558,-0.060860,-0.003937,0.118234,,,,-0.067670,0.045678,0.145075,,,
578,4.816667,0.035459,0.039567,0.076714,-0.061029,-0.003824,0.118961,,,,-0.067761,0.045976,0.145449,,,
579,4.825000,0.035255,0.039681,0.076639,-0.060697,-0.003849,0.120219,,,,-0.066831,0.045762,0.147151,,,
580,4.833333,0.035468,0.039682,0.076856,-0.060242,-0.003882,0.121656,,,,-0.066005,0.045755,0.148757,,,
581,4.841667,0.035623,0.039857,0.076995,-0.060060,-0.003689,0.122417,,,,-0.065288,0.045780,0.149798,,,
582,4.850000,0.035839,0.040069,0.077109,-0.059506,-0.003593,0.122940,,,,-0.064453,0.045705,0.150692,,,
583,4.858333,0.036182,0.040098,0.077124,-0.059153,-0.003517,0.123059,,,,-0.063902,0.045700,0.151000,,,
584,4.866667,0.036799,0.039959,0.077334,-0.058887,-0.003417,0.123025,,,,-0.081914,0.056891,0.116814,,,
585,4.875000,0.036751,0.040046,0.077005,-0.058434,-0.003477,0.122889,,,,-0.063458,0.045791,0.150612,,,
586,4.883333,0.036947,0.039981,0.076919,-0.058157,-0.003452,0.122329,,,,-0.063386,0.045756,0.150277,,,
587,4.891667,0.037182,0.039896,0.076824,-0.057835,-0.003582,0.121761,,,,-0.063658,0.045779,0.149459,,,
588,4.900000,0.037517,0.039611,0.076893,-0.057593,-0.003661,0.120868,,,,-0.064124,0.045733,0.148237,,,
589,4.908333,0.037495,0.039579,0.076541,-0.057620,-0.003697,0.119949,,,,-0.064784,0.045933,0.146533,,,
590,4.916667,0.037523,0.039544,0.076455,-0.057406,-0.003839,0.119301,,,,-0.065093,0.045874,0.145761,,,
591,4.925000,0.037687,0.039503,0.076456,-0.057630,-0.003704,0.118252,,,,-0.065470,0.045919,0.144831,,,
592,4.933333,0.037864,0.039480,0.076386,-0.057918,-0.003437,0.117368,,,,,,,,,
593,4.941667,0.038076,0.039423,0.076410,-0.057930,-0.003177,0.116753,,,,,,,,,
594,4.950000,0.038292,0.039431,0.076392,-0.058164,-0.002788,0.115880,,,,,,,,,
595,4.958333,0.038566,0.039569,0.076373,-0.058541,-0.002388,0.114712,,,,,,,,,
596,4.966667,0.038640,0.039752,0.076117,-0.058499,-0.002280,0.113763,,,,,,,,,
597,4.975000,0.038907,0.039793,0.075963,-0.058862,-0.001852,0.112559,,,,,,,,,
598,4.983333,0.039214,0.039784,0.075571,-0.058938,-0.001670,0.111594,,,,,,,,,
599,4.991667,0.039359,0.039919,0.075237,-0.058929,-0.001612,0.110631,,,,,,,,,
600,5.000000,0.039397,0.040093,0.074627,-0.058826,-0.001648,0.109626,,,,,,,,,
601,5.008333,0.039773,0.040065,0.074273,-0.058900,-0.001636,0.108612,,,,,,,,,
602,5.016667,0.039974,0.040027,0.073833,-0.058751,-0.001738,0.108050,,,,,,,,,
603,5.025000,0.040292,0.039925,0.073529,-0.058849,-0.001710,0.107525,,,,,,,,,
604,5.033333,0.040387,0.039887,0.073111,-0.058962,-0.001658,0.107189,,,,,,,,,
605,5.041667,0.040762,0.039681,0.072949,-0.059095,-0.001557,0.107054,,,,,,,,,
606,5.050000,0.040662,0.039638,0.072585,-0.059358,-0.001379,0.107093,,,,,,,,,
607,5.058333,0.040843,0.039477,0.072587,-0.059745,-0.001145,0.107247,,,,,,,,,
608,5.066667,0.040721,0.039471,0.072447,-0.059978,-0.001020,0.107571,,,,,,,,,
609,5.075000,0.040524,0.039448,0.072336,-0.060380,-0.000976,0.107798,,,,,,,,,
610,5.083333,0.040293,0.039464,0.072569,-0.060452,-0.001254,0.108232,,,,,,,,,
611,5.091667,0.039757,0.039528,0.072422,-0.060614,-0.001616,0.108728,,,,,,,,,
612,5.100000,0.039794,0.039393,0.072835,-0.060773,-0.002034,0.109229,,,,,,,,,
613,5.108333,0.039394,0.039542,0.072918,-0.060739,-0.002639,0.109842,,,,,,,,,
614,5.116667,0.038976,0.039696,0.073109,-0.060581,-0.003430,0.110457,,,,,,,,,
615,5.125000,0.038877,0.039736,0.073412,-0.060378,-0.004310,0.111094,,,,,,,,,
616,5.133333,0.038455,0.039894,0.073473,-0.060486,-0.004393,0.111703,,,,,,,,,
617,5.141667,0.038143,0.040119,0.073481,-0.060459,-0.004456,0.112588,,,,,,,,,
618,5.150000,0.038357,0.040227,0.073908,-0.060263,-0.004342,0.112975,,,,,,,,,
619,5.158333,0.038401,0.040524,0.074055,-0.059551,-0.004472,0.113850,,,,,,,,,
620,5.166667,0.038287,0.040627,0.073956,-0.059112,-0.004465,0.114339,,,,,,,,,
621,5.175000,0.038214,0.040708,0.073751,-0.058361,-0.004515,0.114908,,,,,,,,,
622,5.183333,0.038504,0.040685,0.073705,-0.057574,-0.004441,0.115188,,,,,,,,,
623,5.191667,0.038928,0.040715,0.073662,-0.057083,-0.004444,0.115072,,,,,,,,,
624,5.200000,0.038642,0.040737,0.073146,-0.056496,-0.004406,0.114783,,,,,,,,,
625,5.208333,0.039061,0.040442,0.073251,-0.055728,-0.004621,0.114645,,,,,,,,,
626,5.216667,0.038801,0.040388,0.072709,-0.055688,-0.004512,0.113807,,,,,,,,,
627,5.225000,0.039279,0.040072,0.072847,-0.055524,-0.004657,0.112869,,,,,,,,,
628,5.233333,0.039469,0.039916,0.072859,-0.055911,-0.004568,0.111702,,,,,,,,,
629,5.241667,0.039303,0.039855,0.072687,-0.055968,-0.004768,0.110971,,,,,,,,,
630,5.250000,0.039370,0.039644,0.072758,-0.056517,-0.004634,0.109890,,,,,,,,,
631,5.258333,0.038842,0.039584,0.072346,-0.056909,-0.004723,0.109295,,,,,,,,,
632,5.266667,0.038487,0.039593,0.072181,-0.057341,-0.004781,0.108661,,,,,,,,,
633,5.275000,0.038239,0.039556,0.072145,-0.057865,-0.004690,0.108023,,,,,,,,,
634,5.283333,0.038284,0.039415,0.072350,-0.058374,-0.004537,0.107482,,,,,,,,,
635,5.291667,0.038272,0.039355,0.072430,-0.058784,-0.004342,0.107047,,,,,,,,,
636,5.300000,0.038271,0.039315,0.072583,-0.059150,-0.004063,0.106514,,,,,,,,,
637,5.308333,0.038364,0.039273,0.072622,-0.059252,-0.003929,0.106272,,,,,,,,,
638,5.316667,0.038510,0.039230,0.072675,-0.059262,-0.003777,0.105955,,,,,,,,,
639,5.325000,0.038569,0.039226,0.072442,-0.059071,-0.003605,0.105669,,,,,,,,,
640,5.333333,0.038790,0.039195,0.072422,-0.059022,-0.003299,0.105243,,,,,,,,,
641,5.341667,0.039354,0.039118,0.072482,-0.058702,-0.003020,0.104986,,,,,,,,,
642,5.350000,0.039768,0.039069,0.072569,-0.058260,-0.002862,0.104787,,,,,,,,,
643,5.358333,0.040382,0.038960,0.072800,-0.058117,-0.002482,0.104199,,,,,,,,,
644,5.366667,0.040779,0.039027,0.072799,-0.057692,-0.002274,0.103880,,,,,,,,,
645,5.375000,0.041249,0.039078,0.072793,-0.057348,-0.002037,0.103452,,,,,,,,,
646,5.383333,0.041556,0.039107,0.072851,-0.057196,-0.001861,0.102644,,,,,,,,,
647,5.391667,0.042534,0.038863,0.073388,-0.056899,-0.001815,0.101871,,,,,,,,,
648,5.400000,0.042911,0.038720,0.073495,-0.056867,-0.001735,0.100879,,,,,,,,,
649,5.408333,0.043074,0.038628,0.073349,-0.056906,-0.001706,0.099846,,,,,,,,,
650,5.416667,0.042906,0.038677,0.072956,-0.057112,-0.001802,0.098926,,,,,,,,,
651,5.425000,0.042737,0.038663,0.072743,-0.057433,-0.001977,0.097976,,,,,,,,,
652,5.433333,0.042419,0.038738,0.072450,-0.057870,-0.002283,0.097146,,,,,,,,,
653,5.441667,0.041882,0.038783,0.072093,-0.058634,-0.002582,0.096260,,,,,,,,,
654,5.450000,0.041381,0.038888,0.071823,-0.059514,-0.002932,0.095582,,,,,,,,,
655,5.458333,0.040981,0.038849,0.071756,-0.060425,-0.003391,0.095199,,,,,,,,,
656,5.466667,0.040530,0.038910,0.071770,-0.061170,-0.003829,0.095044,,,,,,,,,
657,5.475000,0.040391,0.038753,0.072138,-0.061583,-0.004676,0.095492,,,,,,,,,
658,5.483333,0.039843,0.038805,0.072080,-0.062338,-0.004798,0.096027,,,,,,,,,
659,5.491667,0.039748,0.038809,0.072521,-0.063122,-0.004669,0.097018,,,,,,,,,
660,5.500000,0.038858,0.039253,0.072118,-0.063346,-0.004702,0.098084,,,,,,,,,
661,5.508333,0.038407,0.039468,0.071898,-0.063275,-0.004737,0.099413,,,,,,,,,
662,5.516667,0.038152,0.039539,0.071806,-0.062784,-0.004716,0.100682,,,,,,,,,
663,5.525000,0.038027,0.039646,0.071712,-0.061986,-0.004661,0.101754,,,,,,,,,
664,5.533333,0.038266,0.039708,0.071775,-0.060895,-0.004609,0.102626,,,,,,,,,
665,5.541667,0.038781,0.039770,0.071827,-0.059230,-0.004646,0.103437,,,,,,,,,
666,5.550000,0.038799,0.040071,0.071540,-0.057814,-0.004559,0.104163,,,,,,,,,
667,5.558333,0.039210,0.040090,0.071537,-0.056295,-0.004618,0.104919,,,,,,,,,
668,5.566667,0.039799,0.040065,0.071605,-0.055034,-0.004415,0.105105,,,,,,,,,
669,5.575000,0.040180,0.040000,0.071513,-0.053826,-0.004454,0.105269,,,,,,,,,
670,5.583333,0.040354,0.039956,0.071258,-0.053002,-0.004367,0.105320,,,,,,,,,
671,5.591667,0.041084,0.039589,0.071434,-0.052416,-0.004286,0.105370,,,,,,,,,
672,5.600000,0.041255,0.039418,0.071385,-0.052271,-0.004237,0.105252,,,,,,,,,
673,5.608333,0.041282,0.039303,0.071098,-0.052162,-0.004252,0.105254,,,,,,,,,
674,5.616667,0.041149,0.039272,0.070782,-0.052422,-0.004117,0.105270,,,,,,,,,
675,5.625000,0.041175,0.039193,0.070713,-0.053027,-0.003736,0.105451,,,,,,,,,
676,5.633333,0.041074,0.039190,0.070579,-0.053992,-0.003172,0.105129,,,,,,,,,
677,5.641667,0.041014,0.039006,0.070499,-0.054708,-0.002903,0.105155,,,,,,,,,
678,5.650000,0.040919,0.038809,0.070441,-0.055587,-0.002776,0.104809,,,,,,,,,
679,5.658333,0.040716,0.038549,0.070294,-0.056430,-0.002757,0.104615,,,,,,,,,
680,5.666667,0.040461,0.038479,0.070117,-0.057347,-0.002789,0.104454,,,,,,,,,
681,5.675000,0.040107,0.038392,0.069906,-0.058106,-0.002769,0.104297,,,,,,,,,
682,5.683333,0.039795,0.038363,0.069700,-0.058629,-0.002890,0.104322,,,,,,,,,
683,5.691667,0.039582,0.038249,0.069555,-0.059301,-0.002920,0.104270,,,,,,,,,
684,5.700000,0.039355,0.038224,0.069507,-0.059497,-0.003234,0.104795,,,,,,,,,
685,5.708333,0.038945,0.038284,0.069339,-0.060079,-0.003275,0.104773,,,,,,,,,
686,5.716667,0.038959,0.038228,0.069509,-0.060061,-0.003637,0.105297,,,,,,,,,
687,5.725000,0.038775,0.038304,0.069487,-0.060079,-0.003894,0.105696,,,,,,,,,
688,5.733333,0.038885,0.038356,0.069858,-0.060285,-0.004053,0.105882,,,,,,,,,
689,5.741667,0.039014,0.038458,0.070112,-0.060202,-0.004444,0.106366,,,,,,,,,
690,5.750000,0.039201,0.038484,0.070370,-0.060012,-0.004802,0.106683,,,,,,,,,
691,5.758333,0.039333,0.038553,0.070581,-0.060072,-0.004676,0.106770,,,,,,,,,
692,5.766667,0.039431,0.038740,0.070656,-0.059641,-0.004793,0.106942,,,,,,,,,
693,5.775000,0.039589,0.038782,0.070851,-0.059425,-0.004742,0.106726,,,,,,,,,
694,5.783333,0.039888,0.038754,0.071138,-0.059205,-0.004678,0.106234,,,,,,,,,
695,5.791667,0.040278,0.038818,0.071414,-0.058705,-0.004645,0.105491,,,,,,,,,
696,5.800000,0.040567,0.039000,0.071621,-0.058172,-0.004658,0.104619,,,,,,,,,
697,5.808333,0.040795,0.039066,0.071737,-0.057758,-0.004559,0.103432,,,,,,,,,
698,5.816667,0.041366,0.038967,0.072192,-0.057239,-0.004589,0.102401,,,,,,,,,
699,5.825000,0.041708,0.038931,0.072490,-0.057037,-0.004476,0.101140,,,,,,,,,
700,5.833333,0.042083,0.038816,0.072796,-0.056599,-0.004551,0.100409,,,,,,,,,
701,5.841667,0.042383,0.038718,0.073087,-0.056526,-0.004353,0.099733,,,,,,,,,
702,5.850000,0.042732,0.038672,0.073451,-0.056353,-0.004148,0.099291,,,,,,,,,
703,5.858333,0.042743,0.038808,0.073499,-0.056456,-0.003823,0.098788,,,,,,,,,
704,5.866667,0.042662,0.038926,0.073574,-0.056450,-0.003703,0.098476,,,,,,,,,
705,5.875000,0.042841,0.038945,0.073834,-0.056554,-0.003558,0.097855,,,,,,,,,
706,5.883333,0.042684,0.039040,0.073804,-0.056680,-0.003455,0.097301,,,,,,,,,
707,5.891667,0.042271,0.039155,0.073460,-0.057196,-0.003227,0.096592,,,,,,,,,
708,5.900000,0.041632,0.039409,0.072884,-0.057796,-0.003058,0.095801,,,,,,,,,
709,5.908333,0.041155,0.039556,0.072412,-0.058692,-0.003007,0.095035,,,,,,,,,
710,5.916667,0.040784,0.039571,0.072144,-0.059689,-0.002904,0.094280,,,,,,,,,
711,5.925000,0.040211,0.039730,0.071676,-0.060610,-0.003098,0.093879,,,,,,,,,
712,5.933333,0.039957,0.039711,0.071478,-0.061419,-0.003313,0.093498,,,,,,,,,
713,5.941667,0.039834,0.039517,0.071559,-0.061807,-0.003816,0.093448,,,,,,,,,
714,5.950000,0.040113,0.039286,0.072002,-0.061921,-0.004656,0.093912,,,,,,,,,
715,5.958333,0.039886,0.039241,0.072119,-0.062414,-0.004662,0.094342,,,,,,,,,
716,5.966667,0.040252,0.039070,0.072728,-0.062662,-0.004760,0.095440,,,,,,,,,
717,5.975000,0.040401,0.039089,0.073106,-0.062778,-0.004559,0.096155,,,,,,,,,
718,5.983333,0.040274,0.039189,0.073113,-0.062511,-0.004580,0.097426,,,,,,,,,
719,5.991667,0.040274,0.039229,0.073154,-0.061690,-0.004664,0.098978,,,,,,,,,
720,6.000000,0.040253,0.039299,0.073152,-0.060643,-0.004573,0.100409,,,,,,,,,
721,6.008333,0.040309,0.039489,0.073000,-0.059066,-0.004633,0.101994,,,,,,,,,
722,6.016667,0.040123,0.039749,0.072599,-0.057749,-0.004518,0.103194,,,,,,,,,
723,6.025000,0.040540,0.039862,0.072717,-0.056124,-0.004442,0.104222,,,,,,,,,
724,6.033333,0.041023,0.039814,0.072727,-0.054757,-0.004358,0.104810,,,,,,,,,
725,6.041667,0.041157,0.039878,0.072531,-0.053629,-0.004349,0.105126,,,,,,,,,
726,6.050000,0.041280,0.039824,0.072343,-0.052582,-0.004324,0.105281,,,,,,,,,
727,6.058333,0.042019,0.039520,0.072622,-0.051992,-0.004298,0.105175,,,,,,,,,
728,6.066667,0.042069,0.039317,0.072506,-0.051757,-0.004319,0.105153,,,,,,,,,
729,6.075000,0.042000,0.039234,0.072323,-0.051818,-0.004359,0.105054,,,,,,,,,
730,6.083333,0.041696,0.039189,0.071921,-0.052494,-0.004125,0.104679,,,,,,,,,
731,6.091667,0.041647,0.039062,0.071899,-0.053074,-0.003864,0.104635,,,,,,,,,
732,6.100000,0.041659,0.038919,0.071945,-0.053966,-0.003573,0.104548,,,,,,,,,
733,6.108333,0.041256,0.038898,0.071644,-0.055218,-0.003275,0.104116,,,,,,,,,
734,6.116667,0.041045,0.038683,0.071486,-0.056217,-0.003317,0.104075,,,,,,,,,
735,6.125000,0.040706,0.038557,0.071245,-0.057133,-0.003456,0.103874,,,,,,,,,
736,6.133333,0.040275,0.038566,0.071051,-0.057832,-0.003768,0.103835,,,,,,,,,
737,6.141667,0.040163,0.038407,0.071100,-0.058445,-0.004013,0.103688,,,,,,,,,
738,6.150000,0.039872,0.038491,0.071067,-0.058679,-0.004437,0.103782,,,,,,,,,
739,6.158333,0.039590,0.038619,0.070999,-0.058766,-0.004737,0.103908,,,,,,,,,
740,6.166667,0.039555,0.038670,0.071057,-0.058727,-0.004772,0.104295,,,,,,,,,
741,6.175000,0.039769,0.038708,0.071323,-0.058649,-0.004783,0.104261,,,,,,,,,
742,6.183333,0.040083,0.038765,0.071715,-0.058529,-0.004670,0.104075,,,,,,,,,
743,6.191667,0.040266,0.038854,0.071861,-0.058295,-0.004637,0.103980,,,,,,,,,
744,6.200000,0.040611,0.039007,0.072068,-0.057719,-0.004610,0.103854,,,,,,,,,
745,6.208333,0.041013,0.039069,0.072337,-0.057325,-0.004450,0.103256,,,,,,,,,
746,6.216667,0.041595,0.039003,0.072721,-0.056835,-0.004382,0.102774,,,,,,,,,
747,6.225000,0.042225,0.038923,0.073021,-0.056316,-0.004349,0.102240,,,,,,,,,
748,6.233333,0.042758,0.038833,0.073303,-0.055686,-0.004367,0.101636,,,,,,,,,
749,6.241667,0.043076,0.038814,0.073431,-0.055094,-0.004445,0.101066,,,,,,,,,
750,6.250000,0.043533,0.038674,0.073669,-0.054695,-0.004432,0.100488,,,,,,,,,
751,6.258333,0.043719,0.038703,0.073620,-0.054592,-0.004108,0.099735,,,,,,,,,
752,6.266667,0.043906,0.038704,0.073651,-0.054221,-0.004060,0.099280,,,,,,,,,
753,6.275000,0.043830,0.038810,0.073407,-0.053861,-0.004121,0.098791,,,,,,,,,
754,6.283333,0.043844,0.038716,0.073358,-0.053606,-0.004273,0.098595,,,,,,,,,
755,6.291667,0.043542,0.038747,0.073115,-0.053478,-0.004455,0.098460,,,,,,,,,
756,6.300000,0.043197,0.038817,0.073001,-0.053429,-0.004629,0.098571,,,,,,,,,
757,6.308333,0.043050,0.038867,0.073114,-0.053426,-0.004651,0.099002,,,,,,,,,
758,6.316667,0.042839,0.039090,0.073232,-0.053547,-0.004576,0.099294,,,,,,,,,
759,6.325000,0.042338,0.039372,0.073052,-0.053809,-0.004556,0.099570,,,,,,,,,
760,6.333333,0.042099,0.039447,0.073009,-0.053898,-0.004589,0.100057,,,,,,,,,
761,6.341667,0.041737,0.039515,0.072868,-0.054086,-0.004576,0.100099,,,,,,,,,
762,6.350000,0.041587,0.039433,0.072876,-0.054635,-0.004579,0.100216,,,,,,,,,
763,6.358333,0.041377,0.039378,0.072817,-0.054987,-0.004654,0.100395,,,,,,,,,
764,6.366667,0.041145,0.039368,0.072750,-0.055495,-0.004610,0.100306,,,,,,,,,
765,6.375000,0.041055,0.039296,0.072991,-0.055636,-0.004756,0.100567,,,,,,,,,
766,6.383333,0.040791,0.039365,0.073126,-0.056253,-0.004641,0.100877,,,,,,,,,
767,6.391667,0.040372,0.039389,0.073120,-0.056590,-0.004638,0.101664,,,,,,,,,
768,6.400000,0.040179,0.039338,0.073268,-0.056713,-0.004671,0.102647,,,,,,,,,
769,6.408333,0.039463,0.039724,0.073257,-0.056615,-0.004682,0.103958,,,,,,,,,
770,6.416667,0.039397,0.039907,0.073451,-0.056488,-0.004675,0.105092,,,,,,,,,
771,6.425000,0.039521,0.039961,0.073844,-0.056301,-0.004574,0.105897,,,,,,,,,
772,6.433333,0.039672,0.040119,0.074040,-0.055943,-0.004519,0.106357,,,,,,,,,
773,6.441667,0.039936,0.040207,0.074120,-0.055382,-0.004547,0.106458,,,,,,,,,
774,6.450000,0.040223,0.040161,0.073946,-0.054764,-0.004580,0.106290,,,,,,,,,
775,6.458333,0.040641,0.039986,0.073758,-0.054265,-0.004552,0.105605,,,,,,,,,
776,6.466667,0.041066,0.039792,0.073492,-0.053839,-0.004594,0.104516,,,,,,,,,
777,6.475000,0.041490,0.039597,0.073049,-0.053545,-0.004621,0.103193,,,,,,,,,
778,6.483333,0.041959,0.039269,0.072808,-0.053273,-0.004674,0.101838,,,,,,,,,
779,6.491667,0.042134,0.039137,0.072140,-0.053192,-0.004786,0.100410,,,,,,,,,
780,6.500000,0.042466,0.038886,0.071853,-0.053231,-0.004814,0.099031,,,,,,,,,
781,6.508333,0.042160,0.038950,0.071133,-0.053228,-0.004974,0.098022,,,,,,,,,
782,6.516667,0.041780,0.038945,0.070370,-0.053256,-0.005095,0.097097,,,,,,,,,
783,6.525000,0.041866,0.038768,0.070224,-0.053371,-0.005121,0.096196,,,,,,,,,
784,6.533333,0.041710,0.038803,0.070010,-0.053245,-0.005266,0.095986,,,,,,,,,
785,6.541667,0.041405,0.038923,0.069919,-0.053333,-0.005217,0.095924,,,,,,,,,
786,6.550000,0.041151,0.039012,0.069947,-0.053376,-0.005158,0.096192,,,,,,,,,
787,6.558333,0.041423,0.038923,0.070623,-0.053378,-0.005060,0.096759,,,,,,,,,
788,6.566667,0.041461,0.039030,0.071118,-0.053096,-0.005097,0.097787,,,,,,,,,
789,6.575000,0.041400,0.039144,0.071429,-0.052859,-0.005067,0.098768,,,,,,,,,
790,6.583333,0.041204,0.039354,0.071551,-0.052648,-0.005018,0.099954,,,,,,,,,
791,6.591667,0.040925,0.039536,0.071507,-0.052185,-0.005032,0.100927,,,,,,,,,
792,6.600000,0.041016,0.039637,0.071606,-0.051698,-0.005009,0.101787,,,,,,,,,
793,6.608333,0.041278,0.039687,0.071846,-0.051491,-0.004924,0.101924,,,,,,,,,
794,6.616667,0.041568,0.039578,0.071942,-0.051167,-0.005009,0.102092,,,,,,,,,
795,6.625000,0.041692,0.039459,0.071871,-0.051080,-0.004976,0.101903,,,,,,,,,
796,6.633333,0.041951,0.039252,0.071906,-0.050771,-0.005086,0.101583,,,,,,,,,
797,6.641667,0.042345,0.039049,0.072072,-0.050835,-0.005001,0.100874,,,,,,,,,
798,6.650000,0.042439,0.038921,0.071890,-0.050621,-0.005138,0.100384,,,,,,,,,
799,6.658333,0.042325,0.038953,0.071589,-0.050713,-0.005042,0.099831,,,,,,,,,
800,6.666667,0.042141,0.038962,0.071226,-0.050790,-0.004745,0.099418,,,,,,,,,
801,6.675000,0.041887,0.039035,0.070923,-0.050918,-0.004511,0.099015,,,,,,,,,
802,6.683333,0.041728,0.039032,0.070696,-0.050975,-0.004305,0.098633,,,,,,,,,
803,6.691667,0.041538,0.038963,0.070474,-0.051219,-0.003958,0.098159,,,,,,,,,
804,6.700000,0.041343,0.039011,0.070297,-0.051134,-0.003803,0.098146,,,,,,,,,
805,6.708333,0.040937,0.039198,0.069911,-0.051198,-0.003540,0.098081,,,,,,,,,
806,6.716667,0.040783,0.039280,0.069794,-0.051414,-0.003034,0.097928,,,,,,,,,
807,6.725000,0.040580,0.039414,0.069701,-0.051648,-0.002535,0.097787,,,,,,,,,
808,6.733333,0.040568,0.039476,0.069801,-0.051680,-0.002156,0.097825,,,,,,,,,
809,6.741667,0.040520,0.039621,0.069828,-0.051844,-0.001565,0.097820,,,,,,,,,
810,6.750000,0.040354,0.039926,0.069808,-0.051965,-0.001136,0.097985,,,,,,,,,
811,6.758333,0.040347,0.040043,0.069936,-0.052112,-0.000472,0.098178,,,,,,,,,
812,6.766667,0.040112,0.040261,0.069889,-0.052450,0.000266,0.098348,,,,,,,,,
813,6.775000,0.039850,0.040698,0.069999,-0.052644,0.001054,0.098680,,,,,,,,,
814,6.783333,0.040055,0.040864,0.070449,-0.053057,0.002069,0.099116,,,,,,,,,
815,6.791667,0.040177,0.041149,0.070972,-0.053556,0.003257,0.099558,,,,,,,,,
816,6.800000,0.040497,0.041501,0.071745,-0.054130,0.004538,0.100141,,,,,,,,,
817,6.808333,0.040458,0.042027,0.072398,-0.054669,0.005895,0.100953,,,,,,,,,
818,6.816667,0.040603,0.042690,0.073078,-0.055337,0.007456,0.101797,,,,,,,,,
819,6.825000,0.040748,0.043377,0.073939,-0.055957,0.009151,0.102856,,,,,,,,,
820,6.833333,0.040748,0.044144,0.074705,-0.056499,0.011036,0.104152,,,,,,,,,
821,6.841667,0.040263,0.045172,0.075124,-0.056947,0.012968,0.105539,,,,,,,,,
822,6.850000,0.040142,0.045924,0.076042,-0.057505,0.015022,0.106997,,,,,,,,,
823,6.858333,0.040009,0.046729,0.077023,-0.057933,0.017118,0.108794,,,,,,,,,
824,6.866667,0.040138,0.047413,0.078438,-0.058312,0.019217,0.110672,,,,,,,,,
825,6.875000,0.040485,0.048078,0.080128,-0.058890,0.021545,0.112325,,,,,,,,,
826,6.883333,0.041158,0.048702,0.082399,-0.059229,0.023730,0.114398,,,,,,,-0.062483,0.073793,0.140395
827,6.891667,,,,-0.059729,0.025972,0.116518,,,,,,,-0.080309,0.084513,0.109175
828,6.900000,0.042684,0.050105,0.087334,-0.060039,0.028089,0.118896,,,,,,,-0.059400,0.076441,0.149143
829,6.908333,0.042388,0.051433,0.088567,-0.060252,0.030016,0.121409,,,,,,,-0.058193,0.077696,0.152742
830,6.916667,0.042098,0.052639,0.089770,-0.060623,0.031925,0.123734,,,,,,,-0.056903,0.078752,0.156480
831,6.925000,0.041860,0.053572,0.091069,-0.060846,0.033577,0.126172,,,,,,,-0.055819,0.079697,0.159918
832,6.933333,0.041948,0.054236,0.092612,-0.061018,0.035085,0.128597,,,,,,,-0.054669,0.080408,0.163206
833,6.941667,0.041973,0.054681,0.093980,-0.061159,0.036311,0.130822,,,,,,,-0.053393,0.080811,0.166439
834,6.950000,0.041833,0.054914,0.095169,-0.061084,0.037090,0.133161,,,,,,,-0.051991,0.080756,0.169642
835,6.958333,0.041867,0.054844,0.096447,-0.060921,0.037379,0.135357,,,,,,,-0.050990,0.080418,0.172356
836,6.966667,0.041985,0.054499,0.097644,-0.060641,0.037181,0.137526,,,,,,,-0.049820,0.079616,0.175041
837,6.975000,0.042032,0.053919,0.098611,-0.060347,0.036466,0.139655,,,,,,,-0.048716,0.078472,0.177504
838,6.983333,0.042196,0.052915,0.099546,-0.059867,0.035247,0.141672,,,,,,,-0.047702,0.076944,0.179893
839,6.991667,0.042216,0.051791,0.100430,-0.059308,0.033508,0.143721,,,,,,,-0.046739,0.074982,0.181928
840,7.000000,0.042595,0.050202,0.101507,-0.058634,0.031326,0.145637,,,,,,,-0.045757,0.072636,0.183995
841,7.008333,0.043041,0.048552,0.102524,-0.058122,0.028898,0.147099,,,,,,,-0.044904,0.069990,0.185731
842,7.016667,0.043318,0.046960,0.103154,-0.057290,0.026099,0.148546,,,,,,,-0.044210,0.067184,0.187117
843,7.025000,0.044238,0.045016,0.104343,-0.056367,0.023116,0.149872,,,,,,,-0.043511,0.064376,0.188466
844,7.033333,0.044092,0.043742,0.104420,-0.055350,0.020056,0.151297,,,,,,,-0.042918,0.061650,0.189616
845,7.041667,0.044662,0.042795,0.104806,-0.054545,0.017448,0.152255,,,,,,,-0.042434,0.059231,0.190534
846,7.050000,0.044888,0.042793,0.104796,-0.053863,0.015667,0.153003,,,,,,,-0.042168,0.057675,0.191170
847,7.058333,0.045142,0.043122,0.104923,-0.053334,0.015238,0.153511,,,,,,,-0.041842,0.057676,0.191364
848,7.066667,0.045323,0.043277,0.104638,-0.052975,0.016069,0.153718,,,,,,,-0.041050,0.058812,0.191363
849,7.075000,0.045464,0.043332,0.104104,-0.053051,0.017400,0.153645,,,,,,,-0.040749,0.060471,0.190479
850,7.083333,0.045779,0.043140,0.103806,-0.053132,0.018398,0.153427,,,,,,,-0.040284,0.061715,0.189721
851,7.091667,0.045950,0.043065,0.103060,-0.053286,0.018846,0.152550,,,,,,,-0.040113,0.062355,0.188781
852,7.100000,0.046252,0.042745,0.102681,-0.053044,0.018347,0.152029,,,,,,,-0.040362,0.062339,0.187690
853,7.108333,0.046210,0.042697,0.101871,-0.052892,0.017553,0.151347,,,,,,,-0.040722,0.062015,0.186707
854,7.116667,0.046274,0.042396,0.101359,-0.052867,0.016524,0.150798,,,,,,,-0.041283,0.061526,0.185636
855,7.125000,0.046024,0.042183,0.100551,-0.053010,0.015565,0.150246,,,,,,,-0.041951,0.061130,0.184543
856,7.133333,0.045996,0.041801,0.099989,-0.053141,0.014655,0.149810,,,,,,,-0.042554,0.060910,0.183456
857,7.141667,0.045438,0.041603,0.098928,-0.053239,0.013793,0.149484,,,,,,,-0.043365,0.060912,0.182037
858,7.150000,0.045081,0.041196,0.098267,-0.053653,0.013231,0.148977,,,,,,,-0.044023,0.061018,0.180953
859,7.158333,0.044583,0.040827,0.097326,-0.053934,0.012736,0.148533,,,,,,,-0.044956,0.061219,0.179370
860,7.166667,0.044225,0.040620,0.096578,-0.054255,0.012315,0.147969,,,,,,,-0.045815,0.061474,0.177916
861,7.175000,0.043946,0.040281,0.095771,-0.054726,0.012014,0.147145,,,,,,,-0.046927,0.061895,0.176084
862,7.183333,0.043528,0.040077,0.095000,-0.055032,0.011570,0.146516,,,,,,,-0.047864,0.062032,0.174642
863,7.191667,0.043174,0.039669,0.094492,-0.055438,0.011020,0.145970,,,,,,,-0.049012,0.062084,0.172959
864,7.200000,0.042697,0.039394,0.093876,-0.055843,0.010231,0.145480,,,,,,,-0.050189,0.061844,0.171580
865,7.208333,0.042163,0.039040,0.093258,-0.056345,0.009326,0.144867,,,,,,,-0.051249,0.061356,0.170397
866,7.216667,0.041692,0.038698,0.092611,-0.056669,0.008307,0.144380,,,,,,,-0.052487,0.060827,0.169058
867,7.225000,0.041393,0.038280,0.092274,-0.056964,0.007351,0.143988,,,,,,,-0.053518,0.060182,0.168005
868,7.233333,0.041023,0.038066,0.091860,-0.057173,0.006364,0.143734,,,,,,,-0.054428,0.059479,0.167164
869,7.241667,0.040471,0.037946,0.091162,-0.057294,0.005385,0.143536,,,,,,,-0.055352,0.058817,0.166339
870,7.250000,0.039829,0.037930,0.090446,-0.057352,0.004435,0.143398,,,,,,,-0.055937,0.058023,0.165823
871,7.258333,0.039591,0.037728,0.090089,-0.057376,0.003455,0.143274,,,,,,,-0.056800,0.057360,0.165072
872,7.266667,0.039266,0.037562,0.089700,-0.057479,0.002521,0.143189,,,,,,,-0.057289,0.056474,0.164889
873,7.275000,0.038934,0.037446,0.089422,-0.057527,0.001681,0.143131,,,,,,,-0.057884,0.055732,0.164560
874,7.283333,0.038839,0.037273,0.089353,-0.057552,0.000897,0.143065,,,,,,,-0.058284,0.054938,0.164565
875,7.291667,0.038794,0.037217,0.089311,-0.057434,0.000076,0.143099,,,,,,,-0.058594,0.054200,0.164497
876,7.300000,0.038375,0.037282,0.089051,-0.057197,-0.000712,0.143346,,,,,,,-0.058781,0.053479,0.164622
877,7.308333,0.038271,0.037353,0.089030,-0.057102,-0.001425,0.143431,,,,,,,-0.059362,0.052885,0.164378
878,7.316667,0.038123,0.037390,0.088883,-0.056756,-0.002306,0.143628,,,,,,,-0.059221,0.051851,0.164947
879,7.325000,0.038061,0.037417,0.088775,-0.056540,-0.003242,0.143643,,,,,,,-0.059361,0.050880,0.165157
880,7.333333,0.037935,0.037463,0.088704,-0.055831,-0.004509,0.144168,,,,,,,-0.059168,0.049618,0.165885
881,7.341667,0.037498,0.037559,0.088455,-0.056253,-0.004398,0.144197,,,,,,,-0.059255,0.049376,0.166298
882,7.350000,0.037435,0.037573,0.088469,-0.056211,-0.004474,0.145154,,,,,,,-0.059137,0.049496,0.166571
883,7.358333,0.037352,0.037701,0.088392,-0.056150,-0.004472,0.145402,,,,,,,-0.059260,0.049639,0.166678
884,7.366667,0.037319,0.037724,0.088434,-0.056133,-0.004473,0.145492,,,,,,,-0.059157,0.049523,0.167029
885,7.375000,0.037309,0.037704,0.088468,-0.056102,-0.004536,0.145760,,,,,,,-0.059207,0.049518,0.167089
886,7.383333,0.037341,0.037681,0.088494,-0.056081,-0.004573,0.145828,,,,,,,-0.059314,0.049506,0.167073
887,7.391667,0.037338,0.037725,0.088485,-0.055992,-0.004645,0.145805,,,,,,,-0.059320,0.049415,0.167027
888,7.400000,0.037323,0.037761,0.088455,-0.055981,-0.004632,0.145650,,,,,,,-0.059382,0.049379,0.166892
889,7.408333,0.037287,0.037847,0.088411,-0.055919,-0.004704,0.145554,,,,,,,-0.059643,0.049453,0.166417
890,7.416667,0.037279,0.037865,0.088421,-0.055940,-0.004757,0.145550,,,,,,,-0.059738,0.049379,0.166413
891,7.425000,0.037277,0.037822,0.088428,-0.055898,-0.004933,0.145553,,,,,,,-0.060023,0.049356,0.166041
892,7.433333,0.037292,0.037764,0.088405,-0.055885,-0.005028,0.145466,,,,,,,-0.060249,0.049345,0.165769
893,7.441667,0.037016,0.037783,0.088010,-0.055826,-0.005150,0.145449,,,,,,,-0.060422,0.049286,0.165529
894,7.450000,0.036884,0.037705,0.087914,-0.055906,-0.005206,0.145346,,,,,,,-0.060707,0.049310,0.165150
895,7.458333,0.036921,0.037499,0.087932,-0.055920,-0.005224,0.145323,,,,,,,-0.060840,0.049317,0.165011
896,7.466667,0.036994,0.037486,0.087873,-0.055810,-0.005280,0.145392,,,,,,,-0.060863,0.049363,0.164942
897,7.475000,0.036900,0.037489,0.087746,-0.055743,-0.005281,0.145388,,,,,,,-0.060899,0.049428,0.164823
898,7.483333,0.036812,0.037536,0.087621,-0.055729,-0.005283,0.145399,,,,,,,-0.060917,0.049427,0.164799
899,7.491667,0.036740,0.037413,0.087677,-0.055795,-0.005280,0.145412,,,,,,,-0.061004,0.049369,0.164813
900,7.500000,0.036590,0.037427,0.087595,-0.055950,-0.005254,0.145283,,,,,,,-0.061142,0.049362,0.164722
901,7.508333,0.036610,0.037395,0.087628,-0.055916,-0.005288,0.145287,,,,,,,-0.061169,0.049314,0.164717
902,7.516667,0.036548,0.037413,0.087554,-0.055815,-0.005358,0.145361,,,,,,,-0.061174,0.049287,0.164721
903,7.525000,0.036616,0.037438,0.087647,-0.055784,-0.005326,0.145430,,,,,,,-0.061189,0.049313,0.164779
904,7.533333,0.036639,0.037462,0.087698,-0.055834,-0.005255,0.145410,,,,,,,-0.061177,0.049375,0.164814
905,7.541667,0.036672,0.037448,0.087657,-0.055685,-0.005273,0.145508,,,,,,,-0.061065,0.049438,0.164869
906,7.550000,0.036727,0.037342,0.087644,-0.055692,-0.005236,0.145449,,,,,,,-0.060888,0.049395,0.164971
907,7.558333,0.036625,0.037350,0.087561,-0.055681,-0.005285,0.145486,,,,,,,-0.060910,0.049389,0.164942
908,7.566667,0.036550,0.037368,0.087474,-0.055753,-0.005299,0.145441,,,,,,,-0.060949,0.049350,0.164908
909,7.575000,0.036497,0.037355,0.087366,-0.055749,-0.005319,0.145395,,,,,,,-0.060948,0.049300,0.164882
910,7.583333,0.036404,0.037400,0.087234,-0.055577,-0.005446,0.145502,,,,,,,-0.060973,0.049289,0.164810
911,7.591667,0.036399,0.037386,0.087226,-0.055631,-0.005436,0.145450,,,,,,,-0.061043,0.049299,0.164681
912,7.600000,0.036396,0.037403,0.087227,-0.055675,-0.005423,0.145403,,,,,,,-0.061045,0.049280,0.164717
913,7.608333,0.036479,0.037414,0.087282,-0.055573,-0.005463,0.145472,,,,,,,-0.061109,0.049297,0.164605
914,7.616667,0.036487,0.037389,0.087290,-0.055592,-0.005432,0.145340,,,,,,,-0.061141,0.049258,0.164561
915,7.625000,0.036503,0.037390,0.087318,-0.055558,-0.005470,0.145363,,,,,,,-0.061248,0.049261,0.164458
916,7.633333,0.036536,0.037380,0.087439,-0.055575,-0.005475,0.145349,,,,,,,-0.061438,0.049289,0.164329
917,7.641667,0.036715,0.037373,0.087640,-0.055587,-0.005488,0.145345,,,,,,,-0.061517,0.049277,0.164289
918,7.650000,0.036696,0.037473,0.087658,-0.055562,-0.005492,0.145341,,,,,,,-0.061645,0.049288,0.164233
919,7.658333,0.036787,0.037456,0.087729,-0.055571,-0.005479,0.145313,,,,,,,-0.061622,0.049245,0.164317
920,7.666667,0.036737,0.037475,0.087794,-0.055555,-0.005488,0.145356,,,,,,,-0.061614,0.049227,0.164380
921,7.675000,0.036652,0.037521,0.087754,-0.055571,-0.005463,0.145340,,,,,,,-0.061617,0.049246,0.164410
922,7.683333,0.036856,0.037473,0.087905,-0.055561,-0.005430,0.145326,,,,,,,-0.061564,0.049236,0.164459
923,7.691667,0.036822,0.037512,0.087878,-0.055528,-0.005423,0.145358,,,,,,,-0.061546,0.049241,0.164476
924,7.700000,0.036793,0.037556,0.087833,-0.055594,-0.005371,0.145336,,,,,,,-0.061532,0.049229,0.164534
925,7.708333,0.036629,0.037595,0.087777,-0.055580,-0.005385,0.145377,,,,,,,-0.061559,0.049231,0.164501
926,7.716667,0.036648,0.037604,0.087719,-0.055568,-0.005400,0.145362,,,,,,,-0.061523,0.049170,0.164580
927,7.725000,0.036771,0.037535,0.087827,-0.055553,-0.005430,0.145347,,,,,,,-0.061451,0.049070,0.164698
928,7.733333,0.036659,0.037600,0.087749,-0.055540,-0.005449,0.145371,,,,,,,-0.061510,0.049079,0.164613
929,7.741667,0.036639,0.037591,0.087788,-0.055536,-0.005427,0.145359,,,,,,,-0.061463,0.049057,0.164705
930,7.750000,0.036858,0.037511,0.088000,-0.055505,-0.005418,0.145366,,,,,,,-0.061351,0.049001,0.164910
931,7.758333,0.036631,0.037705,0.087782,-0.055527,-0.005383,0.145309,,,,,,,-0.061332,0.049005,0.164929
932,7.766667,0.036741,0.037702,0.087925,-0.055527,-0.005378,0.145306,,,,,,,-0.061460,0.049073,0.164730
933,7.775000,0.036800,0.037655,0.087999,-0.055517,-0.005395,0.145323,,,,,,,-0.061356,0.048961,0.164975
