Format Version,1.23,Take Name,jon non dominant dragging,Take Notes,,Capture Frame Rate,120.000000,Export Frame Rate,120.000000,Capture Start Time,2024-03-05 11.35.20.872 AM,Capture Start Frame,505186,Total Frames in Take,1018,Total Exported Frames,1018,Rotation Type,Quaternion,Length Units,Meters,Coordinate Space,Global

,Type,Marker,Marker,Marker,Marker,Marker,Marker,Marker,Marker,Marker
,Name,Unlabeled 1140,Unlabeled 1140,Unlabeled 1140,Unlabeled 1141,Unlabeled 1141,Unlabeled 1141,Unlabeled 1142,Unlabeled 1142,Unlabeled 1142
,ID,"FC1F0","FC1F0","FC1F0","FC230","FC230","FC230","FC240","FC240","FC240"
,,Position,Position,Position,Position,Position,Position,Position,Position,Position
Frame,Time (Seconds),X,Y,Z,X,Y,Z,X,Y,Z
0,0.000000,0.009898,0.013733,-0.000334,0.125501,0.036648,0.024628,0.166512,0.023031,0.001466
1,0.008333,0.009920,0.013717,-0.000323,0.125500,0.036601,0.024624,0.166531,0.022999,0.001490
2,0.016667,0.009938,0.013696,-0.000296,0.125490,0.036527,0.024605,0.166553,0.022958,0.001497
3,0.025000,0.009957,0.013676,-0.000267,0.125487,0.036449,0.024645,0.166570,0.022912,0.001526
4,0.033333,0.009973,0.013650,-0.000247,0.125488,0.036384,0.024637,0.166594,0.022879,0.001535
5,0.041667,0.009994,0.013623,-0.000192,0.125490,0.036340,0.024634,0.166615,0.022863,0.001541
6,0.050000,0.010010,0.013595,-0.000159,0.125496,0.036306,0.024613,0.166638,0.022863,0.001509
7,0.058333,0.010020,0.013565,-0.000145,0.125502,0.036269,0.024595,0.166667,0.022867,0.001466
8,0.066667,0.010030,0.013540,-0.000133,0.125507,0.036209,0.024540,0.166707,0.022873,0.001381
9,0.075000,0.010048,0.013522,-0.000121,0.125507,0.036147,0.024506,0.166737,0.022876,0.001330
10,0.083333,0.010053,0.013513,-0.000118,0.125504,0.036083,0.024487,0.166764,0.022877,0.001268
11,0.091667,0.010055,0.013497,-0.000111,0.125515,0.036023,0.024433,0.166783,0.022861,0.001231
12,0.100000,0.010057,0.013468,-0.000092,0.125518,0.035946,0.024444,0.166791,0.022826,0.001217
13,0.108333,0.010056,0.013436,-0.000086,0.125531,0.035850,0.024410,0.166808,0.022775,0.001201
14,0.116667,0.010071,0.013393,-0.000042,0.125533,0.035751,0.024406,0.166829,0.022718,0.001193
15,0.125000,0.010079,0.013350,-0.000013,0.125556,0.035630,0.024405,0.166863,0.022664,0.001202
16,0.133333,0.010094,0.013303,0.000015,0.125581,0.035521,0.024418,0.166907,0.022602,0.001171
17,0.141667,0.010111,0.013264,0.000027,0.125602,0.035404,0.024443,0.166955,0.022546,0.001154
18,0.150000,0.010125,0.013245,0.000055,0.125624,0.035260,0.024410,0.167004,0.022479,0.001132
19,0.158333,0.010148,0.013231,0.000056,0.125641,0.035157,0.024413,0.167059,0.022424,0.001090
20,0.166667,0.010171,0.013225,0.000059,0.125668,0.035076,0.024357,0.167108,0.022398,0.001069
21,0.175000,0.010196,0.013226,0.000077,0.125695,0.035002,0.024321,0.167171,0.022388,0.001010
22,0.183333,0.010217,0.013229,0.000078,0.125730,0.034933,0.024265,0.167242,0.022379,0.000887
23,0.191667,0.010240,0.013231,0.000078,0.125764,0.034867,0.024204,0.167293,0.022367,0.000845
24,0.200000,0.010251,0.013225,0.000052,0.125788,0.034781,0.024135,0.167346,0.022349,0.000788
25,0.208333,0.010267,0.013201,0.000053,0.125800,0.034692,0.024068,0.167397,0.022342,0.000742
26,0.216667,0.010276,0.013176,0.000062,0.125812,0.034590,0.023996,0.167456,0.022324,0.000660
27,0.225000,0.010281,0.013135,0.000055,0.125822,0.034465,0.023958,0.167507,0.022278,0.000645
28,0.233333,0.010289,0.013105,0.000081,0.125834,0.034341,0.023894,0.167567,0.022235,0.000584
29,0.241667,0.010304,0.013074,0.000116,0.125846,0.034244,0.023899,0.167613,0.022203,0.000540
30,0.250000,0.010319,0.013048,0.000145,0.125858,0.034146,0.023875,0.167656,0.022167,0.000523
31,0.258333,0.010333,0.013030,0.000151,0.125868,0.034042,0.023919,0.167690,0.022102,0.000537
32,0.266667,0.010347,0.013016,0.000161,0.125876,0.033942,0.023948,0.167723,0.022042,0.000561
33,0.275000,0.010359,0.013003,0.000175,0.125889,0.033850,0.023933,0.167747,0.021969,0.000566
34,0.283333,0.010374,0.012993,0.000183,0.125914,0.033778,0.023912,0.167767,0.021917,0.000567
35,0.291667,0.010390,0.012977,0.000186,0.125929,0.033724,0.023920,0.167791,0.021889,0.000542
36,0.300000,0.010406,0.012966,0.000199,0.125952,0.033688,0.023893,0.167812,0.021878,0.000508
37,0.308333,0.010431,0.012952,0.000213,0.125993,0.033655,0.023855,0.167839,0.021872,0.000473
38,0.316667,0.010457,0.012940,0.000229,0.126023,0.033615,0.023857,0.167869,0.021847,0.000439
39,0.325000,0.010488,0.012923,0.000214,0.126075,0.033566,0.023836,0.167909,0.021816,0.000391
40,0.333333,0.010517,0.012912,0.000238,0.126113,0.033511,0.023844,0.167944,0.021778,0.000374
41,0.341667,0.010546,0.012900,0.000263,0.126150,0.033468,0.023844,0.167984,0.021752,0.000320
42,0.350000,0.010570,0.012886,0.000271,0.126177,0.033420,0.023826,0.168031,0.021729,0.000253
43,0.358333,0.010581,0.012869,0.000282,0.126195,0.033356,0.023823,0.168048,0.021695,0.000245
44,0.366667,0.010587,0.012847,0.000313,0.126194,0.033269,0.023802,0.168057,0.021640,0.000251
45,0.375000,0.010593,0.012809,0.000312,0.126187,0.033177,0.023801,0.168067,0.021580,0.000279
46,0.383333,0.010597,0.012783,0.000315,0.126183,0.033088,0.023786,0.168073,0.021532,0.000326
47,0.391667,0.010610,0.012760,0.000363,0.126184,0.033002,0.023751,0.168091,0.021491,0.000302
48,0.400000,0.010626,0.012743,0.000380,0.126196,0.032931,0.023750,0.168114,0.021467,0.000264
49,0.408333,0.010660,0.012738,0.000421,0.126224,0.032886,0.023722,0.168150,0.021450,0.000218
50,0.416667,0.010695,0.012740,0.000456,0.126256,0.032846,0.023695,0.168181,0.021432,0.000192
51,0.425000,0.010731,0.012731,0.000461,0.126289,0.032794,0.023696,0.168210,0.021401,0.000139
52,0.433333,0.010769,0.012709,0.000475,0.126315,0.032742,0.023709,0.168231,0.021355,0.000155
53,0.441667,0.010806,0.012691,0.000479,0.126339,0.032681,0.023726,0.168252,0.021296,0.000170
54,0.450000,0.010843,0.012678,0.000504,0.126371,0.032604,0.023690,0.168285,0.021224,0.000178
55,0.458333,0.010877,0.012664,0.000545,0.126402,0.032499,0.023632,0.168308,0.021142,0.000228
56,0.466667,0.010905,0.012644,0.000535,0.126421,0.032405,0.023603,0.168337,0.021057,0.000219
57,0.475000,0.010953,0.012641,0.000600,0.126446,0.032326,0.023572,0.168383,0.020994,0.000207
58,0.483333,0.010988,0.012637,0.000629,0.126474,0.032249,0.023534,0.168439,0.020936,0.000157
59,0.491667,0.011036,0.012646,0.000680,0.126497,0.032167,0.023492,0.168492,0.020879,0.000136
60,0.500000,0.011089,0.012654,0.000710,0.126523,0.032062,0.023445,0.168553,0.020818,0.000127
61,0.508333,0.011137,0.012646,0.000709,0.126550,0.031949,0.023423,0.168618,0.020754,0.000115
62,0.516667,0.011180,0.012627,0.000743,0.126578,0.031834,0.023380,0.168678,0.020691,0.000110
63,0.525000,0.011224,0.012608,0.000784,0.126603,0.031739,0.023329,0.168760,0.020629,0.000050
64,0.533333,0.011280,0.012577,0.000863,0.126648,0.031645,0.023250,0.168837,0.020583,0.000053
65,0.541667,0.011357,0.012557,0.000971,0.126710,0.031558,0.023146,0.168951,0.020540,-0.000060
66,0.550000,0.011431,0.012541,0.001081,0.126779,0.031478,0.023081,0.169060,0.020491,-0.000114
67,0.558333,0.011527,0.012521,0.001200,0.126868,0.031365,0.023013,0.169161,0.020413,-0.000197
68,0.566667,0.011606,0.012509,0.001254,0.126962,0.031252,0.022974,0.169278,0.020305,-0.000290
69,0.575000,0.011688,0.012489,0.001315,0.127045,0.031156,0.022995,0.169362,0.020201,-0.000248
70,0.583333,0.011775,0.012459,0.001425,0.127131,0.031018,0.023060,0.169430,0.020063,-0.000276
71,0.591667,0.011846,0.012442,0.001533,0.127214,0.030873,0.023083,0.169490,0.019904,-0.000264
72,0.600000,0.011899,0.012429,0.001606,0.127291,0.030765,0.023049,0.169528,0.019750,-0.000239
73,0.608333,0.011961,0.012417,0.001652,0.127351,0.030671,0.023060,0.169569,0.019623,-0.000210
74,0.616667,0.012018,0.012388,0.001716,0.127406,0.030563,0.023100,0.169612,0.019508,-0.000170
75,0.625000,0.012068,0.012335,0.001762,0.127452,0.030438,0.023138,0.169655,0.019375,-0.000143
76,0.633333,0.012094,0.012246,0.001762,0.127453,0.030263,0.023223,0.169670,0.019230,-0.000063
77,0.641667,0.012092,0.012152,0.001775,0.127427,0.030070,0.023322,0.169657,0.019059,0.000041
78,0.650000,0.012051,0.012035,0.001718,0.127322,0.029851,0.023527,0.169609,0.018835,0.000263
79,0.658333,0.011981,0.011907,0.001707,0.127189,0.029590,0.023751,0.169527,0.018592,0.000579
80,0.666667,0.011898,0.011802,0.001691,0.127033,0.029321,0.024045,0.169427,0.018349,0.000915
81,0.675000,0.011812,0.011761,0.001660,0.126877,0.029118,0.024288,0.169286,0.018067,0.001314
82,0.683333,0.011731,0.011740,0.001593,0.126747,0.028974,0.024466,0.169190,0.017839,0.001600
83,0.691667,0.011681,0.011738,0.001549,0.126633,0.028888,0.024662,0.169087,0.017722,0.001873
84,0.700000,0.011652,0.011746,0.001503,0.126556,0.028862,0.024774,0.169019,0.017666,0.002062
85,0.708333,0.011630,0.011768,0.001444,0.126506,0.028863,0.024849,0.168973,0.017630,0.002182
86,0.716667,0.011597,0.011811,0.001359,0.126450,0.028873,0.024952,0.168893,0.017590,0.002364
87,0.725000,0.011551,0.011837,0.001269,0.126364,0.028875,0.025172,0.168782,0.017521,0.002554
88,0.733333,0.011482,0.011851,0.001141,0.126257,0.028831,0.025437,0.168614,0.017380,0.002921
89,0.741667,0.011383,0.011824,0.001048,0.126083,0.028712,0.025760,0.168423,0.017184,0.003343
90,0.750000,0.011245,0.011761,0.000965,0.125839,0.028538,0.026329,0.168140,0.016897,0.003987
91,0.758333,0.011069,0.011667,0.000958,0.125525,0.028257,0.027008,0.167778,0.016464,0.004758
92,0.766667,0.010848,0.011566,0.000839,0.125126,0.027788,0.027847,0.167387,0.015897,0.005709
93,0.775000,0.010582,0.011508,0.000747,0.124628,0.027209,0.028797,0.166909,0.015145,0.006979
94,0.783333,0.010319,0.011474,0.000578,0.124029,0.026521,0.029935,0.166374,0.014238,0.008550
95,0.791667,0.010053,0.011451,0.000416,0.123362,0.025771,0.031203,0.165730,0.013239,0.010339
96,0.800000,0.009758,0.011443,0.000201,0.122654,0.025071,0.032607,0.164988,0.012157,0.012169
97,0.808333,0.009477,0.011474,0.000083,0.121894,0.024450,0.034142,0.164207,0.011121,0.014043
98,0.816667,0.009217,0.011466,-0.000173,0.121142,0.023914,0.035703,0.163322,0.010099,0.015903
99,0.825000,0.008941,0.011504,-0.000490,0.120385,0.023291,0.037181,0.162359,0.008968,0.017709
100,0.833333,0.008684,0.011557,-0.000586,0.119689,0.022559,0.038493,0.161381,0.007760,0.019174
101,0.841667,0.008433,0.011586,-0.000812,0.118972,0.021878,0.039675,0.160491,0.006844,0.020576
102,0.850000,0.008223,0.011648,-0.001010,0.118216,0.021485,0.040978,0.159612,0.006147,0.021925
103,0.858333,0.008035,0.011759,-0.001234,0.117381,0.021073,0.042265,0.158679,0.005476,0.023396
104,0.866667,0.007837,0.011884,-0.001569,0.116588,0.020740,0.043434,0.157768,0.004773,0.024698
105,0.875000,0.007602,0.012073,-0.002025,0.115682,0.020284,0.044644,0.156827,0.004013,0.026105
106,0.883333,0.007365,0.012322,-0.002500,0.114579,0.019879,0.046003,0.155750,0.003224,0.027777
107,0.891667,0.007091,0.012668,-0.003115,0.113258,0.019491,0.047431,0.154479,0.002310,0.029577
108,0.900000,0.006785,0.013122,-0.003921,0.111659,0.019071,0.048740,0.153044,0.001442,0.031895
109,0.908333,0.006432,0.013646,-0.004810,0.109846,0.018779,0.050218,0.151555,0.000785,0.034548
110,0.916667,0.006019,0.014136,-0.005685,0.108194,0.018397,0.051326,0.149992,-0.000002,0.036710
111,0.925000,0.005566,0.014384,-0.006205,0.106972,0.017798,0.051764,0.148763,-0.000854,0.037631
112,0.933333,0.005171,0.014313,-0.006444,0.106322,0.017559,0.051777,0.148190,-0.001072,0.037489
113,0.941667,0.004881,0.014149,-0.006513,0.106073,0.017989,0.051437,0.148072,-0.000396,0.036978
114,0.950000,0.004619,0.014037,-0.006518,0.106112,0.019067,0.051061,0.148174,0.000972,0.036535
115,0.958333,0.004483,0.013990,-0.006488,0.106384,0.020521,0.050441,0.148543,0.002788,0.035949
116,0.966667,0.004415,0.013978,-0.006450,0.106896,0.021937,0.049627,0.149149,0.004587,0.034900
117,0.975000,0.004404,0.013979,-0.006386,0.107526,0.023237,0.048630,0.149833,0.006198,0.033586
118,0.983333,0.004435,0.014016,-0.006375,0.108178,0.024424,0.047707,0.150549,0.007671,0.032434
119,0.991667,0.004526,0.014082,-0.006257,0.108794,0.025585,0.046758,0.151257,0.009091,0.031379
120,1.000000,0.004587,0.014066,-0.006162,0.109453,0.026775,0.045849,0.152006,0.010635,0.030412
121,1.008333,0.004666,0.013927,-0.005865,0.110157,0.028053,0.044810,0.152844,0.012340,0.029339
122,1.016667,0.004733,0.013624,-0.005543,0.111008,0.029281,0.043529,0.153828,0.014121,0.027854
123,1.025000,0.004849,0.013194,-0.005025,0.111922,0.030637,0.042048,0.154897,0.016153,0.026114
124,1.033333,0.005039,0.012725,-0.004520,0.112915,0.032221,0.040457,0.156073,0.018447,0.024062
125,1.041667,0.005276,0.012427,-0.004081,0.113892,0.033952,0.038788,0.157206,0.020744,0.021987
126,1.050000,0.005479,0.012308,-0.003876,0.114795,0.035639,0.037143,0.158248,0.022783,0.020120
127,1.058333,0.005678,0.012345,-0.003728,0.115747,0.037043,0.035338,0.159329,0.024444,0.018007
128,1.066667,0.005906,0.012447,-0.003626,0.116600,0.038111,0.033632,0.160280,0.025685,0.015951
129,1.075000,0.006176,0.012659,-0.003467,0.117502,0.039059,0.031968,0.161067,0.026538,0.013837
130,1.083333,0.006460,0.012889,-0.003367,0.118393,0.040064,0.030552,0.161681,0.027247,0.011834
131,1.091667,0.006757,0.013069,-0.003222,0.119229,0.040889,0.029304,0.162238,0.027841,0.009831
132,1.100000,0.007036,0.013163,-0.003080,0.119983,0.041372,0.028188,0.162721,0.028235,0.008109
133,1.108333,0.007301,0.013162,-0.002818,0.120670,0.041608,0.027180,0.163149,0.028465,0.006561
134,1.116667,0.007553,0.013091,-0.002543,0.121269,0.041676,0.026367,0.163560,0.028564,0.005207
135,1.125000,0.007780,0.012999,-0.002248,0.121790,0.041585,0.025741,0.163908,0.028486,0.004140
136,1.133333,0.007978,0.012861,-0.002058,0.122244,0.041405,0.025281,0.164245,0.028353,0.003265
137,1.141667,0.008170,0.012733,-0.001754,0.122640,0.041144,0.024756,0.164585,0.028229,0.002526
138,1.150000,0.008346,0.012613,-0.001498,0.122985,0.040796,0.024519,0.164855,0.027953,0.001954
139,1.158333,0.008553,0.012548,-0.001246,0.123304,0.040480,0.024288,0.165102,0.027629,0.001568
140,1.166667,0.008739,0.012469,-0.001091,0.123644,0.040200,0.024000,0.165379,0.027343,0.001139
141,1.175000,0.008949,0.012403,-0.000861,0.123963,0.039955,0.023699,0.165650,0.027154,0.000691
142,1.183333,0.009191,0.012365,-0.000590,0.124240,0.039823,0.023400,0.165921,0.027097,0.000278
143,1.191667,0.009411,0.012304,-0.000441,0.124563,0.039720,0.023076,0.166197,0.027071,-0.000312
144,1.200000,0.009603,0.012249,-0.000301,0.124893,0.039606,0.022609,0.166466,0.027034,-0.000993
145,1.208333,0.009787,0.012207,-0.000107,0.125186,0.039468,0.022224,0.166707,0.026997,-0.001532
146,1.216667,0.009945,0.012161,-0.000011,0.125430,0.039290,0.021951,0.166949,0.026944,-0.002019
147,1.225000,0.010065,0.012121,0.000140,0.125615,0.039048,0.021731,0.167165,0.026833,-0.002401
148,1.233333,0.010171,0.012085,0.000271,0.125786,0.038789,0.021567,0.167313,0.026674,-0.002626
149,1.241667,0.010242,0.012084,0.000322,0.125896,0.038555,0.021516,0.167404,0.026385,-0.002718
150,1.250000,0.010304,0.012116,0.000357,0.126000,0.038341,0.021479,0.167487,0.026096,-0.002782
151,1.258333,0.010383,0.012147,0.000410,0.126121,0.038208,0.021369,0.167591,0.025906,-0.002904
152,1.266667,0.010457,0.012189,0.000370,0.126268,0.038112,0.021187,0.167700,0.025739,-0.003058
153,1.275000,0.010557,0.012235,0.000379,0.126406,0.038082,0.021024,0.167832,0.025623,-0.003305
154,1.283333,0.010674,0.012261,0.000426,0.126565,0.038058,0.020817,0.167949,0.025585,-0.003500
155,1.291667,0.010747,0.012242,0.000453,0.126671,0.037943,0.020779,0.168040,0.025475,-0.003647
156,1.300000,0.010790,0.012172,0.000507,0.126770,0.037670,0.020763,0.168109,0.025211,-0.003766
157,1.308333,0.010819,0.012073,0.000595,0.126850,0.037296,0.020841,0.168166,0.024860,-0.003812
158,1.316667,0.010858,0.011969,0.000696,0.126948,0.036895,0.020949,0.168229,0.024433,-0.003807
159,1.325000,0.010899,0.011923,0.000788,0.127027,0.036407,0.021113,0.168309,0.023910,-0.003605
160,1.333333,0.010992,0.011901,0.000853,0.127119,0.035885,0.021309,0.168414,0.023315,-0.003431
161,1.341667,0.011086,0.011916,0.000852,0.127218,0.035331,0.021547,0.168505,0.022685,-0.003104
162,1.350000,0.011192,0.011965,0.000826,0.127321,0.034856,0.021759,0.168608,0.022103,-0.002773
163,1.358333,0.011319,0.012012,0.000825,0.127427,0.034622,0.021988,0.168733,0.021717,-0.002459
164,1.366667,0.011456,0.012064,0.000794,0.127553,0.034446,0.022037,0.168878,0.021497,-0.002343
165,1.375000,0.011604,0.012183,0.000819,0.127692,0.034327,0.022095,0.169020,0.021267,-0.002299
166,1.383333,0.011757,0.012327,0.000752,0.127860,0.034277,0.021970,0.169165,0.021065,-0.002275
167,1.391667,0.011901,0.012444,0.000686,0.128003,0.034222,0.021866,0.169327,0.020938,-0.002371
168,1.400000,0.012005,0.012537,0.000597,0.128122,0.034103,0.021765,0.169467,0.020789,-0.002421
169,1.408333,0.012082,0.012613,0.000541,0.128224,0.033881,0.021742,0.169583,0.020502,-0.002515
170,1.416667,0.012134,0.012632,0.000504,0.128310,0.033480,0.021659,0.169673,0.020064,-0.002563
171,1.425000,0.012163,0.012631,0.000470,0.128362,0.032955,0.021807,0.169710,0.019478,-0.002467
172,1.433333,0.012186,0.012615,0.000472,0.128388,0.032436,0.021987,0.169721,0.018864,-0.002265
173,1.441667,0.012228,0.012569,0.000515,0.128447,0.032003,0.022079,0.169753,0.018335,-0.002158
174,1.450000,0.012306,0.012503,0.000585,0.128524,0.031604,0.022201,0.169807,0.017936,-0.002110
175,1.458333,0.012421,0.012476,0.000734,0.128632,0.031296,0.022216,0.169918,0.017612,-0.002158
176,1.466667,0.012548,0.012460,0.000812,0.128740,0.031131,0.022282,0.170042,0.017594,-0.002034
177,1.475000,0.012705,0.012445,0.000897,0.128874,0.030991,0.022241,0.170143,0.017572,-0.002066
178,1.483333,0.012805,0.012406,0.000885,0.128982,0.030812,0.022315,0.170252,0.017561,-0.002100
179,1.491667,0.012878,0.012336,0.000880,0.129034,0.030613,0.022388,0.170281,0.017546,-0.002060
180,1.500000,0.012898,0.012221,0.000845,0.129023,0.030374,0.022548,0.170281,0.017531,-0.002024
181,1.508333,0.012860,0.012101,0.000877,0.128969,0.030019,0.022692,0.170258,0.017501,-0.001861
182,1.516667,0.012787,0.012005,0.000888,0.128867,0.029698,0.022940,0.170208,0.017466,-0.001713
183,1.525000,0.012735,0.011903,0.000884,0.128793,0.029466,0.023005,0.170172,0.017446,-0.001632
184,1.533333,0.012710,0.011840,0.000876,0.128743,0.029258,0.023044,0.170145,0.017423,-0.001588
185,1.541667,0.012701,0.011868,0.000845,0.128703,0.029149,0.023168,0.170117,0.017391,-0.001487
186,1.550000,0.012701,0.011943,0.000774,0.128664,0.029078,0.023319,0.170104,0.017336,-0.001304
187,1.558333,0.012663,0.012071,0.000612,0.128540,0.028994,0.023631,0.170000,0.017072,-0.000865
188,1.566667,0.012574,0.012213,0.000426,0.128345,0.028784,0.024052,0.169847,0.016752,-0.000200
189,1.575000,0.012444,0.012255,0.000280,0.128109,0.028488,0.024535,0.169650,0.016455,0.000394
190,1.583333,0.012271,0.012237,0.000071,0.127824,0.028190,0.025143,0.169358,0.016061,0.001113
191,1.591667,0.012083,0.012207,-0.000044,0.127501,0.027744,0.025893,0.169042,0.015688,0.001993
192,1.600000,0.011833,0.012115,-0.000377,0.127098,0.027290,0.026803,0.168640,0.015220,0.002986
193,1.608333,0.011556,0.012092,-0.000609,0.126588,0.026788,0.027917,0.168109,0.014599,0.004294
194,1.616667,0.011258,0.012086,-0.000852,0.126000,0.026225,0.029138,0.167531,0.013898,0.005767
195,1.625000,0.010927,0.012049,-0.001186,0.125288,0.025575,0.030465,0.166803,0.013122,0.007321
196,1.633333,0.010573,0.012117,-0.001500,0.124472,0.025050,0.031968,0.165926,0.012198,0.009098
197,1.641667,0.010189,0.012220,-0.001941,0.123503,0.024493,0.033659,0.164906,0.011136,0.011253
198,1.650000,0.009749,0.012429,-0.002330,0.122294,0.023927,0.035558,0.163683,0.009911,0.013838
199,1.658333,0.009265,0.012707,-0.002923,0.120771,0.023182,0.037705,0.162237,0.008473,0.016687
200,1.666667,0.008782,0.013041,-0.003700,0.118988,0.022350,0.039826,0.160651,0.006923,0.019871
201,1.675000,0.008271,0.013415,-0.004651,0.116970,0.021457,0.042095,0.158831,0.005273,0.023117
202,1.683333,0.007705,0.013756,-0.005553,0.115029,0.020440,0.044099,0.156921,0.003768,0.026084
203,1.691667,0.007153,0.013971,-0.006268,0.113178,0.019559,0.045698,0.155168,0.002606,0.028359
204,1.700000,0.006699,0.014077,-0.006928,0.111618,0.019016,0.047010,0.153580,0.001717,0.029966
205,1.708333,0.006311,0.014209,-0.007482,0.110283,0.018649,0.048027,0.152182,0.001047,0.031189
206,1.716667,0.005960,0.014350,-0.007988,0.109131,0.018238,0.048746,0.151009,0.000508,0.032033
207,1.725000,0.005712,0.014577,-0.008528,0.108019,0.017919,0.049447,0.149863,0.000021,0.033015
208,1.733333,0.005514,0.014915,-0.009084,0.106869,0.017621,0.050231,0.148710,-0.000511,0.034007
209,1.741667,0.005364,0.015281,-0.009733,0.105558,0.017297,0.051020,0.147390,-0.001200,0.035222
210,1.750000,0.005273,0.015691,-0.010437,0.103967,0.016870,0.052101,0.145804,-0.002057,0.036947
211,1.758333,0.005154,0.016083,-0.011300,0.101910,0.016376,0.053384,0.143854,-0.003096,0.039054
212,1.766667,0.004950,0.016515,-0.012416,0.099316,0.016002,0.054929,0.141552,-0.003836,0.042133
213,1.775000,0.004572,0.016916,-0.013583,0.096472,0.015797,0.056635,0.138813,-0.004578,0.045400
214,1.783333,0.004057,0.017152,-0.014429,0.093846,0.015071,0.057904,0.136076,-0.005806,0.047938
215,1.791667,0.003480,0.017001,-0.015125,0.091593,0.013830,0.058694,0.133877,-0.007320,0.049131
216,1.800000,0.002980,0.016687,-0.015757,0.089738,0.012524,0.059275,0.132083,-0.008798,0.049622
217,1.808333,0.002519,0.016435,-0.016200,0.088012,0.011628,0.059759,0.130576,-0.009528,0.050448
218,1.816667,0.002067,0.016308,-0.016780,0.086486,0.011281,0.060371,0.128978,-0.010066,0.051447
219,1.825000,0.001798,0.016328,-0.017218,0.085081,0.010965,0.060776,0.127546,-0.010479,0.052131
220,1.833333,0.001654,0.016418,-0.017855,0.083718,0.010617,0.060911,0.126351,-0.010878,0.052738
221,1.841667,0.001609,0.016628,-0.018602,0.082353,0.010294,0.060998,0.125030,-0.011309,0.053411
222,1.850000,0.001606,0.016925,-0.019431,0.080942,0.010078,0.061029,0.123605,-0.011765,0.054261
223,1.858333,0.001694,0.017353,-0.020320,0.079421,0.009949,0.061059,0.122006,-0.012251,0.055135
224,1.866667,0.001851,0.017799,-0.021409,0.077743,0.009820,0.060937,0.120212,-0.012812,0.056005
225,1.875000,0.001946,0.018321,-0.022478,0.076159,0.009655,0.060748,0.118424,-0.013338,0.056980
226,1.883333,0.001986,0.018740,-0.023420,0.074996,0.009533,0.060514,0.117186,-0.013647,0.057437
227,1.891667,0.001977,0.019045,-0.024081,0.074226,0.009560,0.060076,0.116418,-0.013767,0.057438
228,1.900000,0.002019,0.019259,-0.024630,0.073698,0.009634,0.059678,0.115906,-0.013740,0.057288
229,1.908333,0.002025,0.019379,-0.025235,0.073391,0.009629,0.059133,0.115675,-0.013662,0.057056
230,1.916667,0.002026,0.019430,-0.025729,0.073307,0.009570,0.058564,0.115698,-0.013573,0.056765
231,1.925000,0.002037,0.019425,-0.026048,0.073416,0.009526,0.058059,0.115918,-0.013462,0.056504
232,1.933333,0.002050,0.019403,-0.026181,0.073684,0.009509,0.057553,0.116322,-0.013351,0.056122
233,1.941667,0.002073,0.019374,-0.026162,0.074095,0.009571,0.057174,0.116841,-0.013184,0.056030
234,1.950000,0.002126,0.019321,-0.026081,0.074689,0.009607,0.056698,0.117612,-0.013000,0.055889
235,1.958333,0.002207,0.019195,-0.025928,0.075427,0.009603,0.056208,0.118582,-0.012792,0.055677
236,1.966667,0.002307,0.019011,-0.025695,0.076334,0.009647,0.055588,0.119666,-0.012528,0.055580
237,1.975000,0.002394,0.018729,-0.025316,0.077528,0.009906,0.055116,0.121105,-0.012035,0.055267
238,1.983333,0.002439,0.018340,-0.024864,0.079072,0.010426,0.054734,0.122940,-0.011234,0.054640
239,1.991667,0.002506,0.017935,-0.024184,0.080862,0.011153,0.054325,0.124989,-0.010193,0.053823
240,2.000000,0.002569,0.017517,-0.023453,0.082857,0.011968,0.053998,0.127179,-0.009121,0.052717
241,2.008333,0.002627,0.017059,-0.022822,0.084920,0.012696,0.053547,0.129462,-0.008143,0.051206
242,2.016667,0.002698,0.016620,-0.022257,0.087038,0.013326,0.052901,0.131737,-0.007230,0.049433
243,2.025000,0.002823,0.016156,-0.021630,0.089054,0.013897,0.052007,0.133934,-0.006330,0.047600
244,2.033333,0.002949,0.015797,-0.021213,0.090911,0.014577,0.051131,0.135889,-0.005414,0.045814
245,2.041667,0.003032,0.015474,-0.020605,0.092722,0.015437,0.050344,0.137796,-0.004421,0.043924
246,2.050000,0.003050,0.015184,-0.019975,0.094616,0.016436,0.049273,0.139870,-0.003110,0.041917
247,2.058333,0.003108,0.014810,-0.019303,0.096622,0.017640,0.047957,0.142096,-0.001547,0.039565
248,2.066667,0.003181,0.014387,-0.018606,0.098665,0.019085,0.046575,0.144451,0.000325,0.036754
249,2.075000,0.003355,0.014028,-0.017737,0.100773,0.020717,0.045139,0.146688,0.002470,0.033887
250,2.083333,0.003566,0.013762,-0.017041,0.102679,0.022326,0.043402,0.148613,0.004632,0.031276
251,2.091667,0.003773,0.013769,-0.016415,0.104414,0.023803,0.041805,0.150351,0.006618,0.028721
252,2.100000,0.004034,0.013810,-0.015900,0.106006,0.025001,0.040090,0.151863,0.008274,0.026134
253,2.108333,0.004348,0.013844,-0.015467,0.107433,0.025930,0.038610,0.153159,0.009506,0.023588
254,2.116667,0.004562,0.013888,-0.015272,0.108661,0.026680,0.037081,0.154217,0.010496,0.021423
255,2.125000,0.004752,0.013941,-0.015140,0.109612,0.027297,0.035801,0.155094,0.011351,0.019526
256,2.133333,0.004927,0.013990,-0.014949,0.110335,0.027906,0.034813,0.155744,0.012160,0.018169
257,2.141667,0.005056,0.013985,-0.014690,0.110861,0.028540,0.034079,0.156243,0.013021,0.017210
258,2.150000,0.005121,0.013894,-0.014523,0.111274,0.029186,0.033472,0.156666,0.013924,0.016349
259,2.158333,0.005164,0.013757,-0.014385,0.111589,0.029750,0.032929,0.156957,0.014721,0.015622
260,2.166667,0.005153,0.013588,-0.014253,0.111893,0.030147,0.032364,0.157204,0.015297,0.014740
261,2.175000,0.005124,0.013404,-0.014100,0.112190,0.030527,0.031804,0.157417,0.015850,0.013795
262,2.183333,0.005100,0.013254,-0.014005,0.112468,0.030961,0.031182,0.157638,0.016464,0.012898
263,2.191667,0.005091,0.013168,-0.013910,0.112725,0.031427,0.030527,0.157887,0.017125,0.011983
264,2.200000,0.005098,0.013152,-0.013860,0.112973,0.031939,0.029865,0.158141,0.017892,0.011168
265,2.208333,0.005130,0.013216,-0.013805,0.113241,0.032505,0.029222,0.158427,0.018648,0.010331
266,2.216667,0.005167,0.013374,-0.013815,0.113492,0.033105,0.028581,0.158657,0.019336,0.009633
267,2.225000,0.005181,0.013591,-0.013842,0.113682,0.033716,0.028195,0.158819,0.019927,0.009135
268,2.233333,0.005205,0.013853,-0.014005,0.113787,0.034324,0.027890,0.158903,0.020465,0.008948
269,2.241667,0.005211,0.014144,-0.014071,0.113777,0.034928,0.027873,0.158910,0.020920,0.009047
270,2.250000,0.005166,0.014442,-0.014241,0.113648,0.035464,0.027979,0.158840,0.021361,0.009459
271,2.258333,0.005109,0.014714,-0.014360,0.113395,0.036014,0.028247,0.158674,0.021824,0.010024
272,2.266667,0.005036,0.014970,-0.014482,0.113044,0.036693,0.028594,0.158456,0.022483,0.010825
273,2.275000,0.004942,0.015242,-0.014638,0.112593,0.037642,0.029049,0.158195,0.023383,0.011729
274,2.283333,0.004826,0.015497,-0.014834,0.112137,0.038732,0.029473,0.157863,0.024424,0.012726
275,2.291667,0.004713,0.015706,-0.015028,0.111762,0.039756,0.029832,0.157592,0.025370,0.013287
276,2.300000,0.004616,0.015856,-0.015113,0.111517,0.040577,0.029935,0.157397,0.026116,0.013542
277,2.308333,0.004540,0.016024,-0.015104,0.111395,0.041219,0.029900,0.157237,0.026637,0.013584
278,2.316667,0.004460,0.016280,-0.015197,0.111351,0.041824,0.029826,0.157089,0.026980,0.013587
279,2.325000,0.004424,0.016603,-0.015267,0.111366,0.042430,0.029633,0.156974,0.027230,0.013485
280,2.333333,0.004386,0.016950,-0.015404,0.111453,0.042950,0.029514,0.156940,0.027389,0.013194
281,2.341667,0.004409,0.017265,-0.015447,0.111636,0.043353,0.029195,0.156980,0.027539,0.012852
282,2.350000,0.004471,0.017529,-0.015415,0.111847,0.043746,0.028948,0.157096,0.027777,0.012454
283,2.358333,0.004566,0.017777,-0.015280,0.112109,0.044189,0.028689,0.157287,0.028143,0.012047
284,2.366667,0.004704,0.018043,-0.015078,0.112416,0.044706,0.028361,0.157517,0.028624,0.011737
285,2.375000,0.004892,0.018257,-0.014788,0.112784,0.045234,0.028102,0.157827,0.029155,0.011284
286,2.383333,0.005095,0.018449,-0.014496,0.113159,0.045736,0.027811,0.158166,0.029664,0.010813
287,2.391667,0.005283,0.018633,-0.014261,0.113579,0.046183,0.027461,0.158531,0.030121,0.010380
288,2.400000,0.005498,0.018767,-0.014053,0.113991,0.046503,0.027158,0.158893,0.030398,0.010047
289,2.408333,0.005763,0.018875,-0.013798,0.114400,0.046633,0.026807,0.159265,0.030510,0.009667
290,2.416667,0.005966,0.018932,-0.013657,0.114787,0.046631,0.026524,0.159619,0.030519,0.009284
291,2.425000,0.006155,0.018966,-0.013570,0.115113,0.046481,0.026285,0.159939,0.030426,0.008873
292,2.433333,0.006317,0.018942,-0.013424,0.115353,0.046255,0.026035,0.160191,0.030274,0.008549
293,2.441667,0.006421,0.018920,-0.013245,0.115549,0.046079,0.025759,0.160397,0.030224,0.008218
294,2.450000,0.006491,0.018874,-0.013037,0.115725,0.046054,0.025433,0.160584,0.030356,0.007822
295,2.458333,0.006545,0.018792,-0.012791,0.115898,0.046171,0.025061,0.160787,0.030611,0.007343
296,2.466667,0.006602,0.018693,-0.012560,0.116070,0.046233,0.024691,0.160996,0.030894,0.006768
297,2.475000,0.006662,0.018569,-0.012333,0.116266,0.046222,0.024183,0.161210,0.031130,0.006111
298,2.483333,0.006719,0.018450,-0.012209,0.116465,0.046199,0.023678,0.161419,0.031327,0.005501
299,2.491667,0.006786,0.018348,-0.012087,0.116612,0.046169,0.023367,0.161592,0.031467,0.005052
300,2.500000,0.006865,0.018216,-0.011986,0.116739,0.046064,0.023137,0.161757,0.031532,0.004649
301,2.508333,0.006923,0.018067,-0.011877,0.116845,0.045852,0.022915,0.161887,0.031479,0.004425
302,2.516667,0.006987,0.017895,-0.011823,0.116895,0.045478,0.022874,0.161993,0.031284,0.004291
303,2.525000,0.007033,0.017672,-0.011745,0.116878,0.044835,0.022839,0.162094,0.030935,0.004226
304,2.533333,0.007057,0.017393,-0.011674,0.116823,0.044096,0.022878,0.162181,0.030539,0.004309
305,2.541667,0.007060,0.017071,-0.011566,0.116736,0.043383,0.023022,0.162227,0.030132,0.004498
306,2.550000,0.007051,0.016727,-0.011453,0.116633,0.042684,0.023223,0.162274,0.029835,0.004688
307,2.558333,0.007046,0.016362,-0.011213,0.116511,0.041986,0.023411,0.162346,0.029663,0.004905
308,2.566667,0.007036,0.016057,-0.011120,0.116387,0.041388,0.023463,0.162407,0.029552,0.005066
309,2.575000,0.007015,0.015816,-0.010947,0.116321,0.040866,0.023509,0.162464,0.029446,0.005148
310,2.583333,0.006984,0.015623,-0.010838,0.116271,0.040390,0.023400,0.162508,0.029276,0.005077
311,2.591667,0.006962,0.015508,-0.010803,0.116214,0.039868,0.023251,0.162553,0.029087,0.004925
312,2.600000,0.006926,0.015462,-0.010818,0.116177,0.039425,0.023033,0.162580,0.028888,0.004796
313,2.608333,0.006891,0.015462,-0.010830,0.116170,0.039055,0.022861,0.162596,0.028649,0.004537
314,2.616667,0.006862,0.015467,-0.010847,0.116203,0.038744,0.022630,0.162604,0.028322,0.004218
315,2.625000,0.006835,0.015476,-0.010863,0.116284,0.038351,0.022339,0.162626,0.027975,0.003873
316,2.633333,0.006818,0.015477,-0.010841,0.116387,0.038048,0.022169,0.162653,0.027631,0.003504
317,2.641667,0.006815,0.015464,-0.010828,0.116509,0.037805,0.021920,0.162692,0.027352,0.003202
318,2.650000,0.006812,0.015429,-0.010797,0.116585,0.037614,0.021898,0.162720,0.027161,0.003027
319,2.658333,0.006820,0.015363,-0.010784,0.116635,0.037413,0.021869,0.162739,0.027032,0.002981
320,2.666667,0.006840,0.015276,-0.010737,0.116654,0.037242,0.021930,0.162761,0.026940,0.003101
321,2.675000,0.006859,0.015187,-0.010726,0.116642,0.037057,0.022064,0.162767,0.026800,0.003256
322,2.683333,0.006888,0.015116,-0.010733,0.116650,0.036841,0.022282,0.162750,0.026559,0.003485
323,2.691667,0.006927,0.015080,-0.010747,0.116660,0.036578,0.022487,0.162748,0.026268,0.003681
324,2.700000,0.006993,0.015070,-0.010721,0.116722,0.036369,0.022642,0.162756,0.025957,0.003799
325,2.708333,0.007072,0.015078,-0.010708,0.116805,0.036187,0.022817,0.162801,0.025669,0.003952
326,2.716667,0.007175,0.015099,-0.010753,0.116932,0.036022,0.022826,0.162907,0.025445,0.003961
327,2.725000,0.007302,0.015106,-0.010696,0.117109,0.035850,0.022810,0.163040,0.025269,0.003896
328,2.733333,0.007423,0.015106,-0.010650,0.117267,0.035722,0.022837,0.163172,0.025071,0.003808
329,2.741667,0.007528,0.015099,-0.010672,0.117403,0.035571,0.022792,0.163276,0.024842,0.003740
330,2.750000,0.007583,0.015110,-0.010666,0.117511,0.035392,0.022807,0.163365,0.024602,0.003681
331,2.758333,0.007607,0.015115,-0.010675,0.117536,0.035208,0.022910,0.163388,0.024368,0.003791
332,2.766667,0.007587,0.015115,-0.010719,0.117496,0.034985,0.023057,0.163372,0.024093,0.003961
333,2.775000,0.007540,0.015090,-0.010756,0.117444,0.034704,0.023151,0.163311,0.023746,0.004161
334,2.783333,0.007468,0.015039,-0.010775,0.117377,0.034380,0.023278,0.163220,0.023344,0.004293
335,2.791667,0.007413,0.014980,-0.010772,0.117319,0.034133,0.023415,0.163134,0.023030,0.004461
336,2.800000,0.007379,0.014931,-0.010748,0.117277,0.034030,0.023531,0.163086,0.022868,0.004567
337,2.808333,0.007376,0.014952,-0.010749,0.117276,0.034000,0.023640,0.163085,0.022794,0.004664
338,2.816667,0.007397,0.015025,-0.010774,0.117317,0.034000,0.023662,0.163123,0.022735,0.004684
339,2.825000,0.007447,0.015116,-0.010788,0.117420,0.033982,0.023585,0.163214,0.022647,0.004596
340,2.833333,0.007546,0.015230,-0.010803,0.117573,0.034009,0.023444,0.163337,0.022611,0.004380
341,2.841667,0.007651,0.015348,-0.010818,0.117787,0.034109,0.023176,0.163514,0.022685,0.004080
342,2.850000,0.007750,0.015458,-0.010876,0.117998,0.034268,0.022864,0.163691,0.022841,0.003755
343,2.858333,0.007825,0.015556,-0.010922,0.118148,0.034412,0.022661,0.163843,0.022985,0.003422
344,2.866667,0.007857,0.015613,-0.010925,0.118259,0.034494,0.022441,0.163931,0.023081,0.003098
345,2.875000,0.007842,0.015590,-0.010936,0.118298,0.034462,0.022355,0.163944,0.023117,0.002890
346,2.883333,0.007771,0.015496,-0.010939,0.118235,0.034330,0.022397,0.163864,0.023064,0.002862
347,2.891667,0.007652,0.015339,-0.010906,0.118081,0.034111,0.022547,0.163699,0.022942,0.003075
348,2.900000,0.007476,0.015115,-0.010974,0.117824,0.033812,0.022926,0.163484,0.022690,0.003356
349,2.908333,0.007294,0.014865,-0.010927,0.117528,0.033387,0.023289,0.163219,0.022321,0.003850
350,2.916667,0.007091,0.014589,-0.010976,0.117194,0.032913,0.023749,0.162946,0.021916,0.004390
351,2.925000,0.006943,0.014384,-0.010886,0.116903,0.032476,0.024231,0.162692,0.021534,0.004979
352,2.933333,0.006847,0.014211,-0.010847,0.116700,0.032232,0.024607,0.162509,0.021279,0.005494
353,2.941667,0.006815,0.014091,-0.010806,0.116570,0.032086,0.024933,0.162433,0.021128,0.005828
354,2.950000,0.006843,0.014009,-0.010759,0.116582,0.032022,0.025089,0.162448,0.021083,0.006008
355,2.958333,0.006945,0.013952,-0.010720,0.116711,0.032087,0.025048,0.162555,0.021151,0.005980
356,2.966667,0.007085,0.013933,-0.010650,0.116912,0.032250,0.024919,0.162742,0.021323,0.005852
357,2.975000,0.007263,0.013940,-0.010549,0.117179,0.032489,0.024790,0.162984,0.021551,0.005544
358,2.983333,0.007428,0.013943,-0.010472,0.117447,0.032730,0.024503,0.163219,0.021819,0.005180
359,2.991667,0.007562,0.013917,-0.010365,0.117666,0.032921,0.024299,0.163396,0.022046,0.004903
360,3.000000,0.007644,0.013869,-0.010329,0.117829,0.033021,0.024019,0.163533,0.022186,0.004490
361,3.008333,0.007673,0.013769,-0.010236,0.117909,0.033073,0.023886,0.163576,0.022275,0.004202
362,3.016667,0.007636,0.013618,-0.010258,0.117920,0.033068,0.023809,0.163543,0.022331,0.003978
363,3.025000,0.007548,0.013437,-0.010241,0.117859,0.033003,0.023821,0.163434,0.022303,0.003905
364,3.033333,0.007431,0.013238,-0.010113,0.117723,0.032856,0.023946,0.163278,0.022173,0.003848
365,3.041667,0.007295,0.012992,-0.010125,0.117560,0.032600,0.024073,0.163089,0.021990,0.003929
366,3.050000,0.007150,0.012741,-0.010099,0.117382,0.032315,0.024231,0.162910,0.021774,0.004076
367,3.058333,0.007045,0.012513,-0.010047,0.117225,0.032058,0.024405,0.162743,0.021531,0.004200
368,3.066667,0.006963,0.012355,-0.010008,0.117109,0.031877,0.024574,0.162607,0.021343,0.004381
369,3.075000,0.006928,0.012245,-0.009935,0.117069,0.031825,0.024664,0.162525,0.021231,0.004421
370,3.083333,0.006929,0.012189,-0.009866,0.117104,0.031860,0.024620,0.162510,0.021206,0.004317
371,3.091667,0.006956,0.012171,-0.009820,0.117208,0.031949,0.024488,0.162555,0.021255,0.004067
372,3.100000,0.006986,0.012172,-0.009818,0.117337,0.032073,0.024299,0.162635,0.021350,0.003681
373,3.108333,0.007013,0.012190,-0.009815,0.117481,0.032203,0.024019,0.162707,0.021475,0.003303
374,3.116667,0.007023,0.012197,-0.009849,0.117590,0.032336,0.023858,0.162746,0.021573,0.002925
375,3.125000,0.007018,0.012204,-0.009843,0.117642,0.032386,0.023765,0.162746,0.021621,0.002712
376,3.133333,0.006989,0.012185,-0.009831,0.117635,0.032339,0.023709,0.162720,0.021592,0.002608
377,3.141667,0.006942,0.012169,-0.009850,0.117579,0.032204,0.023670,0.162655,0.021479,0.002656
378,3.150000,0.006863,0.012166,-0.009899,0.117470,0.032047,0.023787,0.162556,0.021297,0.002779
379,3.158333,0.006790,0.012180,-0.009917,0.117352,0.031879,0.023922,0.162436,0.021088,0.002981
380,3.166667,0.006732,0.012195,-0.009929,0.117249,0.031741,0.024051,0.162352,0.020943,0.003124
381,3.175000,0.006702,0.012192,-0.009939,0.117207,0.031645,0.024067,0.162304,0.020852,0.003211
382,3.183333,0.006697,0.012186,-0.009952,0.117215,0.031598,0.024033,0.162307,0.020828,0.003173
383,3.191667,0.006723,0.012189,-0.009964,0.117279,0.031587,0.023967,0.162363,0.020823,0.003030
384,3.200000,0.006769,0.012213,-0.009967,0.117370,0.031567,0.023911,0.162429,0.020797,0.002873
385,3.208333,0.006822,0.012247,-0.009973,0.117490,0.031521,0.023751,0.162506,0.020732,0.002715
386,3.216667,0.006885,0.012293,-0.009983,0.117610,0.031488,0.023730,0.162582,0.020649,0.002603
387,3.225000,0.006943,0.012351,-0.009980,0.117727,0.031442,0.023677,0.162664,0.020506,0.002465
388,3.233333,0.007004,0.012420,-0.010006,0.117845,0.031334,0.023601,0.162745,0.020314,0.002319
389,3.241667,0.007057,0.012481,-0.010005,0.117974,0.031189,0.023507,0.162809,0.020080,0.002236
390,3.250000,0.007128,0.012540,-0.009979,0.118120,0.031017,0.023416,0.162899,0.019805,0.002085
391,3.258333,0.007203,0.012258,-0.009893,0.118285,0.030852,0.023222,0.162970,0.019658,0.001771
392,3.266667,0.007258,0.011284,-0.009778,0.118254,0.030496,0.023029,0.162898,0.019825,0.001275
393,3.275000,0.007192,0.009908,-0.009518,0.117891,0.030070,0.023079,0.162622,0.020596,0.000777
394,3.283333,0.006720,0.009242,-0.009302,0.117023,0.029276,0.023303,0.161983,0.020786,0.000979
395,3.291667,0.005875,0.009241,-0.009134,0.116136,0.029100,0.023952,0.161114,0.020333,0.002029
396,3.300000,0.005402,0.009535,-0.009075,0.115528,0.029916,0.024767,0.160436,0.020103,0.003226
397,3.308333,0.005356,0.009462,-0.008784,0.115401,0.029842,0.024941,0.160171,0.019474,0.003499
398,3.316667,0.005453,0.009374,-0.008834,0.115665,0.029143,0.024504,0.160375,0.018828,0.002672
399,3.325000,0.005715,0.009540,-0.008813,0.116268,0.028660,0.023829,0.160948,0.018378,0.001914
400,3.333333,0.006213,0.010039,-0.008733,0.117023,0.028942,0.023319,0.161579,0.018111,0.001243
401,3.341667,0.006697,0.010705,-0.008590,0.117860,0.029511,0.022616,0.162221,0.018175,0.000463
402,3.350000,0.007091,0.011319,-0.008555,0.118707,0.029992,0.021615,0.162953,0.018542,-0.000768
403,3.358333,0.007604,0.011830,-0.008499,0.119580,0.030533,0.020716,0.163757,0.019112,-0.001960
404,3.366667,0.008093,0.012156,-0.008500,0.120327,0.031080,0.019988,0.164473,0.019632,-0.002903
405,3.375000,0.008315,0.012266,-0.008506,0.120720,0.031309,0.019394,0.164863,0.019871,-0.003599
406,3.383333,0.008337,0.012229,-0.008595,0.120789,0.031253,0.019097,0.165011,0.019868,-0.003935
407,3.391667,0.008226,0.012147,-0.008667,0.120615,0.030977,0.019174,0.164967,0.019643,-0.003708
408,3.400000,0.008084,0.012098,-0.008699,0.120329,0.030518,0.019389,0.164845,0.019211,-0.003137
409,3.408333,0.007855,0.012078,-0.008641,0.119905,0.029899,0.019889,0.164602,0.018623,-0.002353
410,3.416667,0.007617,0.011993,-0.008584,0.119457,0.029146,0.020353,0.164339,0.017929,-0.001559
411,3.425000,0.007465,0.011900,-0.008564,0.119115,0.028486,0.020761,0.164164,0.017345,-0.000793
412,3.433333,0.007530,0.011727,-0.008487,0.119022,0.027992,0.020915,0.164212,0.016940,-0.000469
413,3.441667,0.007678,0.011592,-0.008473,0.119122,0.027781,0.020838,0.164376,0.016806,-0.000481
414,3.450000,0.007877,0.011585,-0.008375,0.119348,0.027902,0.020572,0.164660,0.017018,-0.000811
415,3.458333,0.008137,0.011758,-0.008268,0.119702,0.028275,0.020058,0.165037,0.017508,-0.001293
416,3.466667,0.008445,0.012033,-0.008175,0.120085,0.028732,0.019487,0.165496,0.018072,-0.001862
417,3.475000,0.008718,0.012277,-0.008153,0.120508,0.029116,0.019055,0.165945,0.018491,-0.002487
418,3.483333,0.008972,0.012416,-0.008062,0.120840,0.029266,0.018585,0.166303,0.018640,-0.002918
419,3.491667,0.009167,0.012435,-0.008065,0.121078,0.029113,0.018246,0.166620,0.018496,-0.003231
420,3.500000,0.009285,0.012362,-0.008033,0.121129,0.028694,0.018249,0.166808,0.018090,-0.003161
421,3.508333,0.009314,0.012253,-0.007985,0.121062,0.028115,0.018436,0.166858,0.017503,-0.002887
422,3.516667,0.009257,0.012122,-0.007930,0.120833,0.027545,0.018799,0.166809,0.017140,-0.002212
423,3.525000,0.009191,0.012019,-0.007759,0.120608,0.027132,0.019156,0.166750,0.016946,-0.001601
424,3.533333,0.009181,0.011892,-0.007595,0.120489,0.026783,0.019256,0.166715,0.016855,-0.001272
425,3.541667,0.009197,0.011748,-0.007490,0.120462,0.026453,0.019324,0.166751,0.016804,-0.001260
426,3.550000,0.009275,0.011630,-0.007403,0.120530,0.026232,0.019298,0.166857,0.016715,-0.001302
427,3.558333,0.009410,0.011596,-0.007378,0.120662,0.026044,0.019136,0.167051,0.016657,-0.001388
428,3.566667,0.009547,0.011647,-0.007370,0.120794,0.025934,0.019120,0.167155,0.016687,-0.001438
429,3.575000,0.009681,0.011725,-0.007314,0.120941,0.025833,0.019131,0.167273,0.016762,-0.001489
430,3.583333,0.009794,0.011809,-0.007249,0.121044,0.025601,0.019094,0.167356,0.016827,-0.001452
431,3.591667,0.009859,0.011851,-0.007218,0.121108,0.025348,0.019234,0.167382,0.016833,-0.001350
432,3.600000,0.009894,0.011803,-0.007238,0.121138,0.025076,0.019368,0.167400,0.016765,-0.001206
433,3.608333,0.009861,0.011731,-0.007264,0.121092,0.024725,0.019519,0.167466,0.016636,-0.001056
434,3.616667,0.009765,0.011698,-0.007354,0.121011,0.024415,0.019771,0.167395,0.016548,-0.000817
435,3.625000,0.009665,0.011710,-0.007473,0.120915,0.024248,0.019887,0.167363,0.016519,-0.000626
436,3.633333,0.009558,0.011820,-0.007579,0.120759,0.024057,0.020058,0.167375,0.016457,-0.000273
437,3.641667,0.009386,0.011991,-0.007782,0.120379,0.023694,0.020524,0.167420,0.016079,0.000636
438,3.650000,0.009143,0.012224,-0.008090,0.119823,0.023079,0.021160,0.167128,0.015365,0.002116
439,3.658333,0.008888,0.012384,-0.008360,0.119117,0.022439,0.022260,0.166666,0.014490,0.003827
440,3.666667,0.008583,0.012502,-0.008684,0.118188,0.021750,0.023431,0.165998,0.013434,0.005890
441,3.675000,0.008191,0.012634,-0.009027,0.117045,0.021038,0.025054,0.165035,0.012184,0.008439
442,3.683333,0.007736,0.012831,-0.009483,0.115637,0.020215,0.026782,0.163841,0.010788,0.011319
443,3.691667,0.007229,0.013063,-0.009960,0.114074,0.019272,0.028643,0.162443,0.009295,0.014409
444,3.700000,0.006741,0.013272,-0.010387,0.112384,0.018105,0.030339,0.160902,0.007790,0.017601
445,3.708333,0.006233,0.013328,-0.010941,0.110778,0.016873,0.031984,0.159463,0.006423,0.020317
446,3.716667,0.005775,0.013190,-0.011184,0.109399,0.016191,0.033597,0.158160,0.005288,0.022579
447,3.725000,0.005382,0.012960,-0.011372,0.108071,0.015315,0.034921,0.156918,0.004251,0.024585
448,3.733333,0.005058,0.012795,-0.011548,0.106733,0.014549,0.036273,0.155624,0.003284,0.026589
449,3.741667,0.004705,0.012777,-0.011862,0.105261,0.013782,0.037748,0.154160,0.002201,0.028865
450,3.750000,0.004420,0.012898,-0.012231,0.103548,0.013016,0.039434,0.152468,0.000944,0.031440
451,3.758333,0.004197,0.013096,-0.012595,0.101648,0.012158,0.041143,0.150525,-0.000537,0.034290
452,3.766667,0.003939,0.013341,-0.013118,0.099552,0.011244,0.042917,0.148380,-0.002137,0.037409
453,3.775000,0.003708,0.013651,-0.013717,0.097211,0.010307,0.044800,0.145939,-0.003885,0.040693
454,3.783333,0.003464,0.014006,-0.014163,0.094681,0.009352,0.046551,0.143243,-0.005658,0.044102
455,3.791667,0.003175,0.014357,-0.014757,0.091975,0.008482,0.048402,0.140331,-0.007393,0.047562
456,3.800000,0.002849,0.014581,-0.015356,0.089187,0.007539,0.049973,0.137321,-0.009030,0.050814
457,3.808333,0.002498,0.014612,-0.015763,0.086526,0.006490,0.051110,0.134443,-0.010554,0.053664
458,3.816667,0.002052,0.014422,-0.016289,0.084243,0.005454,0.052196,0.132006,-0.011786,0.056032
459,3.825000,0.001676,0.014065,-0.016472,0.082629,0.004519,0.052756,0.130372,-0.012631,0.057592
460,3.833333,0.001301,0.013530,-0.016507,0.081890,0.003890,0.053093,0.129675,-0.012993,0.058198
461,3.841667,0.001083,0.012967,-0.016320,0.081970,0.003631,0.053124,0.129894,-0.012930,0.057903
462,3.850000,0.000992,0.012547,-0.016103,0.082456,0.003944,0.053178,0.130573,-0.012583,0.057214
463,3.858333,0.000993,0.012379,-0.015932,0.083294,0.004255,0.052936,0.131525,-0.012094,0.056211
464,3.866667,0.001070,0.012330,-0.015765,0.084274,0.004618,0.052428,0.132587,-0.011500,0.055222
465,3.875000,0.001207,0.012304,-0.015644,0.085426,0.005138,0.051843,0.133821,-0.010837,0.054082
466,3.883333,0.001380,0.012227,-0.015542,0.086765,0.005640,0.051260,0.135227,-0.010122,0.052713
467,3.891667,0.001592,0.012091,-0.015199,0.088235,0.006163,0.050404,0.136786,-0.009258,0.051103
468,3.900000,0.001766,0.011872,-0.014916,0.089850,0.006838,0.049658,0.138481,-0.008294,0.049294
469,3.908333,0.001921,0.011589,-0.014543,0.091578,0.007561,0.048793,0.140252,-0.007189,0.047252
470,3.916667,0.002062,0.011221,-0.014105,0.093424,0.008420,0.047938,0.142125,-0.005963,0.045020
471,3.925000,0.002268,0.010809,-0.013589,0.095339,0.009264,0.046756,0.144084,-0.004666,0.042494
472,3.933333,0.002546,0.010351,-0.013021,0.097279,0.010040,0.045448,0.146056,-0.003381,0.039804
473,3.941667,0.002849,0.009936,-0.012510,0.099251,0.010887,0.043908,0.148053,-0.002005,0.037009
474,3.950000,0.003213,0.009610,-0.011981,0.101260,0.011924,0.042424,0.150001,-0.000554,0.034080
475,3.958333,0.003656,0.009459,-0.011513,0.103277,0.013036,0.040622,0.151964,0.001024,0.030939
476,3.966667,0.004146,0.009414,-0.011037,0.105260,0.014263,0.038794,0.153823,0.002649,0.027640
477,3.975000,0.004658,0.009463,-0.010623,0.107137,0.015568,0.037002,0.155483,0.004251,0.024573
478,3.983333,0.005170,0.009538,-0.010264,0.108870,0.016802,0.035093,0.156995,0.005768,0.021645
479,3.991667,0.005622,0.009588,-0.009997,0.110386,0.017901,0.033432,0.158269,0.007082,0.018821
480,4.000000,0.006004,0.009664,-0.009839,0.111559,0.018758,0.031945,0.159267,0.008160,0.016546
481,4.008333,0.006273,0.009761,-0.009694,0.112395,0.019432,0.030886,0.159973,0.008933,0.014872
482,4.016667,0.006441,0.009846,-0.009588,0.112906,0.019815,0.030155,0.160380,0.009454,0.013900
483,4.025000,0.006502,0.009854,-0.009455,0.113141,0.019866,0.029663,0.160670,0.009747,0.013239
484,4.033333,0.006471,0.009715,-0.009359,0.113178,0.019726,0.029433,0.160762,0.009876,0.013066
485,4.041667,0.006384,0.009531,-0.009283,0.113089,0.019506,0.029431,0.160741,0.009873,0.013091
486,4.050000,0.006263,0.009380,-0.009257,0.112953,0.019250,0.029584,0.160644,0.009788,0.013258
487,4.058333,0.006112,0.009268,-0.009223,0.112747,0.018920,0.029810,0.160468,0.009651,0.013628
488,4.066667,0.005991,0.009267,-0.009218,0.112399,0.018692,0.030254,0.160177,0.009386,0.014203
489,4.075000,0.005793,0.009427,-0.009412,0.111863,0.018393,0.030869,0.159660,0.008884,0.015331
490,4.083333,0.005527,0.009662,-0.009665,0.111065,0.017884,0.031815,0.158990,0.008183,0.016839
491,4.091667,0.005229,0.009951,-0.009890,0.110010,0.017331,0.033048,0.158017,0.007236,0.018737
492,4.100000,0.004883,0.010235,-0.010281,0.108628,0.016759,0.034699,0.156624,0.005972,0.021211
493,4.108333,0.004487,0.010484,-0.010717,0.106825,0.015925,0.036544,0.154877,0.004370,0.024325
494,4.116667,0.004053,0.010800,-0.011314,0.104616,0.014801,0.038762,0.152711,0.002510,0.028066
495,4.125000,0.003558,0.011207,-0.011999,0.101936,0.013427,0.041127,0.150158,0.000397,0.032174
496,4.133333,0.003059,0.011630,-0.012863,0.098823,0.011891,0.043513,0.147112,-0.001834,0.036689
497,4.141667,0.002585,0.012026,-0.013622,0.095276,0.010251,0.045988,0.143608,-0.004194,0.041415
498,4.150000,0.002025,0.012401,-0.014570,0.091364,0.008513,0.048503,0.139626,-0.006687,0.046226
499,4.158333,0.001462,0.012676,-0.015476,0.087327,0.006762,0.050620,0.135347,-0.009150,0.050785
500,4.166667,0.000888,0.012817,-0.016160,0.083376,0.005195,0.052702,0.131028,-0.011371,0.055009
501,4.175000,0.000267,0.012814,-0.016730,0.079882,0.003873,0.054345,0.127234,-0.013152,0.058378
502,4.183333,-0.000283,0.012611,-0.017247,0.077095,0.002738,0.055524,0.124226,-0.014472,0.060829
503,4.191667,-0.000703,0.012360,-0.017432,0.075001,0.001998,0.056441,0.122011,-0.015376,0.062499
504,4.200000,-0.000986,0.012129,-0.017539,0.073652,0.001545,0.057092,0.120558,-0.015941,0.063538
505,4.208333,-0.001235,0.011951,-0.017812,0.073020,0.001315,0.057288,0.119928,-0.016140,0.063841
506,4.216667,-0.001335,0.011869,-0.017897,0.072940,0.001359,0.057227,0.119835,-0.016171,0.063669
507,4.225000,-0.001334,0.011868,-0.017887,0.073289,0.001777,0.057034,0.120144,-0.016010,0.063163
508,4.233333,-0.001308,0.011866,-0.017802,0.074139,0.002374,0.056811,0.120988,-0.015528,0.062206
509,4.241667,-0.001268,0.011784,-0.017571,0.075699,0.003129,0.056412,0.122658,-0.014682,0.060623
510,4.250000,-0.001238,0.011471,-0.017031,0.078035,0.003917,0.055669,0.125257,-0.013436,0.058507
511,4.258333,-0.001144,0.010982,-0.016478,0.081047,0.004559,0.054452,0.128640,-0.011793,0.055686
512,4.266667,-0.000866,0.010408,-0.015808,0.084383,0.005523,0.052930,0.132305,-0.009936,0.052308
513,4.275000,-0.000451,0.009857,-0.015119,0.087912,0.006676,0.051187,0.136034,-0.007912,0.048609
514,4.283333,0.000159,0.009421,-0.014337,0.091351,0.007919,0.049148,0.139618,-0.005844,0.044742
515,4.291667,0.000859,0.009094,-0.013615,0.094578,0.009246,0.046868,0.142951,-0.003791,0.040849
516,4.300000,0.001577,0.008952,-0.013110,0.097597,0.010570,0.044592,0.145975,-0.001787,0.036949
517,4.308333,0.002280,0.008949,-0.012550,0.100408,0.011938,0.042189,0.148750,0.000188,0.033165
518,4.316667,0.003017,0.009054,-0.012163,0.102944,0.013329,0.039840,0.151166,0.002062,0.029462
519,4.325000,0.003726,0.009200,-0.011713,0.105206,0.014762,0.037616,0.153243,0.003788,0.025888
520,4.333333,0.004380,0.009366,-0.011402,0.107218,0.016057,0.035458,0.155108,0.005381,0.022545
521,4.341667,0.004975,0.009522,-0.011170,0.108954,0.017182,0.033513,0.156695,0.006865,0.019582
522,4.350000,0.005478,0.009643,-0.010964,0.110403,0.018140,0.031655,0.158059,0.008171,0.016952
523,4.358333,0.005931,0.009734,-0.010726,0.111537,0.018874,0.030104,0.159167,0.009267,0.014680
524,4.366667,0.006231,0.009792,-0.010651,0.112375,0.019422,0.028867,0.159938,0.010105,0.012984
525,4.375000,0.006399,0.009841,-0.010599,0.112893,0.019813,0.028122,0.160412,0.010621,0.011890
526,4.383333,0.006433,0.009873,-0.010621,0.113092,0.019927,0.027691,0.160627,0.010822,0.011314
527,4.391667,0.006346,0.009906,-0.010649,0.112969,0.019805,0.027734,0.160575,0.010755,0.011407
528,4.400000,0.006144,0.009934,-0.010757,0.112644,0.019365,0.028024,0.160378,0.010551,0.011972
529,4.408333,0.005897,0.009940,-0.010876,0.112164,0.018764,0.028488,0.160090,0.010197,0.012841
530,4.416667,0.005617,0.009965,-0.011146,0.111360,0.018084,0.029326,0.159493,0.009527,0.014389
531,4.425000,0.005318,0.010049,-0.011289,0.110349,0.017276,0.030386,0.158684,0.008603,0.016302
532,4.433333,0.004970,0.010137,-0.011598,0.109141,0.016343,0.031644,0.157722,0.007509,0.018487
533,4.441667,0.004623,0.010241,-0.011975,0.107695,0.015428,0.033224,0.156455,0.006191,0.021105
534,4.450000,0.004295,0.010477,-0.012309,0.105922,0.014502,0.035002,0.154784,0.004620,0.024301
535,4.458333,0.003890,0.010831,-0.012928,0.103768,0.013557,0.037193,0.152716,0.002825,0.027831
536,4.466667,0.003520,0.011284,-0.013455,0.101267,0.012457,0.039483,0.150215,0.000789,0.031795
537,4.475000,0.003083,0.011740,-0.014213,0.098413,0.011290,0.041995,0.147289,-0.001387,0.036094
538,4.483333,0.002685,0.012099,-0.014821,0.095260,0.009921,0.044444,0.144059,-0.003653,0.040506
539,4.491667,0.002131,0.012291,-0.015435,0.092161,0.008298,0.046603,0.140857,-0.005751,0.044663
540,4.500000,0.001645,0.012142,-0.015679,0.089488,0.006619,0.048374,0.138174,-0.007449,0.047980
541,4.508333,0.001225,0.011708,-0.015963,0.087563,0.005216,0.049612,0.136253,-0.008492,0.050243
542,4.516667,0.000890,0.011258,-0.015851,0.086281,0.004487,0.050535,0.134978,-0.009166,0.051497
543,4.525000,0.000556,0.010974,-0.015956,0.085441,0.004442,0.051422,0.134037,-0.009591,0.052215
544,4.533333,0.000374,0.010924,-0.015954,0.084961,0.004467,0.051936,0.133475,-0.009777,0.052615
545,4.541667,0.000302,0.011004,-0.016031,0.084862,0.004511,0.051949,0.133310,-0.009751,0.052403
546,4.550000,0.000358,0.011228,-0.016124,0.084909,0.004989,0.052039,0.133296,-0.009625,0.051952
547,4.558333,0.000457,0.011566,-0.016169,0.085222,0.005688,0.051984,0.133305,-0.009379,0.051402
548,4.566667,0.000535,0.011882,-0.016177,0.085908,0.006640,0.051938,0.133671,-0.008918,0.050292
549,4.575000,0.000710,0.012048,-0.015943,0.087067,0.007602,0.051593,0.134666,-0.008117,0.048625
550,4.583333,0.000864,0.011950,-0.015678,0.088817,0.008521,0.050880,0.136240,-0.006996,0.046388
551,4.591667,0.001031,0.011606,-0.015309,0.090990,0.009546,0.049953,0.138291,-0.005603,0.043593
552,4.600000,0.001334,0.011152,-0.014895,0.093433,0.010634,0.048592,0.140622,-0.004005,0.040446
553,4.608333,0.001774,0.010707,-0.014193,0.096010,0.011745,0.046986,0.142997,-0.002293,0.037083
554,4.616667,0.002229,0.010325,-0.013662,0.098544,0.012916,0.045348,0.145290,-0.000558,0.033746
555,4.625000,0.002742,0.010127,-0.013120,0.100881,0.014057,0.043425,0.147441,0.001118,0.030528
556,4.633333,0.003220,0.010043,-0.012756,0.103057,0.015164,0.041518,0.149385,0.002703,0.027460
557,4.641667,0.003703,0.010026,-0.012417,0.105082,0.016332,0.039588,0.151198,0.004232,0.024359
558,4.650000,0.004219,0.010015,-0.012033,0.106972,0.017420,0.037533,0.152893,0.005738,0.021452
559,4.658333,0.004690,0.010007,-0.011946,0.108670,0.018486,0.035529,0.154461,0.007157,0.018520
560,4.666667,0.005170,0.010061,-0.011642,0.110193,0.019520,0.033624,0.155792,0.008448,0.015800
561,4.675000,0.005557,0.010127,-0.011527,0.111478,0.020442,0.031812,0.156949,0.009642,0.013453
562,4.683333,0.005923,0.010191,-0.011336,0.112579,0.021241,0.030142,0.157985,0.010720,0.011114
563,4.691667,0.006218,0.010174,-0.011225,0.113510,0.021921,0.028611,0.158856,0.011724,0.009081
564,4.700000,0.006438,0.010154,-0.011182,0.114254,0.022512,0.027311,0.159528,0.012578,0.007226
565,4.708333,0.006604,0.010126,-0.011109,0.114791,0.022990,0.026207,0.159988,0.013244,0.005802
566,4.716667,0.006700,0.010090,-0.011061,0.115162,0.023331,0.025395,0.160289,0.013763,0.004719
567,4.725000,0.006739,0.010084,-0.011029,0.115405,0.023596,0.024926,0.160432,0.014133,0.003993
568,4.733333,0.006693,0.010116,-0.011078,0.115444,0.023729,0.024727,0.160437,0.014298,0.003655
569,4.741667,0.006566,0.010192,-0.011137,0.115270,0.023674,0.024805,0.160325,0.014249,0.003854
570,4.750000,0.006328,0.010340,-0.011255,0.114853,0.023237,0.025217,0.160057,0.013933,0.004538
571,4.758333,0.006062,0.010536,-0.011491,0.114056,0.022668,0.026078,0.159506,0.013186,0.006072
572,4.766667,0.005741,0.010778,-0.011924,0.112897,0.021950,0.027527,0.158620,0.012012,0.008505
573,4.775000,0.005376,0.011054,-0.012312,0.111349,0.020944,0.029443,0.157445,0.010516,0.011534
574,4.783333,0.004938,0.011379,-0.012822,0.109391,0.019785,0.031682,0.155866,0.008674,0.015216
575,4.791667,0.004491,0.011803,-0.013400,0.106919,0.018533,0.034449,0.153727,0.006461,0.019733
576,4.800000,0.003996,0.012287,-0.014222,0.103891,0.017054,0.037495,0.151000,0.003901,0.024946
577,4.808333,0.003514,0.012821,-0.014916,0.100328,0.015240,0.040748,0.147677,0.001060,0.030689
578,4.816667,0.002923,0.013288,-0.015808,0.096286,0.013055,0.043954,0.143789,-0.001968,0.036613
579,4.825000,0.002295,0.013569,-0.016714,0.091849,0.010602,0.046909,0.139452,-0.004989,0.042560
580,4.833333,0.001664,0.013529,-0.017604,0.087208,0.008108,0.049657,0.134824,-0.007892,0.048249
581,4.841667,0.000938,0.013281,-0.018565,0.082458,0.005814,0.052142,0.129935,-0.010654,0.053513
582,4.850000,0.000231,0.012971,-0.019421,0.077811,0.003828,0.054308,0.124978,-0.013140,0.058291
583,4.858333,-0.000419,0.012736,-0.019977,0.073688,0.002064,0.056018,0.120355,-0.015294,0.062417
584,4.866667,-0.000948,0.012396,-0.019962,0.070493,0.000653,0.057448,0.116755,-0.017003,0.065273
585,4.875000,-0.001368,0.011861,-0.019963,0.068220,-0.000246,0.058416,0.114386,-0.018084,0.067104
586,4.883333,-0.001602,0.011361,-0.019853,0.067129,-0.000744,0.059054,0.113319,-0.018516,0.067864
587,4.891667,-0.001753,0.011024,-0.019733,0.067058,-0.000886,0.059176,0.113359,-0.018501,0.067814
588,4.900000,-0.001838,0.010889,-0.019646,0.067537,-0.000471,0.059244,0.113947,-0.018186,0.067168
589,4.908333,-0.001793,0.010953,-0.019405,0.068599,0.000251,0.059162,0.115049,-0.017612,0.066040
590,4.916667,-0.001673,0.011041,-0.019146,0.070397,0.001155,0.058830,0.116913,-0.016636,0.064412
591,4.925000,-0.001489,0.011005,-0.018845,0.072913,0.002131,0.058068,0.119651,-0.015325,0.062146
592,4.933333,-0.001225,0.010889,-0.018477,0.075764,0.003478,0.057272,0.122825,-0.013886,0.059435
593,4.941667,-0.000807,0.010761,-0.017888,0.079069,0.004480,0.055977,0.126300,-0.012219,0.056343
594,4.950000,-0.000401,0.010547,-0.017342,0.082548,0.005696,0.054410,0.129951,-0.010349,0.053136
595,4.958333,0.000151,0.010314,-0.016751,0.086136,0.007024,0.052707,0.133748,-0.008374,0.049354
596,4.966667,0.000718,0.010010,-0.016048,0.089768,0.008446,0.050500,0.137471,-0.006280,0.045467
597,4.975000,0.001348,0.009730,-0.015449,0.093276,0.009938,0.048128,0.141126,-0.004102,0.041237
598,4.983333,0.002029,0.009521,-0.014862,0.096645,0.011398,0.045326,0.144548,-0.001942,0.036831
599,4.991667,0.002733,0.009424,-0.014332,0.099799,0.012949,0.042464,0.147713,0.000307,0.032351
600,5.000000,0.003450,0.009428,-0.013899,0.102709,0.014536,0.039531,0.150578,0.002554,0.027800
601,5.008333,0.004133,0.009474,-0.013702,0.105353,0.016054,0.036634,0.153065,0.004752,0.023395
602,5.016667,0.004789,0.009620,-0.013584,0.107677,0.017514,0.033776,0.155218,0.006808,0.019059
603,5.025000,0.005411,0.009869,-0.013425,0.109623,0.018849,0.031283,0.156980,0.008635,0.015220
604,5.033333,0.005912,0.010151,-0.013505,0.111173,0.020014,0.028981,0.158298,0.010163,0.012073
605,5.041667,0.006308,0.010402,-0.013583,0.112329,0.020983,0.027233,0.159275,0.011388,0.009514
606,5.050000,0.006594,0.010612,-0.013737,0.113152,0.021667,0.025813,0.159939,0.012268,0.007603
607,5.058333,0.006751,0.010784,-0.013874,0.113603,0.022151,0.024989,0.160285,0.012813,0.006440
608,5.066667,0.006773,0.010904,-0.013954,0.113718,0.022341,0.024736,0.160342,0.012991,0.006063
609,5.075000,0.006671,0.010927,-0.013938,0.113574,0.022277,0.024789,0.160255,0.012951,0.006252
610,5.083333,0.006489,0.010790,-0.013928,0.113293,0.021913,0.025102,0.160090,0.012771,0.006768
611,5.091667,0.006312,0.010575,-0.013887,0.112763,0.021421,0.025779,0.159725,0.012362,0.007743
612,5.100000,0.006096,0.010402,-0.013916,0.112022,0.020796,0.026675,0.159119,0.011712,0.009183
613,5.108333,0.005772,0.010342,-0.014135,0.110962,0.020068,0.027986,0.158248,0.010784,0.011052
614,5.116667,0.005392,0.010445,-0.014222,0.109545,0.019267,0.029728,0.156995,0.009501,0.013762
615,5.125000,0.004963,0.010672,-0.014613,0.107819,0.018406,0.031739,0.155472,0.007890,0.017026
616,5.133333,0.004499,0.010980,-0.014977,0.105703,0.017459,0.034108,0.153565,0.006024,0.020931
617,5.141667,0.004028,0.011264,-0.015474,0.103312,0.016191,0.036589,0.151455,0.004009,0.025176
618,5.150000,0.003584,0.011534,-0.015936,0.100608,0.014638,0.039046,0.148995,0.001757,0.029526
619,5.158333,0.003135,0.011776,-0.016632,0.097626,0.012799,0.041511,0.146160,-0.000642,0.034013
620,5.166667,0.002695,0.012071,-0.017294,0.094234,0.010780,0.043916,0.142910,-0.002992,0.038777
621,5.175000,0.002173,0.012366,-0.018040,0.090484,0.008758,0.046215,0.139123,-0.005433,0.043657
622,5.183333,0.001668,0.012598,-0.018670,0.086519,0.006803,0.048419,0.134984,-0.007897,0.048501
623,5.191667,0.001109,0.012670,-0.019418,0.082677,0.005231,0.050415,0.130822,-0.010176,0.053029
624,5.200000,0.000526,0.012494,-0.020065,0.079436,0.003754,0.052018,0.127224,-0.012053,0.056473
625,5.208333,0.000116,0.012199,-0.020033,0.077408,0.002604,0.052863,0.124972,-0.013183,0.058601
626,5.216667,-0.000216,0.011628,-0.019881,0.076912,0.002128,0.053426,0.124469,-0.013457,0.059142
627,5.225000,-0.000424,0.010952,-0.019425,0.077400,0.002319,0.053574,0.125201,-0.013217,0.058450
628,5.233333,-0.000493,0.010456,-0.019027,0.078639,0.003281,0.053586,0.126527,-0.012497,0.057032
629,5.241667,-0.000445,0.010213,-0.018481,0.080734,0.004207,0.053026,0.128740,-0.011301,0.054780
630,5.250000,-0.000257,0.010029,-0.018031,0.083388,0.005204,0.051772,0.131724,-0.009719,0.051636
631,5.258333,0.000145,0.009877,-0.017507,0.086463,0.006492,0.050079,0.134976,-0.007882,0.048090
632,5.266667,0.000649,0.009842,-0.017002,0.089724,0.008116,0.048246,0.138300,-0.005909,0.044185
633,5.275000,0.001291,0.009905,-0.016484,0.093212,0.009871,0.045820,0.141717,-0.003678,0.039878
634,5.283333,0.002014,0.010014,-0.015838,0.096861,0.011813,0.043132,0.145247,-0.001211,0.035054
635,5.291667,0.002862,0.010109,-0.015246,0.100469,0.013870,0.040098,0.148705,0.001403,0.029812
636,5.300000,0.003806,0.010274,-0.014722,0.103893,0.015908,0.036915,0.151906,0.004082,0.024590
637,5.308333,0.004740,0.010493,-0.014355,0.106995,0.017782,0.033525,0.154748,0.006634,0.019461
638,5.316667,0.005641,0.010740,-0.014031,0.109695,0.019435,0.030280,0.157197,0.009033,0.014723
639,5.325000,0.006489,0.010960,-0.013838,0.112012,0.020826,0.027059,0.159291,0.011173,0.010264
640,5.333333,0.007226,0.011152,-0.013854,0.113877,0.021951,0.024276,0.160961,0.013012,0.006425
641,5.341667,0.007849,0.011320,-0.013934,0.115248,0.022932,0.021932,0.162165,0.014558,0.003196
642,5.350000,0.008304,0.011428,-0.014246,0.116259,0.023746,0.020177,0.163007,0.015761,0.000661
643,5.358333,0.008667,0.011521,-0.014346,0.116996,0.024322,0.018629,0.163586,0.016778,-0.001374
644,5.366667,0.008908,0.011486,-0.014542,0.117502,0.024836,0.017649,0.163952,0.017580,-0.002999
645,5.375000,0.009047,0.011435,-0.014678,0.117914,0.025228,0.016698,0.164186,0.018222,-0.004454
646,5.383333,0.009140,0.011337,-0.014733,0.118163,0.025559,0.016035,0.164288,0.018730,-0.005435
647,5.391667,0.009155,0.011267,-0.014764,0.118313,0.025797,0.015540,0.164263,0.019028,-0.006091
648,5.400000,0.009095,0.011229,-0.014694,0.118276,0.025853,0.015461,0.164153,0.019118,-0.006316
649,5.408333,0.008971,0.011202,-0.014643,0.118085,0.025747,0.015720,0.164024,0.019049,-0.006116
650,5.416667,0.008783,0.011172,-0.014705,0.117756,0.025248,0.015896,0.163798,0.018822,-0.005572
651,5.425000,0.008531,0.011190,-0.014902,0.117220,0.024659,0.016689,0.163434,0.018369,-0.004466
652,5.433333,0.008229,0.011260,-0.015177,0.116409,0.023901,0.017602,0.162887,0.017491,-0.002585
653,5.441667,0.007867,0.011419,-0.015397,0.115155,0.022981,0.019441,0.162047,0.016173,0.000172
654,5.450000,0.007402,0.011654,-0.015856,0.113440,0.021773,0.021780,0.160809,0.014349,0.003997
655,5.458333,0.006891,0.011980,-0.016365,0.111199,0.020363,0.024582,0.159095,0.012045,0.008778
656,5.466667,0.006330,0.012324,-0.016914,0.108490,0.018762,0.027804,0.156905,0.009368,0.014173
657,5.475000,0.005739,0.012601,-0.017569,0.105533,0.016885,0.031001,0.154297,0.006555,0.019953
658,5.483333,0.005122,0.012654,-0.018083,0.102563,0.014927,0.034051,0.151580,0.003925,0.025310
659,5.491667,0.004544,0.012460,-0.018254,0.099861,0.013097,0.036694,0.149095,0.001770,0.029688
660,5.500000,0.003998,0.012047,-0.018404,0.097569,0.011488,0.038985,0.146878,0.000040,0.033201
661,5.508333,0.003538,0.011656,-0.018404,0.095395,0.010092,0.040932,0.144747,-0.001461,0.036187
662,5.516667,0.003058,0.011496,-0.018616,0.093121,0.008994,0.042896,0.142427,-0.003007,0.039187
663,5.525000,0.002642,0.011621,-0.018750,0.090653,0.008088,0.044872,0.139788,-0.004647,0.042398
664,5.533333,0.002223,0.011975,-0.019232,0.088075,0.007107,0.046433,0.137009,-0.006348,0.045580
665,5.541667,0.001883,0.012395,-0.019716,0.085328,0.006133,0.047958,0.134071,-0.008010,0.048892
666,5.550000,0.001510,0.012849,-0.020362,0.082528,0.005223,0.049266,0.130971,-0.009770,0.051972
667,5.558333,0.001197,0.013139,-0.020843,0.079945,0.004390,0.050456,0.127981,-0.011288,0.055094
668,5.566667,0.000891,0.013153,-0.021237,0.078161,0.003705,0.051258,0.125820,-0.012378,0.057181
669,5.575000,0.000623,0.012920,-0.021085,0.077648,0.003231,0.051692,0.125174,-0.012745,0.057761
670,5.583333,0.000602,0.012296,-0.020741,0.077985,0.003169,0.051978,0.125792,-0.012598,0.057384
671,5.591667,0.000633,0.011773,-0.020440,0.078677,0.003773,0.052179,0.126800,-0.012266,0.056559
672,5.600000,0.000604,0.011352,-0.019793,0.080189,0.004312,0.051935,0.128500,-0.011486,0.054815
673,5.608333,0.000598,0.010853,-0.019316,0.082534,0.004924,0.050888,0.131222,-0.010147,0.052386
674,5.616667,0.000817,0.010334,-0.018443,0.085717,0.005889,0.049511,0.134696,-0.008258,0.048959
675,5.625000,0.001199,0.009866,-0.017778,0.089272,0.007291,0.047684,0.138465,-0.006004,0.044647
676,5.633333,0.001793,0.009671,-0.017121,0.092803,0.008938,0.045446,0.142052,-0.003631,0.039930
677,5.641667,0.002436,0.009765,-0.016770,0.096054,0.010722,0.042881,0.145201,-0.001294,0.035286
678,5.650000,0.003141,0.010129,-0.016645,0.099013,0.012542,0.040192,0.147934,0.000884,0.030900
679,5.658333,0.003925,0.010637,-0.016503,0.101717,0.014405,0.037442,0.150390,0.002919,0.026571
680,5.666667,0.004721,0.011139,-0.016431,0.104283,0.016154,0.034693,0.152689,0.004959,0.022403
681,5.675000,0.005491,0.011572,-0.016312,0.106630,0.017848,0.031953,0.154823,0.006976,0.018387
682,5.683333,0.006205,0.011875,-0.016308,0.108797,0.019325,0.029312,0.156773,0.008877,0.014350
683,5.691667,0.006856,0.012001,-0.016316,0.110711,0.020598,0.026756,0.158497,0.010730,0.010727
684,5.700000,0.007432,0.012002,-0.016264,0.112382,0.021595,0.024322,0.159980,0.012407,0.007253
685,5.708333,0.007933,0.011895,-0.016359,0.113669,0.022386,0.022283,0.161143,0.013869,0.004292
686,5.716667,0.008263,0.011804,-0.016517,0.114550,0.022892,0.020761,0.161912,0.014949,0.002033
687,5.725000,0.008431,0.011785,-0.016869,0.114995,0.023166,0.019837,0.162291,0.015596,0.000843
688,5.733333,0.008458,0.011808,-0.017124,0.115095,0.023236,0.019486,0.162374,0.015807,0.000367
689,5.741667,0.008342,0.011802,-0.017208,0.115007,0.023040,0.019367,0.162349,0.015832,0.000352
690,5.750000,0.008146,0.011648,-0.017138,0.114816,0.022716,0.019476,0.162223,0.015764,0.000557
691,5.758333,0.007937,0.011393,-0.017136,0.114556,0.022238,0.019820,0.162077,0.015676,0.000836
692,5.766667,0.007686,0.011128,-0.017238,0.114213,0.021738,0.020041,0.161870,0.015523,0.001254
693,5.775000,0.007439,0.010999,-0.017304,0.113615,0.021160,0.020695,0.161485,0.015121,0.002278
694,5.783333,0.007154,0.010993,-0.017353,0.112697,0.020525,0.021729,0.160768,0.014294,0.004023
695,5.791667,0.006793,0.011066,-0.017655,0.111546,0.019765,0.023110,0.159819,0.013145,0.006275
696,5.800000,0.006467,0.011147,-0.017785,0.110227,0.018873,0.024712,0.158825,0.011895,0.008850
697,5.808333,0.006093,0.011277,-0.018003,0.108731,0.017962,0.026544,0.157563,0.010492,0.011823
698,5.816667,0.005719,0.011470,-0.018266,0.106946,0.017101,0.028643,0.156013,0.008811,0.015173
699,5.825000,0.005377,0.011771,-0.018563,0.104800,0.016197,0.031078,0.154012,0.006823,0.019297
700,5.833333,0.004943,0.012185,-0.019003,0.102248,0.015060,0.033775,0.151601,0.004493,0.023887
701,5.841667,0.004512,0.012619,-0.019243,0.099346,0.013753,0.036630,0.148723,0.002024,0.028826
702,5.850000,0.004000,0.013008,-0.019814,0.096071,0.012010,0.039498,0.145508,-0.000571,0.033972
703,5.858333,0.003455,0.013261,-0.020327,0.092434,0.010014,0.042186,0.141864,-0.003249,0.039252
704,5.866667,0.002869,0.013362,-0.020604,0.088539,0.008001,0.044843,0.137828,-0.005880,0.044526
705,5.875000,0.002199,0.013209,-0.021229,0.084534,0.006034,0.047356,0.133559,-0.008448,0.049700
706,5.883333,0.001551,0.012808,-0.021653,0.080460,0.004156,0.049569,0.129132,-0.010937,0.054406
707,5.891667,0.001007,0.012357,-0.021885,0.076452,0.002366,0.051707,0.124658,-0.013256,0.058863
708,5.900000,0.000485,0.011893,-0.021951,0.072662,0.000685,0.053368,0.120364,-0.015384,0.062790
709,5.908333,-0.000038,0.011363,-0.021958,0.069346,-0.000918,0.054904,0.116501,-0.017265,0.066010
710,5.916667,-0.000592,0.010877,-0.021801,0.066785,-0.002134,0.056036,0.113562,-0.018653,0.068490
711,5.925000,-0.001057,0.010253,-0.021474,0.065344,-0.003164,0.056853,0.111969,-0.019456,0.069975
712,5.933333,-0.001386,0.009576,-0.021180,0.065117,-0.003747,0.057144,0.111872,-0.019632,0.070344
713,5.941667,-0.001611,0.009006,-0.020683,0.065748,-0.003597,0.057328,0.112812,-0.019313,0.069835
714,5.950000,-0.001674,0.008631,-0.020365,0.067422,-0.002849,0.057241,0.114871,-0.018468,0.068345
715,5.958333,-0.001594,0.008423,-0.019967,0.069699,-0.002106,0.056569,0.117736,-0.017223,0.066163
716,5.966667,-0.001358,0.008404,-0.019618,0.072230,-0.000737,0.056009,0.120861,-0.015786,0.063314
717,5.975000,-0.001059,0.008653,-0.019341,0.074959,0.000954,0.055320,0.123868,-0.014275,0.059989
718,5.983333,-0.000629,0.009020,-0.019065,0.077920,0.002724,0.054203,0.126969,-0.012610,0.056652
719,5.991667,-0.000216,0.009378,-0.018787,0.081146,0.004909,0.053291,0.130150,-0.010766,0.052962
720,6.000000,0.000322,0.009608,-0.018301,0.084846,0.007015,0.051833,0.133813,-0.008525,0.049127
721,6.008333,0.000895,0.009571,-0.017864,0.088639,0.007759,0.048862,0.137673,-0.006268,0.045019
722,6.016667,0.001451,0.009331,-0.017488,0.092246,0.008828,0.045907,0.141628,-0.003860,0.040361
723,6.025000,0.002187,0.009234,-0.017144,0.095683,0.010418,0.043035,0.145097,-0.001421,0.035597
724,6.033333,0.002921,0.009362,-0.016678,0.098771,0.012432,0.040255,0.148013,0.000937,0.031008
725,6.041667,0.003564,0.009622,-0.016422,0.101564,0.014434,0.037500,0.150597,0.003195,0.026325
726,6.050000,0.004083,0.009847,-0.016372,0.104038,0.016130,0.034685,0.152866,0.005415,0.021927
727,6.058333,0.004585,0.010045,-0.016137,0.106222,0.017655,0.031744,0.154839,0.007494,0.017636
728,6.066667,0.005060,0.010195,-0.016227,0.108126,0.019172,0.029083,0.156555,0.009481,0.013534
729,6.075000,0.005494,0.010410,-0.016074,0.109725,0.020710,0.026787,0.157908,0.011432,0.010095
730,6.083333,0.005780,0.010638,-0.016089,0.110933,0.022243,0.024845,0.158968,0.013393,0.007352
731,6.091667,0.006045,0.010946,-0.016126,0.111756,0.023754,0.023523,0.159760,0.015240,0.005476
732,6.100000,0.006156,0.011248,-0.016122,0.112247,0.025159,0.022560,0.160255,0.016817,0.004306
733,6.108333,0.006175,0.011549,-0.016181,0.112473,0.026320,0.022009,0.160508,0.018072,0.003807
734,6.116667,0.006119,0.011775,-0.016227,0.112462,0.027226,0.021911,0.160556,0.019008,0.003826
735,6.125000,0.006040,0.011914,-0.016262,0.112274,0.027912,0.022128,0.160485,0.019702,0.004199
736,6.133333,0.005948,0.011947,-0.016233,0.112060,0.028453,0.022363,0.160355,0.020401,0.004640
737,6.141667,0.005923,0.011840,-0.016000,0.112025,0.028981,0.022370,0.160399,0.021513,0.004818
738,6.150000,0.006024,0.011573,-0.015578,0.112308,0.029770,0.022077,0.160695,0.022988,0.004379
739,6.158333,0.006271,0.011196,-0.015238,0.112815,0.030550,0.021473,0.161164,0.024576,0.003348
740,6.166667,0.006564,0.010794,-0.014960,0.113494,0.031202,0.020670,0.161683,0.026001,0.001755
741,6.175000,0.006854,0.010481,-0.014615,0.114168,0.031596,0.019555,0.162211,0.027118,0.000044
742,6.183333,0.007101,0.010333,-0.014468,0.114736,0.031724,0.018686,0.162654,0.027796,-0.001447
743,6.191667,0.007271,0.010363,-0.014462,0.115193,0.031626,0.017786,0.162952,0.027817,-0.002537
744,6.200000,0.007361,0.010511,-0.014532,0.115549,0.031215,0.017206,0.163130,0.027076,-0.003368
745,6.208333,0.007349,0.010738,-0.014515,0.115742,0.030344,0.016839,0.163153,0.025457,-0.003901
746,6.216667,0.007257,0.010966,-0.014579,0.115766,0.029018,0.016780,0.162979,0.023046,-0.004055
747,6.225000,0.007109,0.011169,-0.014660,0.115596,0.027257,0.017020,0.162640,0.020051,-0.003968
748,6.233333,0.006938,0.011279,-0.014844,0.115259,0.025092,0.017269,0.162430,0.017331,-0.003318
749,6.241667,0.006724,0.011226,-0.015107,0.114615,0.022924,0.017625,0.162337,0.016803,-0.001583
750,6.250000,0.006602,0.011047,-0.015277,0.114118,0.022079,0.018385,0.162211,0.016216,-0.000127
751,6.258333,0.006502,0.010723,-0.015391,0.113673,0.021485,0.019119,0.162052,0.015798,0.000874
752,6.266667,0.006339,0.010410,-0.015385,0.113077,0.020880,0.019949,0.161674,0.015296,0.002004
753,6.275000,0.006038,0.010166,-0.015338,0.112271,0.019968,0.021197,0.161041,0.014437,0.003829
754,6.283333,0.005639,0.009992,-0.015513,0.111114,0.018967,0.022783,0.160127,0.013208,0.006311
755,6.291667,0.005223,0.009979,-0.015685,0.109666,0.017993,0.024691,0.158895,0.011730,0.009380
756,6.300000,0.004746,0.010079,-0.015894,0.107843,0.016937,0.026981,0.157333,0.009991,0.012956
757,6.308333,0.004292,0.010241,-0.016236,0.105548,0.015795,0.029638,0.155212,0.007862,0.017298
758,6.316667,0.003797,0.010457,-0.016645,0.102882,0.014657,0.032665,0.152642,0.005453,0.022222
759,6.325000,0.003232,0.010630,-0.017105,0.099914,0.013199,0.035640,0.149849,0.002929,0.027233
760,6.333333,0.002675,0.010708,-0.017624,0.096745,0.011367,0.038498,0.146844,0.000357,0.032296
761,6.341667,0.002071,0.010668,-0.017982,0.093466,0.009199,0.041118,0.143738,-0.002137,0.037318
762,6.350000,0.001520,0.010473,-0.018535,0.090122,0.006973,0.043382,0.140452,-0.004536,0.042154
763,6.358333,0.001048,0.010264,-0.018772,0.086773,0.004933,0.045514,0.136983,-0.006774,0.046817
764,6.366667,0.000551,0.010065,-0.019138,0.083481,0.003278,0.047583,0.133396,-0.008928,0.051029
765,6.375000,0.000105,0.009878,-0.019234,0.080438,0.002105,0.049527,0.129994,-0.010816,0.054621
766,6.383333,-0.000350,0.009620,-0.019330,0.078031,0.001264,0.051220,0.127185,-0.012287,0.057406
767,6.391667,-0.000666,0.009269,-0.019225,0.076583,0.000578,0.052198,0.125475,-0.013180,0.059059
768,6.400000,-0.000902,0.008785,-0.018955,0.076361,0.000193,0.052631,0.125193,-0.013365,0.059352
769,6.408333,-0.000960,0.008301,-0.018825,0.077000,0.000339,0.052548,0.125971,-0.012976,0.058602
770,6.416667,-0.000839,0.008084,-0.018576,0.078406,0.001179,0.052095,0.127538,-0.012080,0.057037
771,6.425000,-0.000656,0.008130,-0.018284,0.080593,0.002296,0.051220,0.129908,-0.010816,0.054475
772,6.433333,-0.000353,0.008273,-0.018187,0.083255,0.003587,0.049818,0.132800,-0.009167,0.051435
773,6.441667,0.000172,0.008483,-0.017790,0.086344,0.005082,0.047914,0.136035,-0.007326,0.047770
774,6.450000,0.000769,0.008660,-0.017523,0.089746,0.006784,0.045703,0.139548,-0.005217,0.043557
775,6.458333,0.001510,0.008819,-0.017066,0.093402,0.008667,0.043037,0.143338,-0.002783,0.038680
776,6.466667,0.002369,0.008970,-0.016624,0.097127,0.010731,0.039985,0.147152,-0.000140,0.033291
777,6.475000,0.003289,0.009151,-0.016151,0.100751,0.012998,0.036700,0.150709,0.002656,0.027656
778,6.483333,0.004265,0.009425,-0.015656,0.104131,0.015179,0.033280,0.153915,0.005450,0.021967
779,6.491667,0.005200,0.009768,-0.015411,0.107077,0.017114,0.029865,0.156566,0.008088,0.016657
780,6.500000,0.006024,0.010157,-0.015269,0.109543,0.018789,0.026676,0.158725,0.010425,0.011733
781,6.508333,0.006652,0.010551,-0.015457,0.111455,0.020146,0.023784,0.160333,0.012369,0.007640
782,6.516667,0.007177,0.010945,-0.015631,0.112807,0.021136,0.021465,0.161446,0.013907,0.004523
783,6.525000,0.007533,0.011213,-0.015893,0.113720,0.021801,0.019758,0.162187,0.015016,0.002204
784,6.533333,0.007733,0.011395,-0.016174,0.114247,0.022162,0.018589,0.162587,0.015724,0.000684
785,6.541667,0.007762,0.011440,-0.016297,0.114453,0.022415,0.017969,0.162731,0.016124,-0.000152
786,6.550000,0.007638,0.011349,-0.016325,0.114400,0.022347,0.017777,0.162718,0.016247,-0.000423
787,6.558333,0.007448,0.011161,-0.016193,0.114188,0.022058,0.017984,0.162599,0.016163,-0.000272
788,6.566667,0.007213,0.010874,-0.016162,0.113946,0.021543,0.018170,0.162426,0.016043,0.000065
789,6.575000,0.006995,0.010527,-0.016079,0.113619,0.020958,0.018489,0.162229,0.015899,0.000555
790,6.583333,0.006786,0.010206,-0.016003,0.113296,0.020379,0.018889,0.161984,0.015696,0.001185
791,6.591667,0.006607,0.009973,-0.015973,0.112846,0.019873,0.019613,0.161601,0.015313,0.002026
792,6.600000,0.006391,0.009944,-0.016090,0.112209,0.019376,0.020480,0.160989,0.014667,0.003414
793,6.608333,0.006211,0.010074,-0.016202,0.111296,0.018883,0.021885,0.160092,0.013593,0.005453
794,6.616667,0.005939,0.010315,-0.016498,0.110111,0.018242,0.023570,0.159074,0.012317,0.008076
795,6.625000,0.005643,0.010657,-0.016634,0.108682,0.017410,0.025447,0.157844,0.010880,0.011129
796,6.633333,0.005314,0.011032,-0.016925,0.106801,0.016483,0.027725,0.156136,0.009086,0.014906
797,6.641667,0.004938,0.011385,-0.017450,0.104525,0.015537,0.030363,0.153956,0.006903,0.019281
798,6.650000,0.004568,0.011670,-0.017900,0.101915,0.014252,0.033159,0.151446,0.004580,0.023974
799,6.658333,0.004053,0.011808,-0.018384,0.098995,0.012594,0.035954,0.148707,0.002160,0.028856
800,6.666667,0.003502,0.011785,-0.018784,0.095887,0.010649,0.038590,0.145713,-0.000312,0.033673
801,6.675000,0.002880,0.011683,-0.019181,0.092574,0.008633,0.041145,0.142455,-0.002701,0.038556
802,6.683333,0.002200,0.011507,-0.019654,0.089097,0.006644,0.043590,0.138943,-0.005083,0.043302
803,6.691667,0.001535,0.011323,-0.019947,0.085474,0.004699,0.045863,0.135147,-0.007417,0.047978
804,6.700000,0.000924,0.011122,-0.020357,0.081760,0.002869,0.047924,0.131135,-0.009736,0.052449
805,6.708333,0.000312,0.010935,-0.020621,0.078251,0.001205,0.049689,0.127233,-0.011866,0.056376
806,6.716667,-0.000285,0.010731,-0.020994,0.075216,-0.000155,0.051188,0.123773,-0.013666,0.059624
807,6.725000,-0.000701,0.010458,-0.020845,0.073081,-0.001093,0.052303,0.121249,-0.014900,0.061935
808,6.733333,-0.001018,0.010067,-0.020802,0.072309,-0.001644,0.052862,0.120303,-0.015373,0.062704
809,6.741667,-0.001157,0.009591,-0.020531,0.072657,-0.001625,0.052971,0.120803,-0.015157,0.062427
810,6.750000,-0.001149,0.009288,-0.020247,0.073692,-0.000738,0.053089,0.122089,-0.014504,0.061344
811,6.758333,-0.001077,0.009237,-0.019857,0.075649,0.000324,0.052631,0.124222,-0.013443,0.059282
812,6.766667,-0.000836,0.009281,-0.019418,0.078325,0.001467,0.051569,0.127221,-0.011943,0.056405
813,6.775000,-0.000442,0.009344,-0.019059,0.081508,0.002885,0.050216,0.130655,-0.010129,0.052995
814,6.783333,0.000107,0.009473,-0.018500,0.085047,0.004629,0.048449,0.134411,-0.008014,0.048941
815,6.791667,0.000767,0.009606,-0.018129,0.088803,0.006594,0.046205,0.138280,-0.005688,0.044385
816,6.800000,0.001530,0.009800,-0.017608,0.092584,0.008829,0.043791,0.142125,-0.003189,0.039490
817,6.808333,0.002408,0.010012,-0.017117,0.096299,0.011016,0.040924,0.145790,-0.000629,0.034370
818,6.816667,0.003352,0.010243,-0.016788,0.099813,0.013147,0.037855,0.149199,0.001971,0.029188
819,6.825000,0.004343,0.010523,-0.016369,0.103101,0.015151,0.034581,0.152293,0.004551,0.024005
820,6.833333,0.005266,0.010811,-0.016197,0.106051,0.017002,0.031330,0.155046,0.007053,0.018909
821,6.841667,0.006157,0.011147,-0.016124,0.108514,0.018630,0.028302,0.157353,0.009315,0.014259
822,6.850000,0.006911,0.011527,-0.016188,0.110577,0.019965,0.025433,0.159157,0.011276,0.010157
823,6.858333,0.007539,0.011849,-0.016403,0.112205,0.021070,0.022867,0.160565,0.012922,0.006640
824,6.866667,0.008029,0.012121,-0.016617,0.113409,0.021961,0.020850,0.161562,0.014263,0.003847
825,6.875000,0.008320,0.012359,-0.016896,0.114233,0.022721,0.019259,0.162230,0.015297,0.001662
826,6.883333,0.008492,0.012497,-0.017147,0.114804,0.023284,0.018153,0.162614,0.016074,0.000075
827,6.891667,0.008539,0.012576,-0.017272,0.115055,0.023615,0.017482,0.162790,0.016545,-0.000985
828,6.900000,0.008463,0.012541,-0.017367,0.115030,0.023671,0.017157,0.162731,0.016739,-0.001356
829,6.908333,0.008277,0.012443,-0.017335,0.114803,0.023485,0.017100,0.162567,0.016704,-0.001273
830,6.916667,0.007984,0.012311,-0.017243,0.114381,0.022923,0.017640,0.162297,0.016508,-0.000748
831,6.925000,0.007621,0.012060,-0.017450,0.113751,0.022142,0.018180,0.161776,0.016007,0.000426
832,6.933333,0.007311,0.011858,-0.017499,0.112755,0.021409,0.019599,0.160942,0.015059,0.002375
833,6.941667,0.006901,0.011689,-0.017519,0.111482,0.020435,0.021347,0.159901,0.013848,0.004917
834,6.950000,0.006379,0.011553,-0.017729,0.109848,0.019227,0.023252,0.158542,0.012289,0.008157
835,6.958333,0.005827,0.011504,-0.017902,0.107758,0.017961,0.025929,0.156733,0.010319,0.012158
836,6.966667,0.005292,0.011620,-0.018279,0.105133,0.016580,0.028981,0.154392,0.007887,0.017062
837,6.975000,0.004703,0.011853,-0.018588,0.101889,0.014933,0.032480,0.151389,0.005045,0.023005
838,6.983333,0.004066,0.012144,-0.019277,0.098141,0.012869,0.036024,0.147823,0.001883,0.029213
839,6.991667,0.003370,0.012446,-0.019811,0.093827,0.010463,0.039591,0.143589,-0.001454,0.035879
840,7.000000,0.002573,0.012681,-0.020568,0.089166,0.007759,0.042729,0.138769,-0.004808,0.042556
841,7.008333,0.001768,0.012554,-0.021106,0.084673,0.005110,0.045475,0.133861,-0.007874,0.048760
842,7.016667,0.001036,0.012091,-0.021350,0.080769,0.002910,0.047816,0.129551,-0.010443,0.053629
843,7.025000,0.000471,0.011385,-0.021354,0.077795,0.001292,0.049827,0.126294,-0.012305,0.057157
844,7.033333,0.000106,0.010655,-0.020926,0.075817,0.000056,0.051303,0.124149,-0.013538,0.059582
845,7.041667,-0.000294,0.010090,-0.020760,0.074738,-0.000581,0.052346,0.123009,-0.014195,0.060802
846,7.050000,-0.000567,0.009763,-0.020334,0.074567,-0.000919,0.052774,0.122843,-0.014315,0.061006
847,7.058333,-0.000596,0.009613,-0.020267,0.074750,-0.000741,0.052773,0.123208,-0.014187,0.060789
848,7.066667,-0.000462,0.009769,-0.020218,0.075207,-0.000211,0.052577,0.123694,-0.013950,0.060204
849,7.075000,-0.000320,0.010065,-0.020174,0.076250,0.000659,0.052227,0.124694,-0.013344,0.059137
850,7.083333,-0.000094,0.010366,-0.020131,0.077957,0.001730,0.051587,0.126574,-0.012352,0.057291
851,7.091667,0.000246,0.010596,-0.019826,0.080192,0.002885,0.050474,0.129066,-0.011088,0.054812
852,7.100000,0.000610,0.010741,-0.019607,0.082892,0.004146,0.049135,0.131955,-0.009527,0.051962
853,7.108333,0.001107,0.010805,-0.019204,0.085893,0.005576,0.047577,0.135221,-0.007765,0.048550
854,7.116667,0.001614,0.010809,-0.018939,0.089004,0.007114,0.045654,0.138567,-0.005832,0.044729
855,7.125000,0.002247,0.010849,-0.018452,0.092264,0.008764,0.043426,0.142013,-0.003699,0.040624
856,7.133333,0.002945,0.010896,-0.018033,0.095554,0.010561,0.040959,0.145452,-0.001395,0.036076
857,7.141667,0.003731,0.011024,-0.017709,0.098667,0.012373,0.038136,0.148678,0.000950,0.031342
858,7.150000,0.004523,0.011270,-0.017552,0.101536,0.014168,0.035172,0.151538,0.003267,0.026737
859,7.158333,0.005286,0.011551,-0.017481,0.104167,0.015792,0.032170,0.154145,0.005487,0.022132
860,7.166667,0.006038,0.011870,-0.017489,0.106525,0.017203,0.029106,0.156457,0.007640,0.017724
861,7.175000,0.006737,0.012159,-0.017764,0.108668,0.018504,0.026078,0.158486,0.009699,0.013488
862,7.183333,0.007453,0.012369,-0.017879,0.110717,0.019798,0.023064,0.160348,0.011734,0.009155
863,7.191667,0.008153,0.012526,-0.017955,0.112610,0.021030,0.020295,0.161986,0.013800,0.004912
864,7.200000,0.008876,0.012608,-0.017889,0.114285,0.022246,0.017605,0.163447,0.015772,0.000856
865,7.208333,0.009504,0.012673,-0.018135,0.115738,0.023280,0.014986,0.164617,0.017546,-0.002717
866,7.216667,0.010068,0.012760,-0.018374,0.116875,0.024104,0.012751,0.165532,0.019040,-0.005798
867,7.225000,0.010527,0.012824,-0.018557,0.117742,0.024776,0.011092,0.166134,0.020181,-0.008099
868,7.233333,0.010890,0.012891,-0.018917,0.118262,0.025184,0.010024,0.166478,0.020874,-0.009634
869,7.241667,0.011095,0.012905,-0.019239,0.118485,0.025276,0.009457,0.166617,0.021193,-0.010223
870,7.250000,0.011155,0.012904,-0.019414,0.118391,0.025047,0.009558,0.166587,0.021136,-0.010135
871,7.258333,0.011012,0.012947,-0.019417,0.118095,0.024691,0.010127,0.166415,0.020833,-0.009377
872,7.266667,0.010755,0.012984,-0.019541,0.117411,0.023974,0.011290,0.165966,0.020058,-0.007500
873,7.275000,0.010379,0.012972,-0.019882,0.116204,0.022897,0.013114,0.165070,0.018617,-0.004554
874,7.283333,0.009902,0.013003,-0.019844,0.114592,0.021476,0.015428,0.163861,0.016826,-0.000811
875,7.291667,0.009239,0.012987,-0.020184,0.112504,0.019843,0.018169,0.162299,0.014621,0.003687
876,7.300000,0.008506,0.013020,-0.020574,0.109829,0.018097,0.021604,0.160058,0.011963,0.009320
877,7.308333,0.007758,0.013204,-0.020991,0.106526,0.016245,0.025507,0.157130,0.008855,0.015711
878,7.316667,0.006912,0.013463,-0.021758,0.102596,0.014116,0.029788,0.153415,0.005345,0.022701
879,7.325000,0.006015,0.013784,-0.022356,0.098062,0.011828,0.033933,0.148825,0.001620,0.030283
880,7.333333,0.005096,0.013950,-0.023150,0.093018,0.009478,0.038035,0.143539,-0.002173,0.037732
881,7.341667,0.004312,0.013925,-0.023970,0.087651,0.006981,0.041627,0.137747,-0.005881,0.044957
882,7.350000,0.003712,0.013699,-0.024327,0.082233,0.004576,0.044929,0.131662,-0.009363,0.051757
883,7.358333,0.003144,0.013237,-0.024636,0.077195,0.002261,0.047607,0.125717,-0.012559,0.057677
884,7.366667,0.002493,0.012676,-0.024301,0.073318,-0.000010,0.049457,0.120858,-0.015092,0.062263
885,7.375000,0.001838,0.011870,-0.023627,0.071128,-0.001770,0.050974,0.118271,-0.016632,0.064968
886,7.383333,0.001392,0.010979,-0.022984,0.070423,-0.003040,0.051698,0.117722,-0.017242,0.066164
887,7.391667,0.001274,0.010209,-0.022526,0.070747,-0.003295,0.052094,0.118204,-0.017119,0.066037
888,7.400000,0.001287,0.009899,-0.022199,0.071762,-0.002726,0.052044,0.119541,-0.016566,0.065235
889,7.408333,0.001336,0.010002,-0.022063,0.073212,-0.001792,0.051597,0.121400,-0.015635,0.063695
890,7.416667,0.001535,0.010385,-0.022004,0.075272,-0.000446,0.050890,0.123828,-0.014395,0.061429
891,7.425000,0.001912,0.010874,-0.021728,0.077989,0.001148,0.049891,0.126803,-0.012811,0.058618
892,7.433333,0.002378,0.011271,-0.021714,0.081144,0.002968,0.048689,0.130217,-0.010996,0.055249
893,7.441667,0.003030,0.011631,-0.021347,0.084609,0.004801,0.047070,0.133986,-0.008949,0.051389
894,7.450000,0.003779,0.011915,-0.021019,0.088302,0.006719,0.045180,0.137922,-0.006702,0.047130
895,7.458333,0.004594,0.012078,-0.020715,0.092160,0.008735,0.042940,0.141968,-0.004315,0.042512
896,7.466667,0.005455,0.012160,-0.020357,0.095999,0.010761,0.040379,0.146013,-0.001781,0.037475
897,7.475000,0.006289,0.012270,-0.019959,0.099570,0.012707,0.037597,0.149715,0.000744,0.032527
898,7.483333,0.007099,0.012506,-0.019763,0.102632,0.014422,0.034718,0.152921,0.003107,0.027736
899,7.491667,0.007818,0.012821,-0.019786,0.105249,0.015962,0.031895,0.155528,0.005185,0.023585
900,7.500000,0.008523,0.013128,-0.019855,0.107473,0.017320,0.029135,0.157755,0.007050,0.019584
901,7.508333,0.009117,0.013378,-0.019817,0.109381,0.018487,0.026622,0.159617,0.008815,0.015951
902,7.516667,0.009610,0.013532,-0.019872,0.111035,0.019576,0.024230,0.161275,0.010443,0.012381
903,7.525000,0.010019,0.013600,-0.019790,0.112429,0.020581,0.022246,0.162598,0.011949,0.009304
904,7.533333,0.010299,0.013639,-0.019969,0.113577,0.021438,0.020493,0.163614,0.013250,0.006579
905,7.541667,0.010440,0.013655,-0.019954,0.114319,0.022062,0.019117,0.164251,0.014247,0.004561
906,7.550000,0.010434,0.013680,-0.020022,0.114714,0.022380,0.018373,0.164485,0.014837,0.003296
907,7.558333,0.010301,0.013712,-0.020157,0.114621,0.022387,0.018065,0.164406,0.014971,0.002939
908,7.566667,0.010059,0.013799,-0.020163,0.114186,0.022149,0.018461,0.164097,0.014781,0.003453
909,7.575000,0.009630,0.013892,-0.020370,0.113332,0.021578,0.019351,0.163251,0.014091,0.004963
910,7.583333,0.009178,0.014067,-0.020769,0.111844,0.020720,0.020846,0.161828,0.012785,0.007533
911,7.591667,0.008677,0.014292,-0.020995,0.109939,0.019699,0.022870,0.160048,0.011110,0.010953
912,7.600000,0.008105,0.014548,-0.021315,0.107602,0.018566,0.025483,0.157854,0.009132,0.015056
913,7.608333,0.007446,0.014822,-0.021858,0.104745,0.017264,0.028456,0.155009,0.006671,0.019973
914,7.616667,0.006787,0.015134,-0.022454,0.101284,0.015630,0.031695,0.151549,0.003859,0.025514
915,7.625000,0.006125,0.015485,-0.023161,0.097181,0.013577,0.035031,0.147396,0.000762,0.031636
916,7.633333,0.005473,0.015753,-0.023922,0.092477,0.011214,0.038289,0.142452,-0.002590,0.038143
917,7.641667,0.004862,0.015829,-0.025109,0.087314,0.008763,0.041318,0.136821,-0.005976,0.044846
918,7.650000,0.004252,0.015855,-0.026093,0.082086,0.006316,0.043747,0.130841,-0.009244,0.051077
919,7.658333,0.003683,0.015773,-0.026101,0.077598,0.004080,0.045723,0.125354,-0.011970,0.056238
920,7.666667,0.003075,0.015358,-0.025727,0.074677,0.002371,0.047290,0.121697,-0.013841,0.059517
921,7.675000,0.002590,0.014649,-0.025037,0.073381,0.001406,0.048551,0.120417,-0.014669,0.061004
922,7.683333,0.002285,0.013962,-0.024337,0.073428,0.001225,0.049400,0.120605,-0.014698,0.061349
923,7.691667,0.002172,0.013474,-0.023768,0.074162,0.001616,0.049664,0.121546,-0.014397,0.060798
924,7.700000,0.002225,0.013271,-0.023241,0.075551,0.002393,0.049468,0.123251,-0.013642,0.059327
925,7.708333,0.002417,0.013295,-0.023131,0.077681,0.003440,0.048975,0.125810,-0.012417,0.057179
926,7.716667,0.002816,0.013492,-0.022739,0.080362,0.004897,0.048025,0.128792,-0.010913,0.054423
927,7.725000,0.003314,0.013744,-0.022505,0.083436,0.006569,0.046758,0.132144,-0.009152,0.051193
928,7.733333,0.003967,0.014004,-0.022256,0.086821,0.008440,0.045116,0.135802,-0.007207,0.047403
929,7.741667,0.004742,0.014242,-0.021968,0.090406,0.010466,0.043269,0.139587,-0.005069,0.043277
930,7.750000,0.005559,0.014488,-0.021571,0.094061,0.012619,0.041075,0.143423,-0.002679,0.038921
931,7.758333,0.006403,0.014713,-0.021304,0.097518,0.014888,0.038841,0.147064,-0.000015,0.034583
932,7.766667,0.007228,0.015001,-0.021029,0.100675,0.017267,0.036446,0.150313,0.002763,0.030752
933,7.775000,0.007966,0.015326,-0.020780,0.103413,0.019676,0.034150,0.153102,0.005435,0.027004
934,7.783333,0.008548,0.015731,-0.020573,0.105655,0.021951,0.032163,0.155361,0.007922,0.023835
935,7.791667,0.009067,0.016145,-0.020557,0.107409,0.023920,0.030299,0.157132,0.010090,0.021017
936,7.800000,0.009410,0.016484,-0.020607,0.108676,0.025550,0.028830,0.158385,0.011893,0.018849
937,7.808333,0.009670,0.016752,-0.020691,0.109515,0.026793,0.027787,0.159181,0.013336,0.017306
938,7.816667,0.009728,0.016912,-0.020769,0.110018,0.027768,0.026956,0.159655,0.014542,0.016224
939,7.825000,0.009651,0.016933,-0.020783,0.110246,0.028567,0.026556,0.159876,0.015615,0.015622
940,7.833333,0.009449,0.016846,-0.020664,0.110217,0.029237,0.026448,0.159885,0.016627,0.015444
941,7.841667,0.009198,0.016639,-0.020610,0.109980,0.029827,0.026668,0.159733,0.017538,0.015615
942,7.850000,0.008918,0.016397,-0.020478,0.109623,0.030240,0.026979,0.159446,0.018339,0.016018
943,7.858333,0.008555,0.016109,-0.020377,0.109183,0.030523,0.027386,0.159079,0.018987,0.016525
944,7.866667,0.008288,0.015794,-0.020304,0.108756,0.030709,0.027750,0.158751,0.019598,0.016998
945,7.875000,0.008064,0.015535,-0.020161,0.108319,0.030960,0.028117,0.158375,0.020192,0.017585
946,7.883333,0.007832,0.015343,-0.019968,0.107919,0.031300,0.028572,0.158042,0.020801,0.018158
947,7.891667,0.007610,0.015215,-0.019997,0.107576,0.031700,0.028878,0.157773,0.021424,0.018575
948,7.900000,0.007498,0.015133,-0.019906,0.107304,0.032157,0.029160,0.157533,0.022099,0.019121
949,7.908333,0.007445,0.015058,-0.019761,0.107159,0.032648,0.029470,0.157430,0.022784,0.019455
950,7.916667,0.007455,0.014974,-0.019632,0.107081,0.033151,0.029656,0.157409,0.023482,0.019695
951,7.925000,0.007497,0.014945,-0.019491,0.107058,0.033697,0.029821,0.157430,0.024198,0.019894
952,7.933333,0.007565,0.014939,-0.019357,0.107084,0.034232,0.029965,0.157503,0.024891,0.020057
953,7.941667,0.007646,0.014961,-0.019170,0.107126,0.034720,0.030134,0.157599,0.025536,0.020167
954,7.950000,0.007718,0.014951,-0.019001,0.107177,0.035155,0.030283,0.157694,0.026141,0.020301
955,7.958333,0.007804,0.014888,-0.018770,0.107228,0.035508,0.030352,0.157769,0.026663,0.020414
956,7.966667,0.007870,0.014795,-0.018651,0.107261,0.035774,0.030507,0.157838,0.027111,0.020551
957,7.975000,0.007913,0.014659,-0.018551,0.107243,0.035979,0.030638,0.157853,0.027472,0.020738
958,7.983333,0.007923,0.014556,-0.018424,0.107198,0.036170,0.030797,0.157832,0.027839,0.020965
959,7.991667,0.007908,0.014470,-0.018347,0.107102,0.036388,0.031127,0.157762,0.028195,0.021256
960,8.000000,0.007908,0.014383,-0.018234,0.106980,0.036577,0.031425,0.157680,0.028568,0.021663
961,8.008333,0.007908,0.014274,-0.018160,0.106831,0.036707,0.031715,0.157589,0.028869,0.022033
962,8.016667,0.007906,0.014168,-0.018141,0.106656,0.036753,0.032089,0.157463,0.029078,0.022485
963,8.025000,0.007914,0.014045,-0.018155,0.106496,0.036692,0.032329,0.157323,0.029192,0.022985
964,8.033333,0.007921,0.013927,-0.018153,0.106334,0.036536,0.032561,0.157211,0.029157,0.023377
965,8.041667,0.007908,0.013749,-0.018161,0.106208,0.036247,0.032770,0.157115,0.028970,0.023649
966,8.050000,0.007891,0.013535,-0.018135,0.106111,0.035783,0.032909,0.157042,0.028625,0.023832
967,8.058333,0.007864,0.013242,-0.018065,0.106029,0.035181,0.033051,0.157005,0.028099,0.023891
968,8.066667,0.007824,0.012850,-0.018042,0.105968,0.034461,0.033179,0.156941,0.027484,0.023967
969,8.075000,0.007739,0.012436,-0.018031,0.105855,0.033718,0.033355,0.156852,0.026844,0.024070
970,8.083333,0.007652,0.011973,-0.018016,0.105704,0.032996,0.033544,0.156690,0.026288,0.024348
971,8.091667,0.007572,0.011509,-0.017984,0.105494,0.032311,0.033850,0.156507,0.025806,0.024593
972,8.100000,0.007469,0.011086,-0.017895,0.105217,0.031725,0.034154,0.156281,0.025450,0.024918
973,8.108333,0.007333,0.010696,-0.017836,0.104893,0.031261,0.034533,0.155982,0.025225,0.025437
974,8.116667,0.007209,0.010389,-0.017670,0.104526,0.030912,0.034890,0.155688,0.025081,0.025905
975,8.125000,0.007035,0.010142,-0.017685,0.104138,0.030678,0.035331,0.155301,0.024970,0.026521
976,8.133333,0.006852,0.010014,-0.017808,0.103742,0.030513,0.035693,0.154978,0.024841,0.026995
977,8.141667,0.006694,0.010003,-0.017923,0.103410,0.030402,0.035934,0.154651,0.024661,0.027503
978,8.150000,0.006574,0.010101,-0.017960,0.103175,0.030330,0.036167,0.154408,0.024388,0.027862
979,8.158333,0.006502,0.010279,-0.017981,0.103099,0.030270,0.036140,0.154321,0.024051,0.027971
980,8.166667,0.006473,0.010510,-0.018077,0.103197,0.030219,0.035989,0.154364,0.023643,0.027771
981,8.175000,0.006493,0.010764,-0.018133,0.103466,0.030218,0.035650,0.154565,0.023277,0.027315
982,8.183333,0.006614,0.011004,-0.018098,0.103901,0.030279,0.035129,0.154949,0.023052,0.026559
983,8.191667,0.006822,0.011347,-0.018146,0.104420,0.030479,0.034648,0.155401,0.023003,0.025856
984,8.200000,0.007154,0.011872,-0.018226,0.104956,0.030787,0.033984,0.155904,0.023111,0.025167
985,8.208333,0.007460,0.012487,-0.018333,0.105530,0.031246,0.033400,0.156451,0.023348,0.024458
986,8.216667,0.007870,0.013161,-0.018439,0.106162,0.031810,0.032708,0.157061,0.023678,0.023722
987,8.225000,0.008279,0.013833,-0.018541,0.106865,0.032406,0.031997,0.157702,0.024029,0.022928
988,8.233333,0.008735,0.014480,-0.018758,0.107598,0.033002,0.031185,0.158373,0.024353,0.022061
989,8.241667,0.009144,0.014993,-0.018963,0.108335,0.033571,0.030432,0.159043,0.024662,0.021099
990,8.250000,0.009610,0.015469,-0.019249,0.109069,0.034113,0.029619,0.159710,0.024915,0.020054
991,8.258333,0.009978,0.015885,-0.019435,0.109751,0.034678,0.028859,0.160335,0.025267,0.019082
992,8.266667,0.010297,0.016297,-0.019747,0.110333,0.035235,0.028260,0.160889,0.025655,0.018179
993,8.275000,0.010605,0.016644,-0.019770,0.110828,0.035781,0.027707,0.161323,0.026130,0.017557
994,8.283333,0.010829,0.016939,-0.020111,0.111222,0.036327,0.027281,0.161705,0.026534,0.017024
995,8.291667,0.011013,0.017204,-0.020233,0.111525,0.036764,0.026913,0.161971,0.026886,0.016670
996,8.300000,0.011125,0.017401,-0.020322,0.111765,0.037088,0.026651,0.162189,0.027069,0.016328
997,8.308333,0.011212,0.017559,-0.020360,0.111906,0.037252,0.026455,0.162327,0.027131,0.016068
998,8.316667,0.011244,0.017680,-0.020382,0.111977,0.037312,0.026334,0.162379,0.027089,0.015924
999,8.325000,0.011223,0.017735,-0.020402,0.111998,0.037279,0.026248,0.162388,0.026962,0.015823
1000,8.333333,0.011167,0.017727,-0.020421,0.111969,0.037186,0.026267,0.162338,0.026771,0.015745
1001,8.341667,0.011080,0.017642,-0.020436,0.111928,0.037094,0.026260,0.162278,0.026621,0.015713
1002,8.350000,0.010993,0.017541,-0.020424,0.111846,0.037046,0.026319,0.162183,0.026585,0.015751
1003,8.358333,0.010932,0.017441,-0.020386,0.111769,0.037089,0.026322,0.162089,0.026674,0.015844
1004,8.366667,0.010872,0.017353,-0.020291,0.111696,0.037202,0.026354,0.162016,0.026848,0.015875
1005,8.375000,0.010808,0.017290,-0.020294,0.111638,0.037375,0.026338,0.161967,0.027087,0.015877
1006,8.383333,0.010750,0.017227,-0.020249,0.111584,0.037620,0.026388,0.161934,0.027403,0.015838
1007,8.391667,0.010722,0.017191,-0.020190,0.111589,0.037891,0.026253,0.161927,0.027711,0.015758
1008,8.400000,0.010707,0.017181,-0.020173,0.111617,0.038141,0.026190,0.161963,0.027980,0.015528
1009,8.408333,0.010699,0.017192,-0.020173,0.111659,0.038407,0.026029,0.162013,0.028241,0.015364
1010,8.416667,0.010702,0.017241,-0.020204,0.111725,0.038665,0.025869,0.162075,0.028456,0.015143
1011,8.425000,0.010716,0.017328,-0.020218,0.111826,0.038879,0.025673,0.162167,0.028596,0.014820
1012,8.433333,0.010729,0.017445,-0.020275,0.111917,0.039028,0.025404,0.162239,0.028672,0.014525
1013,8.441667,0.010737,0.017572,-0.020343,0.111992,0.039164,0.025210,0.162291,0.028701,0.014309
1014,8.450000,0.010724,0.017651,-0.020379,0.112026,0.039222,0.025073,0.162316,0.028662,0.014118
1015,8.458333,0.010734,0.017708,-0.020430,0.112089,0.039279,0.024887,0.162349,0.028617,0.013948
1016,8.466667,0.010709,0.017761,-0.020423,0.112109,0.039405,0.024783,0.162339,0.028675,0.013834
1017,8.475000,0.010699,0.017771,-0.020434,0.112116,0.039580,0.024666,0.162342,0.028871,0.013727
