Format Version,1.23,Take Name,jon dominant dragg thin,Take Notes,,Capture Frame Rate,120.000000,Export Frame Rate,120.000000,Capture Start Time,2024-03-05 11.31.59.272 AM,Capture Start Frame,480991,Total Frames in Take,804,Total Exported Frames,804,Rotation Type,Quaternion,Length Units,Meters,Coordinate Space,Global

,Type,Marker,Marker,Marker,Marker,Marker,Marker,Marker,Marker,Marker
,Name,Unlabeled 1127,Unlabeled 1127,Unlabeled 1127,Unlabeled 1128,Unlabeled 1128,Unlabeled 1128,Unlabeled 1129,Unlabeled 1129,Unlabeled 1129
,ID,"FB970","FB970","FB970","FBE60","FBE60","FBE60","FBEC0","FBEC0","FBEC0"
,,Position,Position,Position,Position,Position,Position,Position,Position,Position
Frame,Time (Seconds),X,Y,Z,X,Y,Z,X,Y,Z
0,0.000000,0.053204,0.030351,-0.046936,0.068090,0.066865,-0.025986,0.175410,0.050446,-0.046834
1,0.008333,0.053222,0.030324,-0.046916,0.068072,0.066813,-0.025979,0.175413,0.050430,-0.046833
2,0.016667,0.053232,0.030307,-0.046899,0.068048,0.066774,-0.025938,0.175413,0.050409,-0.046837
3,0.025000,0.053234,0.030302,-0.046924,0.068020,0.066740,-0.025921,0.175413,0.050399,-0.046832
4,0.033333,0.053231,0.030313,-0.046921,0.067988,0.066717,-0.025866,0.175413,0.050394,-0.046824
5,0.041667,0.053233,0.030330,-0.046915,0.067956,0.066715,-0.025849,0.175409,0.050390,-0.046825
6,0.050000,0.053215,0.030357,-0.046931,0.067916,0.066730,-0.025832,0.175407,0.050389,-0.046834
7,0.058333,0.053179,0.030394,-0.046949,0.067875,0.066746,-0.025843,0.175400,0.050387,-0.046839
8,0.066667,0.053149,0.030426,-0.046984,0.067831,0.066762,-0.025852,0.175388,0.050389,-0.046825
9,0.075000,0.053141,0.030449,-0.046989,0.067796,0.066770,-0.025849,0.175379,0.050393,-0.046823
10,0.083333,0.053123,0.030465,-0.047008,0.067762,0.066758,-0.025825,0.175372,0.050399,-0.046820
11,0.091667,0.053119,0.030464,-0.047016,0.067720,0.066734,-0.025812,0.175361,0.050387,-0.046814
12,0.100000,0.053132,0.030431,-0.047035,0.067676,0.066675,-0.025843,0.175353,0.050379,-0.046816
13,0.108333,0.053168,0.030372,-0.047052,0.067646,0.066592,-0.025854,0.175348,0.050362,-0.046805
14,0.116667,0.053217,0.030268,-0.047069,0.067615,0.066478,-0.025825,0.175342,0.050336,-0.046796
15,0.125000,0.053253,0.030157,-0.047110,0.067593,0.066348,-0.025750,0.175337,0.050303,-0.046781
16,0.133333,0.053276,0.030053,-0.047139,0.067559,0.066209,-0.025720,0.175332,0.050259,-0.046749
17,0.141667,0.053299,0.029931,-0.047188,0.067529,0.066063,-0.025673,0.175324,0.050207,-0.046744
18,0.150000,0.053320,0.029785,-0.047282,0.067488,0.065900,-0.025655,0.175312,0.050134,-0.046702
19,0.158333,0.053347,0.029630,-0.047363,0.067440,0.065716,-0.025645,0.175292,0.050058,-0.046649
20,0.166667,0.053376,0.029482,-0.047479,0.067378,0.065539,-0.025569,0.175273,0.049994,-0.046582
21,0.175000,0.053382,0.029343,-0.047528,0.067322,0.065357,-0.025616,0.175251,0.049915,-0.046548
22,0.183333,0.053364,0.029204,-0.047639,0.067239,0.065182,-0.025687,0.175219,0.049853,-0.046485
23,0.191667,0.053361,0.029049,-0.047782,0.067178,0.064991,-0.025665,0.175186,0.049776,-0.046427
24,0.200000,0.053364,0.028876,-0.047910,0.067107,0.064780,-0.025658,0.175154,0.049698,-0.046372
25,0.208333,0.053369,0.028703,-0.048040,0.067032,0.064592,-0.025642,0.175101,0.049611,-0.046282
26,0.216667,0.053385,0.028526,-0.048076,0.066967,0.064405,-0.025683,0.175068,0.049529,-0.046233
27,0.225000,0.053409,0.028348,-0.048190,0.066887,0.064173,-0.025664,0.175051,0.049439,-0.046212
28,0.233333,0.053428,0.028150,-0.048316,0.066828,0.063911,-0.025609,0.175006,0.049328,-0.046100
29,0.241667,0.053448,0.027930,-0.048462,0.066762,0.063633,-0.025680,0.174980,0.049195,-0.046048
30,0.250000,0.053429,0.027804,-0.048540,0.066656,0.063412,-0.025618,0.174943,0.049044,-0.045986
31,0.258333,0.053379,0.027775,-0.048584,0.066570,0.063335,-0.025452,0.174911,0.048930,-0.045937
32,0.266667,0.053373,0.027764,-0.048571,0.066495,0.063313,-0.025468,0.174864,0.048842,-0.045843
33,0.275000,0.053342,0.027778,-0.048588,0.066421,0.063306,-0.025490,0.174830,0.048786,-0.045799
34,0.283333,0.053294,0.027791,-0.048632,0.066336,0.063308,-0.025637,0.174797,0.048737,-0.045749
35,0.291667,0.053257,0.027824,-0.048661,0.066271,0.063340,-0.025660,0.174760,0.048712,-0.045717
36,0.300000,0.053206,0.027862,-0.048737,0.066207,0.063377,-0.025750,0.174731,0.048696,-0.045743
37,0.308333,0.053103,0.027941,-0.048871,0.066121,0.063408,-0.025865,0.174693,0.048680,-0.045717
38,0.316667,0.053019,0.028024,-0.048980,0.066029,0.063449,-0.026002,0.174651,0.048663,-0.045694
39,0.325000,0.052983,0.028068,-0.049113,0.065952,0.063482,-0.026116,0.174614,0.048659,-0.045675
40,0.333333,0.052950,0.028116,-0.049230,0.065879,0.063532,-0.026222,0.174573,0.048651,-0.045649
41,0.341667,0.052858,0.028168,-0.049396,0.065784,0.063563,-0.026382,0.174530,0.048643,-0.045630
42,0.350000,0.052791,0.028225,-0.049552,0.065665,0.063624,-0.026654,0.174474,0.048627,-0.045570
43,0.358333,0.052623,0.028369,-0.049987,0.065492,0.063684,-0.026990,0.174403,0.048611,-0.045519
44,0.366667,0.052424,0.028613,-0.050409,0.065275,0.063893,-0.027258,0.174294,0.048591,-0.045482
45,0.375000,0.052206,0.028893,-0.051221,0.064987,0.064106,-0.027892,0.174156,0.048605,-0.045412
46,0.383333,0.051856,0.029268,-0.052165,0.064596,0.064405,-0.028669,0.174023,0.048581,-0.045402
47,0.391667,0.051529,0.029739,-0.053317,0.064187,0.064779,-0.029716,0.173813,0.048578,-0.045334
48,0.400000,0.051178,0.030244,-0.054520,0.063751,0.065234,-0.030730,0.173584,0.048599,-0.045255
49,0.408333,0.050773,0.030816,-0.055988,0.063215,0.065766,-0.031923,0.173268,0.048632,-0.045111
50,0.416667,0.050418,0.031454,-0.057288,0.062665,0.066323,-0.033289,0.172972,0.048681,-0.045108
51,0.425000,0.050048,0.032066,-0.058788,0.062151,0.066929,-0.034478,0.172605,0.048784,-0.044999
52,0.433333,0.049648,0.032673,-0.060197,0.061579,0.067493,-0.035927,0.172189,0.048887,-0.044894
53,0.441667,0.049156,0.033327,-0.061901,0.060962,0.068076,-0.037284,0.171784,0.049002,-0.044907
54,0.450000,0.048656,0.034042,-0.063682,0.060301,0.068742,-0.038966,0.171261,0.049078,-0.044713
55,0.458333,0.048150,0.034837,-0.065437,0.059626,0.069388,-0.040618,0.170742,0.049138,-0.044691
56,0.466667,0.047554,0.035682,-0.067493,0.058933,0.070037,-0.042329,0.170197,0.049199,-0.044632
57,0.475000,0.047019,0.036563,-0.069666,0.058313,0.070726,-0.044168,0.169633,0.049279,-0.044550
58,0.483333,0.046589,0.037407,-0.071678,0.057769,0.071441,-0.045973,0.169140,0.049435,-0.044641
59,0.491667,0.046251,0.038226,-0.073478,0.057272,0.072145,-0.047721,0.168673,0.049616,-0.044665
60,0.500000,0.045951,0.038971,-0.075296,0.056877,0.072820,-0.049305,0.168296,0.049835,-0.044876
61,0.508333,0.045749,0.039649,-0.076846,0.056519,0.073476,-0.050800,0.167959,0.050092,-0.045123
62,0.516667,0.045550,0.040297,-0.078215,0.056233,0.074106,-0.052225,0.167636,0.050355,-0.045231
63,0.525000,0.045321,0.040903,-0.079736,0.055966,0.074684,-0.053521,0.167356,0.050608,-0.045524
64,0.533333,0.045179,0.041486,-0.081054,0.055728,0.075277,-0.054771,0.167111,0.050862,-0.045828
65,0.541667,0.045054,0.042026,-0.082179,0.055491,0.075827,-0.055981,0.166828,0.051163,-0.045987
66,0.550000,0.044927,0.042569,-0.083553,0.055288,0.076343,-0.057125,0.166573,0.051406,-0.046184
67,0.558333,0.044811,0.043114,-0.084762,0.055107,0.076853,-0.058279,0.166352,0.051591,-0.046457
68,0.566667,0.044732,0.043712,-0.086193,0.054938,0.077383,-0.059741,0.166148,0.051733,-0.046711
69,0.575000,0.044689,0.044399,-0.087782,0.054805,0.077905,-0.061022,0.165923,0.051863,-0.047000
70,0.583333,0.044703,0.045071,-0.089259,0.054703,0.078448,-0.062345,0.165692,0.051963,-0.047249
71,0.591667,0.044741,0.045752,-0.090711,0.054644,0.078999,-0.063612,0.165535,0.052123,-0.047471
72,0.600000,0.044844,0.046428,-0.092274,0.054632,0.079568,-0.065003,0.165397,0.052321,-0.047802
73,0.608333,0.044913,0.047073,-0.093602,0.054624,0.080125,-0.066263,0.165286,0.052493,-0.048142
74,0.616667,0.045045,0.047642,-0.095097,0.054639,0.080650,-0.067414,0.165196,0.052674,-0.048551
75,0.625000,0.045145,0.048216,-0.096276,0.054659,0.081201,-0.068617,0.165094,0.052875,-0.048876
76,0.633333,0.045218,0.048722,-0.097475,0.054678,0.081709,-0.069876,0.165002,0.053072,-0.049185
77,0.641667,0.045255,0.049265,-0.098661,0.054679,0.082175,-0.070790,0.164939,0.053214,-0.049635
78,0.650000,0.045309,0.049727,-0.099617,0.054661,0.082662,-0.071709,0.164851,0.053300,-0.049941
79,0.658333,0.045347,0.050217,-0.100624,0.054631,0.083090,-0.072814,0.164741,0.053419,-0.050183
80,0.666667,0.045417,0.050642,-0.101677,0.054619,0.083526,-0.073796,0.164624,0.053500,-0.050387
81,0.675000,0.045481,0.051049,-0.102567,0.054618,0.083943,-0.074684,0.164543,0.053592,-0.050644
82,0.683333,0.045526,0.051463,-0.103500,0.054592,0.084331,-0.075510,0.164434,0.053682,-0.051003
83,0.691667,0.045570,0.051873,-0.104391,0.054576,0.084725,-0.076282,0.164317,0.053757,-0.051245
84,0.700000,0.045641,0.052298,-0.105342,0.054568,0.085126,-0.077123,0.164189,0.053865,-0.051499
85,0.708333,0.045681,0.052725,-0.106258,0.054571,0.085480,-0.077905,0.164070,0.053961,-0.051674
86,0.716667,0.045760,0.053107,-0.106951,0.054587,0.085866,-0.078789,0.163954,0.054027,-0.051822
87,0.725000,0.045828,0.053463,-0.107803,0.054596,0.086183,-0.079519,0.163830,0.054064,-0.051915
88,0.733333,0.045926,0.053789,-0.108619,0.054601,0.086489,-0.080174,0.163684,0.054081,-0.052030
89,0.741667,0.046046,0.054116,-0.109332,0.054606,0.086808,-0.080984,0.163533,0.054107,-0.051997
90,0.750000,0.046144,0.054489,-0.110171,0.054623,0.087167,-0.081732,0.163386,0.054137,-0.052080
91,0.758333,0.046228,0.054858,-0.110917,0.054638,0.087561,-0.082427,0.163271,0.054184,-0.052190
92,0.766667,0.046310,0.055160,-0.111576,0.054679,0.087924,-0.083044,0.163150,0.054267,-0.052162
93,0.775000,0.046359,0.055358,-0.111982,0.054688,0.088214,-0.083527,0.163056,0.054369,-0.052186
94,0.783333,0.046366,0.055489,-0.112209,0.054664,0.088436,-0.083869,0.162959,0.054439,-0.052113
95,0.791667,0.046330,0.055592,-0.112449,0.054634,0.088554,-0.084102,0.162888,0.054435,-0.052146
96,0.800000,0.046277,0.055651,-0.112546,0.054602,0.088616,-0.084197,0.162791,0.054368,-0.052033
97,0.808333,0.046224,0.055700,-0.112678,0.054562,0.088603,-0.084283,0.162732,0.054268,-0.051961
98,0.816667,0.046192,0.055790,-0.112872,0.054532,0.088618,-0.084387,0.162642,0.054151,-0.051808
99,0.825000,0.046214,0.055883,-0.113062,0.054523,0.088651,-0.084510,0.162575,0.054024,-0.051699
100,0.833333,0.046232,0.055989,-0.113300,0.054523,0.088679,-0.084641,0.162513,0.053906,-0.051597
101,0.841667,0.046250,0.056063,-0.113423,0.054528,0.088726,-0.084757,0.162464,0.053785,-0.051554
102,0.850000,0.046234,0.056115,-0.113610,0.054521,0.088740,-0.084853,0.162406,0.053692,-0.051474
103,0.858333,0.046194,0.056162,-0.113726,0.054497,0.088764,-0.084922,0.162361,0.053625,-0.051477
104,0.866667,0.046120,0.056236,-0.113790,0.054474,0.088850,-0.084995,0.162305,0.053627,-0.051442
105,0.875000,0.046047,0.056305,-0.113871,0.054441,0.088948,-0.085033,0.162242,0.053680,-0.051451
106,0.883333,0.045954,0.056358,-0.114077,0.054415,0.089017,-0.085143,0.162212,0.053753,-0.051542
107,0.891667,0.045886,0.056434,-0.114266,0.054398,0.089130,-0.085337,0.162172,0.053847,-0.051572
108,0.900000,0.045819,0.056576,-0.114448,0.054397,0.089289,-0.085503,0.162139,0.053933,-0.051652
109,0.908333,0.045768,0.056733,-0.114584,0.054407,0.089460,-0.085735,0.162096,0.054044,-0.051695
110,0.916667,0.045732,0.056869,-0.114871,0.054410,0.089583,-0.085976,0.162053,0.054138,-0.051767
111,0.925000,0.045710,0.056957,-0.115125,0.054393,0.089645,-0.086209,0.161992,0.054201,-0.051814
112,0.933333,0.045670,0.056978,-0.115267,0.054338,0.089627,-0.086348,0.161935,0.054235,-0.051848
113,0.941667,0.045594,0.056876,-0.115290,0.054227,0.089484,-0.086383,0.161888,0.054245,-0.051874
114,0.950000,0.045481,0.056726,-0.115157,0.054105,0.089275,-0.086196,0.161859,0.054220,-0.051842
115,0.958333,0.045367,0.056593,-0.114984,0.053981,0.089056,-0.085958,0.161848,0.054153,-0.051860
116,0.966667,0.045312,0.056520,-0.114857,0.053880,0.088890,-0.085723,0.161820,0.054039,-0.051847
117,0.975000,0.045260,0.056486,-0.114802,0.053811,0.088807,-0.085602,0.161767,0.053946,-0.051747
118,0.983333,0.045243,0.056443,-0.114678,0.053777,0.088784,-0.085539,0.161742,0.053892,-0.051694
119,0.991667,0.045234,0.056444,-0.114656,0.053775,0.088807,-0.085543,0.161728,0.053881,-0.051652
120,1.000000,0.045226,0.056470,-0.114690,0.053787,0.088859,-0.085566,0.161723,0.053890,-0.051625
121,1.008333,0.045220,0.056487,-0.114671,0.053803,0.088923,-0.085597,0.161729,0.053929,-0.051616
122,1.016667,0.045203,0.056506,-0.114642,0.053822,0.088974,-0.085635,0.161743,0.053968,-0.051634
123,1.025000,0.045186,0.056509,-0.114657,0.053824,0.089009,-0.085697,0.161754,0.053990,-0.051627
124,1.033333,0.045164,0.056505,-0.114647,0.053820,0.088989,-0.085667,0.161756,0.053993,-0.051621
125,1.041667,0.045136,0.056450,-0.114604,0.053804,0.088905,-0.085571,0.161772,0.053976,-0.051585
126,1.050000,0.045110,0.056344,-0.114437,0.053760,0.088746,-0.085404,0.161811,0.053931,-0.051588
127,1.058333,0.045058,0.056219,-0.114221,0.053716,0.088548,-0.085138,0.161863,0.053855,-0.051586
128,1.066667,0.044987,0.056093,-0.113976,0.053681,0.088297,-0.084742,0.161928,0.053733,-0.051563
129,1.075000,0.044936,0.055853,-0.113524,0.053634,0.088034,-0.084291,0.162021,0.053582,-0.051580
130,1.083333,0.044897,0.055572,-0.112940,0.053594,0.087739,-0.083687,0.162148,0.053454,-0.051559
131,1.091667,0.044855,0.055281,-0.112234,0.053561,0.087438,-0.083153,0.162280,0.053307,-0.051435
132,1.100000,0.044858,0.054900,-0.111368,0.053548,0.087067,-0.082252,0.162432,0.053165,-0.051204
133,1.108333,0.044806,0.054475,-0.110505,0.053561,0.086658,-0.081338,0.162654,0.052989,-0.051019
134,1.116667,0.044786,0.053949,-0.109347,0.053605,0.086163,-0.080058,0.162928,0.052777,-0.050983
135,1.125000,0.044698,0.053374,-0.107983,0.053664,0.085565,-0.078881,0.163273,0.052546,-0.050903
136,1.133333,0.044622,0.052751,-0.106681,0.053750,0.084891,-0.077565,0.163606,0.052346,-0.050678
137,1.141667,0.044587,0.052014,-0.105155,0.053827,0.084155,-0.075986,0.164073,0.052165,-0.050790
138,1.150000,0.044546,0.051155,-0.103106,0.053989,0.083322,-0.074195,0.164535,0.052027,-0.050637
139,1.158333,0.044521,0.050230,-0.101084,0.054156,0.082486,-0.072270,0.165071,0.051930,-0.050741
140,1.166667,0.044504,0.049185,-0.098598,0.054378,0.081539,-0.070075,0.165625,0.051842,-0.050666
141,1.175000,0.044534,0.048074,-0.096050,0.054664,0.080547,-0.067705,0.166258,0.051774,-0.050841
142,1.183333,0.044603,0.046857,-0.093406,0.055042,0.079536,-0.065366,0.166912,0.051704,-0.050988
143,1.191667,0.044770,0.045626,-0.090461,0.055476,0.078518,-0.062870,0.167513,0.051610,-0.050911
144,1.200000,0.044984,0.044456,-0.087845,0.055966,0.077496,-0.060457,0.168138,0.051493,-0.050992
145,1.208333,0.045233,0.043364,-0.085187,0.056458,0.076472,-0.058090,0.168765,0.051311,-0.051068
146,1.216667,0.045509,0.042311,-0.082852,0.056974,0.075458,-0.055817,0.169283,0.051059,-0.050969
147,1.225000,0.045825,0.041408,-0.080762,0.057473,0.074456,-0.053678,0.169834,0.050756,-0.051052
148,1.233333,0.046068,0.040612,-0.079115,0.057946,0.073501,-0.051828,0.170266,0.050434,-0.050935
149,1.241667,0.046308,0.039920,-0.077576,0.058357,0.072617,-0.050261,0.170707,0.050119,-0.050994
150,1.250000,0.046513,0.039302,-0.076147,0.058772,0.071825,-0.048857,0.171045,0.049860,-0.050959
151,1.258333,0.046663,0.038719,-0.074821,0.059156,0.071137,-0.047505,0.171387,0.049697,-0.051031
152,1.266667,0.046952,0.038041,-0.073211,0.059601,0.070471,-0.046010,0.171747,0.049662,-0.051264
153,1.275000,0.047247,0.037298,-0.071557,0.060098,0.069836,-0.044510,0.172069,0.049730,-0.051459
154,1.283333,0.047478,0.036572,-0.069855,0.060576,0.069306,-0.043029,0.172381,0.049828,-0.051666
155,1.291667,0.047779,0.035892,-0.068214,0.060995,0.068844,-0.041850,0.172631,0.049940,-0.051845
156,1.300000,0.047976,0.035330,-0.066939,0.061380,0.068422,-0.040593,0.172803,0.050023,-0.051926
157,1.308333,0.048244,0.034848,-0.065633,0.061716,0.068051,-0.039776,0.172922,0.050054,-0.051963
158,1.316667,0.048448,0.034396,-0.064652,0.062057,0.067700,-0.038752,0.173043,0.050042,-0.051964
159,1.325000,0.048631,0.033990,-0.063745,0.062358,0.067341,-0.038006,0.173210,0.049997,-0.052124
160,1.333333,0.048893,0.033567,-0.062655,0.062686,0.066962,-0.036979,0.173391,0.049939,-0.052346
161,1.341667,0.049005,0.033237,-0.061951,0.062974,0.066555,-0.036347,0.173529,0.049883,-0.052409
162,1.350000,0.049200,0.032902,-0.061136,0.063306,0.066232,-0.035513,0.173659,0.049822,-0.052503
163,1.358333,0.049434,0.032528,-0.060356,0.063631,0.065882,-0.034791,0.173789,0.049840,-0.052591
164,1.366667,0.049599,0.032205,-0.059417,0.063986,0.065546,-0.034169,0.173962,0.049859,-0.052749
165,1.375000,0.049897,0.031711,-0.058467,0.064415,0.065214,-0.033245,0.174117,0.049929,-0.052925
166,1.383333,0.050224,0.031294,-0.057202,0.064876,0.064886,-0.032252,0.174290,0.050050,-0.053230
167,1.391667,0.050545,0.030798,-0.056131,0.065338,0.064567,-0.031435,0.174477,0.050147,-0.053388
168,1.400000,0.050976,0.030321,-0.054882,0.065824,0.064299,-0.030598,0.174644,0.050215,-0.053414
169,1.408333,0.051219,0.029976,-0.054091,0.066170,0.064008,-0.029796,0.174723,0.050263,-0.053466
170,1.416667,0.051306,0.029807,-0.053616,0.066418,0.063776,-0.029243,0.174803,0.050253,-0.053479
171,1.425000,0.051423,0.029662,-0.053217,0.066585,0.063647,-0.028985,0.174887,0.050226,-0.053515
172,1.433333,0.051508,0.029560,-0.052979,0.066699,0.063539,-0.028843,0.174937,0.050205,-0.053594
173,1.441667,0.051543,0.029521,-0.052909,0.066783,0.063500,-0.028747,0.174982,0.050215,-0.053673
174,1.450000,0.051593,0.029485,-0.052833,0.066875,0.063499,-0.028783,0.175033,0.050272,-0.053826
175,1.458333,0.051611,0.029487,-0.052805,0.066971,0.063540,-0.028844,0.175076,0.050372,-0.053981
176,1.466667,0.051655,0.029503,-0.052763,0.067075,0.063625,-0.028911,0.175145,0.050519,-0.054278
177,1.475000,0.051748,0.029524,-0.052685,0.067143,0.063754,-0.028987,0.175172,0.050700,-0.054453
178,1.483333,0.051848,0.029573,-0.052658,0.067159,0.063971,-0.029101,0.175185,0.050900,-0.054634
179,1.491667,0.051902,0.029670,-0.052836,0.067066,0.064228,-0.029462,0.175159,0.051058,-0.054773
180,1.500000,0.051833,0.029886,-0.053301,0.066840,0.064561,-0.030080,0.175076,0.051200,-0.054790
181,1.508333,0.051558,0.030275,-0.054433,0.066394,0.064993,-0.030837,0.174925,0.051234,-0.054694
182,1.516667,0.050989,0.030933,-0.055886,0.065683,0.065542,-0.032183,0.174724,0.051201,-0.054604
183,1.525000,0.050225,0.031805,-0.057996,0.064798,0.066213,-0.034061,0.174489,0.051154,-0.054600
184,1.533333,0.049457,0.032805,-0.060428,0.063864,0.067022,-0.036004,0.174158,0.051148,-0.054452
185,1.541667,0.048738,0.033888,-0.063165,0.062873,0.067984,-0.038183,0.173742,0.051181,-0.054415
186,1.550000,0.048055,0.035113,-0.065972,0.061760,0.069155,-0.041038,0.173214,0.051329,-0.054264
187,1.558333,0.047348,0.036464,-0.069065,0.060664,0.070458,-0.043670,0.172567,0.051532,-0.054141
188,1.566667,0.046647,0.037873,-0.072348,0.059574,0.071861,-0.046819,0.171843,0.051811,-0.053996
189,1.575000,0.045992,0.039338,-0.075695,0.058525,0.073381,-0.050065,0.171078,0.052172,-0.053933
190,1.583333,0.045329,0.040905,-0.079243,0.057540,0.074961,-0.053478,0.170241,0.052538,-0.053883
191,1.591667,0.044716,0.042549,-0.082953,0.056591,0.076597,-0.057024,0.169358,0.052937,-0.053894
192,1.600000,0.044192,0.044188,-0.086669,0.055752,0.078225,-0.060467,0.168444,0.053274,-0.053950
193,1.608333,0.043741,0.045732,-0.090012,0.055061,0.079715,-0.063711,0.167572,0.053575,-0.054113
194,1.616667,0.043382,0.047078,-0.093259,0.054504,0.080951,-0.066515,0.166767,0.053910,-0.054286
195,1.625000,0.043078,0.048150,-0.095824,0.054035,0.081884,-0.068857,0.166059,0.054172,-0.054529
196,1.633333,0.042832,0.049044,-0.097936,0.053639,0.082647,-0.070740,0.165457,0.054345,-0.054842
197,1.641667,0.042603,0.049856,-0.099906,0.053258,0.083337,-0.072523,0.164904,0.054422,-0.055115
198,1.650000,0.042380,0.050600,-0.101754,0.052907,0.083964,-0.073972,0.164297,0.054500,-0.055158
199,1.658333,0.042227,0.051271,-0.103231,0.052572,0.084528,-0.075399,0.163778,0.054499,-0.055330
200,1.666667,0.042118,0.051855,-0.104450,0.052317,0.085005,-0.076507,0.163267,0.054454,-0.055248
201,1.675000,0.042044,0.052317,-0.105667,0.052074,0.085383,-0.077680,0.162872,0.054398,-0.055306
202,1.683333,0.041992,0.052665,-0.106444,0.051903,0.085720,-0.078316,0.162509,0.054324,-0.055179
203,1.691667,0.041986,0.052915,-0.107095,0.051780,0.085966,-0.078772,0.162268,0.054268,-0.055095
204,1.700000,0.041974,0.053137,-0.107522,0.051685,0.086158,-0.079182,0.162065,0.054164,-0.054976
205,1.708333,0.042041,0.053325,-0.107877,0.051622,0.086322,-0.079584,0.161889,0.054040,-0.054889
206,1.716667,0.042107,0.053550,-0.108344,0.051545,0.086460,-0.080080,0.161667,0.053891,-0.054601
207,1.725000,0.042275,0.053795,-0.108910,0.051528,0.086661,-0.080508,0.161493,0.053706,-0.054487
208,1.733333,0.042481,0.054117,-0.109617,0.051539,0.086866,-0.081015,0.161329,0.053531,-0.054341
209,1.741667,0.042718,0.054467,-0.110405,0.051576,0.087130,-0.081632,0.161158,0.053397,-0.054245
210,1.750000,0.043015,0.054823,-0.111114,0.051661,0.087436,-0.082282,0.161020,0.053334,-0.054181
211,1.758333,0.043270,0.055103,-0.111730,0.051726,0.087747,-0.082852,0.160905,0.053338,-0.054116
212,1.766667,0.043449,0.055338,-0.112195,0.051784,0.088028,-0.083261,0.160807,0.053381,-0.054016
213,1.775000,0.043567,0.055486,-0.112526,0.051837,0.088303,-0.083684,0.160742,0.053462,-0.054019
214,1.783333,0.043637,0.055589,-0.112712,0.051856,0.088498,-0.083994,0.160664,0.053524,-0.053971
215,1.791667,0.043684,0.055684,-0.112886,0.051855,0.088657,-0.084255,0.160587,0.053544,-0.053935
216,1.800000,0.043706,0.055799,-0.113152,0.051828,0.088758,-0.084450,0.160493,0.053511,-0.053901
217,1.808333,0.043698,0.055868,-0.113303,0.051794,0.088805,-0.084561,0.160393,0.053443,-0.053849
218,1.816667,0.043684,0.055877,-0.113333,0.051742,0.088774,-0.084587,0.160340,0.053365,-0.053790
219,1.825000,0.043674,0.055835,-0.113252,0.051691,0.088664,-0.084423,0.160308,0.053276,-0.053711
220,1.833333,0.043636,0.055774,-0.113126,0.051630,0.088479,-0.084231,0.160318,0.053145,-0.053687
221,1.841667,0.043581,0.055673,-0.113030,0.051583,0.088236,-0.083886,0.160338,0.053005,-0.053596
222,1.850000,0.043522,0.055569,-0.112860,0.051543,0.087948,-0.083541,0.160394,0.052866,-0.053451
223,1.858333,0.043425,0.055439,-0.112599,0.051517,0.087603,-0.083070,0.160492,0.052686,-0.053392
224,1.866667,0.043253,0.055171,-0.111985,0.051483,0.087196,-0.082326,0.160648,0.052499,-0.053341
225,1.875000,0.043093,0.054657,-0.110912,0.051477,0.086637,-0.081319,0.160907,0.052406,-0.053297
226,1.883333,0.042851,0.054050,-0.109474,0.051473,0.085946,-0.079934,0.161293,0.052296,-0.053376
227,1.891667,0.042662,0.053215,-0.107602,0.051521,0.085106,-0.077961,0.161695,0.052210,-0.053323
228,1.900000,0.042484,0.052073,-0.105197,0.051607,0.084042,-0.075738,0.162306,0.052157,-0.053454
229,1.908333,0.042239,0.050708,-0.102229,0.051816,0.082750,-0.072982,0.163034,0.052117,-0.053572
230,1.916667,0.042101,0.049056,-0.098471,0.052121,0.081255,-0.069578,0.163882,0.052085,-0.053780
231,1.925000,0.042096,0.047192,-0.094167,0.052677,0.079582,-0.065879,0.164829,0.052076,-0.053962
232,1.933333,0.042241,0.045210,-0.089738,0.053430,0.077774,-0.061580,0.165867,0.052041,-0.054220
233,1.941667,0.042707,0.043113,-0.084974,0.054430,0.075928,-0.057285,0.166918,0.051985,-0.054378
234,1.950000,0.043470,0.041024,-0.080095,0.055702,0.074070,-0.053019,0.168006,0.051900,-0.054749
235,1.958333,0.044411,0.038976,-0.075204,0.057185,0.072173,-0.048645,0.169057,0.051761,-0.055059
236,1.966667,0.045406,0.037034,-0.070820,0.058826,0.070339,-0.044593,0.170086,0.051583,-0.055375
237,1.975000,0.046473,0.035256,-0.066569,0.060529,0.068650,-0.040849,0.171028,0.051349,-0.055824
238,1.983333,0.047480,0.033734,-0.063145,0.062105,0.067163,-0.037645,0.171809,0.051043,-0.055991
239,1.991667,0.048275,0.032542,-0.060432,0.063405,0.065939,-0.035074,0.172458,0.050675,-0.056126
240,2.000000,0.048891,0.031733,-0.058647,0.064388,0.064951,-0.033212,0.172893,0.050294,-0.056020
241,2.008333,0.049275,0.031255,-0.057414,0.065065,0.064190,-0.031961,0.173223,0.049889,-0.056054
242,2.016667,0.049476,0.030908,-0.056804,0.065566,0.063601,-0.031047,0.173454,0.049555,-0.056011
243,2.025000,0.049634,0.030714,-0.056385,0.065934,0.063189,-0.030588,0.173624,0.049350,-0.056015
244,2.033333,0.049766,0.030575,-0.056052,0.066259,0.062903,-0.030104,0.173766,0.049258,-0.056061
245,2.041667,0.050007,0.030396,-0.055478,0.066562,0.062774,-0.029781,0.173862,0.049313,-0.056174
246,2.050000,0.050283,0.030164,-0.054856,0.066873,0.062734,-0.029527,0.173960,0.049494,-0.056365
247,2.058333,0.050581,0.029933,-0.054247,0.067235,0.062692,-0.029107,0.174047,0.049706,-0.056562
248,2.066667,0.050860,0.029742,-0.053643,0.067500,0.062652,-0.028759,0.174128,0.049918,-0.056800
249,2.075000,0.051000,0.029605,-0.053208,0.067695,0.062604,-0.028513,0.174170,0.050069,-0.056963
250,2.083333,0.051129,0.029451,-0.052919,0.067886,0.062535,-0.028170,0.174196,0.050171,-0.057131
251,2.091667,0.051192,0.029326,-0.052679,0.068012,0.062449,-0.027957,0.174207,0.050228,-0.057240
252,2.100000,0.051218,0.029251,-0.052532,0.068109,0.062365,-0.027892,0.174247,0.050247,-0.057407
253,2.108333,0.051240,0.029227,-0.052493,0.068148,0.062299,-0.027834,0.174289,0.050222,-0.057523
254,2.116667,0.051226,0.029243,-0.052500,0.068192,0.062288,-0.027901,0.174310,0.050218,-0.057593
255,2.125000,0.051229,0.029252,-0.052546,0.068229,0.062309,-0.027965,0.174338,0.050229,-0.057676
256,2.133333,0.051230,0.029279,-0.052574,0.068244,0.062371,-0.028129,0.174377,0.050271,-0.057786
257,2.141667,0.051201,0.029347,-0.052720,0.068217,0.062471,-0.028267,0.174394,0.050327,-0.057911
258,2.150000,0.051086,0.029562,-0.053106,0.068014,0.062692,-0.028622,0.174374,0.050365,-0.057908
259,2.158333,0.050684,0.029962,-0.054214,0.067469,0.063075,-0.029597,0.174275,0.050358,-0.057755
260,2.166667,0.049923,0.030736,-0.056038,0.066615,0.063615,-0.031173,0.174086,0.050270,-0.057530
261,2.175000,0.048956,0.031761,-0.058775,0.065428,0.064407,-0.033356,0.173808,0.050104,-0.057191
262,2.183333,0.047939,0.033143,-0.061951,0.064026,0.065486,-0.036097,0.173486,0.049937,-0.057115
263,2.191667,0.046849,0.034801,-0.065959,0.062547,0.066860,-0.039331,0.172930,0.049810,-0.056630
264,2.200000,0.045987,0.036685,-0.070329,0.061037,0.068480,-0.043170,0.172318,0.049783,-0.056506
265,2.208333,0.045417,0.038647,-0.074688,0.059646,0.070345,-0.047075,0.171594,0.049932,-0.056379
266,2.216667,0.045009,0.040650,-0.079286,0.058405,0.072383,-0.051205,0.170755,0.050265,-0.056236
267,2.225000,0.044619,0.042609,-0.083722,0.057322,0.074411,-0.055407,0.169896,0.050709,-0.056191
268,2.233333,0.044282,0.044536,-0.087863,0.056372,0.076465,-0.059536,0.168987,0.051228,-0.056180
269,2.241667,0.043987,0.046380,-0.091974,0.055562,0.078484,-0.063448,0.168045,0.051780,-0.056241
270,2.250000,0.043716,0.048118,-0.095881,0.054871,0.080345,-0.067276,0.167102,0.052332,-0.056320
271,2.258333,0.043418,0.049667,-0.099203,0.054332,0.081995,-0.070573,0.166248,0.052850,-0.056532
272,2.266667,0.043226,0.051021,-0.102339,0.053917,0.083351,-0.073375,0.165465,0.053251,-0.056738
273,2.275000,0.043068,0.052154,-0.104767,0.053533,0.084396,-0.075791,0.164793,0.053545,-0.057101
274,2.283333,0.042962,0.053007,-0.106938,0.053187,0.085183,-0.077731,0.164187,0.053742,-0.057357
275,2.291667,0.042926,0.053675,-0.108505,0.052905,0.085788,-0.079120,0.163663,0.053845,-0.057603
276,2.300000,0.042867,0.054187,-0.109643,0.052662,0.086271,-0.080214,0.163204,0.053901,-0.057594
277,2.308333,0.042802,0.054510,-0.110462,0.052404,0.086607,-0.081151,0.162895,0.053896,-0.057705
278,2.316667,0.042732,0.054686,-0.110774,0.052209,0.086820,-0.081529,0.162581,0.053851,-0.057448
279,2.325000,0.042666,0.054798,-0.111044,0.052036,0.086918,-0.081763,0.162366,0.053765,-0.057319
280,2.333333,0.042645,0.054824,-0.111091,0.051914,0.086964,-0.081866,0.162209,0.053639,-0.057165
281,2.341667,0.042641,0.054826,-0.111082,0.051813,0.086934,-0.081876,0.162099,0.053464,-0.057011
282,2.350000,0.042635,0.054862,-0.111216,0.051740,0.086895,-0.081970,0.162021,0.053269,-0.056874
283,2.358333,0.042653,0.054937,-0.111463,0.051699,0.086862,-0.082091,0.161961,0.053076,-0.056734
284,2.366667,0.042728,0.055004,-0.111605,0.051701,0.086923,-0.082242,0.161879,0.052902,-0.056563
285,2.375000,0.042798,0.055097,-0.111782,0.051718,0.087020,-0.082407,0.161822,0.052789,-0.056391
286,2.383333,0.042887,0.055225,-0.112064,0.051746,0.087149,-0.082576,0.161751,0.052729,-0.056187
287,2.391667,0.042959,0.055345,-0.112268,0.051769,0.087278,-0.082778,0.161705,0.052697,-0.056097
288,2.400000,0.043027,0.055411,-0.112361,0.051776,0.087377,-0.082896,0.161672,0.052692,-0.056037
289,2.408333,0.043078,0.055399,-0.112374,0.051778,0.087387,-0.082899,0.161659,0.052681,-0.055990
290,2.416667,0.043078,0.055367,-0.112350,0.051767,0.087300,-0.082811,0.161678,0.052622,-0.055967
291,2.425000,0.043081,0.055288,-0.112251,0.051745,0.087102,-0.082605,0.161737,0.052525,-0.055994
292,2.433333,0.043088,0.055160,-0.112038,0.051732,0.086825,-0.082175,0.161830,0.052401,-0.056043
293,2.441667,0.043120,0.054899,-0.111404,0.051737,0.086461,-0.081301,0.161997,0.052234,-0.056134
294,2.450000,0.043130,0.054422,-0.110318,0.051775,0.085939,-0.080265,0.162222,0.052111,-0.056021
295,2.458333,0.043063,0.053874,-0.109116,0.051821,0.085231,-0.079000,0.162527,0.051909,-0.055998
296,2.466667,0.043044,0.053118,-0.107609,0.051931,0.084344,-0.077355,0.162953,0.051648,-0.056023
297,2.475000,0.043150,0.052048,-0.104983,0.052180,0.083309,-0.074872,0.163486,0.051439,-0.055965
298,2.483333,0.043309,0.050544,-0.101724,0.052509,0.082028,-0.071957,0.164244,0.051339,-0.055998
299,2.491667,0.043435,0.048729,-0.097562,0.053032,0.080423,-0.068348,0.165167,0.051284,-0.056132
300,2.500000,0.043552,0.046717,-0.092900,0.053778,0.078504,-0.063797,0.166208,0.051210,-0.056262
301,2.508333,0.043936,0.044391,-0.087589,0.054851,0.076387,-0.058956,0.167317,0.051143,-0.056500
302,2.516667,0.044583,0.041827,-0.081793,0.056297,0.074090,-0.053698,0.168504,0.051086,-0.056767
303,2.525000,0.045509,0.039294,-0.075895,0.058088,0.071709,-0.048536,0.169688,0.050971,-0.057115
304,2.533333,0.046706,0.036837,-0.070118,0.060121,0.069377,-0.043297,0.170769,0.050731,-0.057268
305,2.541667,0.048123,0.034567,-0.064874,0.062317,0.067202,-0.038516,0.171744,0.050427,-0.057469
306,2.550000,0.049603,0.032504,-0.060135,0.064476,0.065253,-0.034029,0.172597,0.050009,-0.057644
307,2.558333,0.050924,0.030775,-0.056099,0.066443,0.063534,-0.030226,0.173275,0.049560,-0.057583
308,2.566667,0.051975,0.029432,-0.053115,0.067988,0.062088,-0.027368,0.173786,0.049077,-0.057506
309,2.575000,0.052670,0.028498,-0.051125,0.069030,0.061007,-0.025536,0.174135,0.048566,-0.057324
310,2.583333,0.053014,0.027990,-0.050099,0.069586,0.060224,-0.024134,0.174333,0.048102,-0.057247
311,2.591667,0.053071,0.027829,-0.049908,0.069781,0.059801,-0.023708,0.174395,0.047772,-0.057170
312,2.600000,0.052986,0.027871,-0.049949,0.069727,0.059716,-0.023733,0.174420,0.047604,-0.057147
313,2.608333,0.052934,0.027952,-0.050108,0.069621,0.059913,-0.023939,0.174409,0.047653,-0.057217
314,2.616667,0.052871,0.028113,-0.050327,0.069445,0.060289,-0.024358,0.174357,0.047896,-0.057268
315,2.625000,0.052746,0.028386,-0.050907,0.069133,0.060830,-0.025266,0.174284,0.048257,-0.057362
316,2.633333,0.052531,0.028855,-0.051729,0.068699,0.061494,-0.026222,0.174162,0.048620,-0.057481
317,2.641667,0.052143,0.029390,-0.053115,0.068055,0.062218,-0.027468,0.174013,0.048960,-0.057577
318,2.650000,0.051548,0.030106,-0.054708,0.067236,0.062990,-0.029183,0.173849,0.049211,-0.057744
319,2.658333,0.050807,0.030994,-0.056783,0.066243,0.063832,-0.031142,0.173668,0.049367,-0.057825
320,2.666667,0.049999,0.032087,-0.059343,0.065111,0.064799,-0.033377,0.173417,0.049443,-0.057766
321,2.675000,0.049126,0.033324,-0.062270,0.063792,0.065947,-0.035999,0.173049,0.049452,-0.057558
322,2.683333,0.048175,0.034765,-0.065611,0.062429,0.067197,-0.039022,0.172646,0.049432,-0.057444
323,2.691667,0.047248,0.036331,-0.069346,0.061072,0.068565,-0.042237,0.172136,0.049451,-0.057202
324,2.700000,0.046520,0.037980,-0.073270,0.059788,0.070038,-0.045816,0.171595,0.049526,-0.057128
325,2.708333,0.045902,0.039725,-0.077100,0.058629,0.071664,-0.049314,0.170944,0.049725,-0.056895
326,2.716667,0.045452,0.041488,-0.081216,0.057573,0.073425,-0.053112,0.170242,0.049998,-0.056851
327,2.725000,0.045033,0.043285,-0.085125,0.056617,0.075197,-0.056943,0.169506,0.050301,-0.056777
328,2.733333,0.044669,0.045146,-0.089358,0.055824,0.076945,-0.060776,0.168725,0.050594,-0.056870
329,2.741667,0.044359,0.046923,-0.093560,0.055143,0.078644,-0.064472,0.167885,0.050913,-0.056812
330,2.750000,0.044104,0.048597,-0.097173,0.054605,0.080238,-0.067879,0.167054,0.051200,-0.056897
331,2.758333,0.043986,0.050138,-0.100607,0.054175,0.081739,-0.071096,0.166231,0.051471,-0.057013
332,2.766667,0.043950,0.051518,-0.103775,0.053828,0.083044,-0.074040,0.165528,0.051759,-0.057315
333,2.775000,0.043969,0.052707,-0.106419,0.053566,0.084166,-0.076377,0.164907,0.052027,-0.057568
334,2.783333,0.044035,0.053694,-0.108616,0.053368,0.085110,-0.078469,0.164328,0.052273,-0.057677
335,2.791667,0.044114,0.054458,-0.110345,0.053219,0.085892,-0.080261,0.163915,0.052510,-0.057963
336,2.800000,0.044188,0.055061,-0.111675,0.053097,0.086580,-0.081446,0.163525,0.052735,-0.058021
337,2.808333,0.044232,0.055449,-0.112491,0.052982,0.087119,-0.082368,0.163244,0.052933,-0.058065
338,2.816667,0.044264,0.055717,-0.113008,0.052855,0.087551,-0.083175,0.163017,0.053035,-0.058133
339,2.825000,0.044265,0.055918,-0.113371,0.052737,0.087846,-0.083708,0.162810,0.053071,-0.058060
340,2.833333,0.044283,0.056087,-0.113751,0.052631,0.088030,-0.084094,0.162581,0.053017,-0.057796
341,2.841667,0.044329,0.056257,-0.114049,0.052563,0.088219,-0.084341,0.162394,0.052896,-0.057666
342,2.850000,0.044370,0.056440,-0.114492,0.052507,0.088369,-0.084689,0.162241,0.052765,-0.057528
343,2.858333,0.044449,0.056606,-0.114925,0.052483,0.088483,-0.084973,0.162112,0.052615,-0.057420
344,2.866667,0.044541,0.056801,-0.115337,0.052483,0.088616,-0.085326,0.161979,0.052483,-0.057363
345,2.875000,0.044636,0.056992,-0.115721,0.052489,0.088744,-0.085640,0.161874,0.052414,-0.057309
346,2.883333,0.044724,0.057099,-0.115937,0.052507,0.088915,-0.085889,0.161776,0.052411,-0.057179
347,2.891667,0.044788,0.057152,-0.116066,0.052500,0.089004,-0.086055,0.161728,0.052463,-0.057112
348,2.900000,0.044810,0.057165,-0.116072,0.052485,0.089067,-0.086171,0.161695,0.052518,-0.057072
349,2.908333,0.044820,0.057154,-0.116061,0.052463,0.089065,-0.086179,0.161692,0.052552,-0.057087
350,2.916667,0.044814,0.057129,-0.116035,0.052444,0.089020,-0.086114,0.161701,0.052546,-0.057088
351,2.925000,0.044808,0.057071,-0.115932,0.052432,0.088905,-0.085936,0.161761,0.052491,-0.057134
352,2.933333,0.044801,0.056931,-0.115631,0.052424,0.088707,-0.085560,0.161840,0.052429,-0.057187
353,2.941667,0.044816,0.056645,-0.115044,0.052408,0.088399,-0.084940,0.161989,0.052339,-0.057194
354,2.950000,0.044821,0.056296,-0.114286,0.052426,0.087936,-0.084132,0.162204,0.052196,-0.057165
355,2.958333,0.044805,0.055806,-0.113233,0.052448,0.087322,-0.083019,0.162472,0.052047,-0.057133
356,2.966667,0.044817,0.055081,-0.111534,0.052534,0.086541,-0.081510,0.162909,0.051877,-0.057281
357,2.975000,0.044835,0.054088,-0.109426,0.052700,0.085559,-0.079322,0.163414,0.051732,-0.057261
358,2.983333,0.044778,0.052839,-0.106475,0.052881,0.084381,-0.076705,0.164106,0.051605,-0.057375
359,2.991667,0.044810,0.051177,-0.102707,0.053256,0.082953,-0.073193,0.164933,0.051519,-0.057523
360,3.000000,0.044873,0.049221,-0.098147,0.053805,0.081202,-0.069219,0.165912,0.051470,-0.057698
361,3.008333,0.044962,0.047063,-0.093244,0.054554,0.079174,-0.064696,0.166966,0.051414,-0.057860
362,3.016667,0.045316,0.044697,-0.088025,0.055664,0.076937,-0.059632,0.168066,0.051318,-0.058103
363,3.025000,0.045984,0.042233,-0.082413,0.057059,0.074621,-0.054455,0.169175,0.051205,-0.058364
364,3.033333,0.046916,0.039803,-0.076852,0.058783,0.072342,-0.049379,0.170235,0.051088,-0.058599
365,3.041667,0.048137,0.037425,-0.071346,0.060764,0.070090,-0.044292,0.171243,0.050942,-0.058921
366,3.050000,0.049512,0.035185,-0.066159,0.062889,0.067992,-0.039590,0.172144,0.050719,-0.059152
367,3.058333,0.050904,0.033228,-0.061552,0.064994,0.066083,-0.035361,0.172907,0.050479,-0.059299
368,3.066667,0.052201,0.031566,-0.057767,0.066931,0.064402,-0.031741,0.173573,0.050186,-0.059491
369,3.075000,0.053257,0.030209,-0.054786,0.068527,0.062990,-0.028967,0.174070,0.049828,-0.059494
370,3.083333,0.054065,0.029247,-0.052668,0.069731,0.061924,-0.026866,0.174417,0.049500,-0.059532
371,3.091667,0.054557,0.028671,-0.051378,0.070464,0.061154,-0.025491,0.174604,0.049248,-0.059458
372,3.100000,0.054704,0.028426,-0.050983,0.070802,0.060744,-0.025005,0.174695,0.049055,-0.059308
373,3.108333,0.054639,0.028456,-0.050969,0.070812,0.060646,-0.024984,0.174726,0.048974,-0.059321
374,3.116667,0.054565,0.028563,-0.050977,0.070718,0.060853,-0.025248,0.174710,0.049044,-0.059380
375,3.125000,0.054560,0.028682,-0.051256,0.070619,0.061171,-0.025609,0.174702,0.049271,-0.059572
376,3.133333,0.054530,0.028867,-0.051585,0.070475,0.061575,-0.026051,0.174688,0.049563,-0.059761
377,3.141667,0.054508,0.029105,-0.051996,0.070236,0.062049,-0.026775,0.174645,0.049905,-0.060018
378,3.150000,0.054378,0.029413,-0.052717,0.069929,0.062583,-0.027475,0.174593,0.050213,-0.060141
379,3.158333,0.054007,0.029898,-0.053716,0.069369,0.063151,-0.028587,0.174480,0.050421,-0.060163
380,3.166667,0.053376,0.030529,-0.055198,0.068615,0.063772,-0.030001,0.174342,0.050541,-0.060204
381,3.175000,0.052584,0.031306,-0.057109,0.067647,0.064442,-0.031565,0.174148,0.050555,-0.060067
382,3.183333,0.051624,0.032296,-0.059478,0.066405,0.065255,-0.033730,0.173906,0.050479,-0.059846
383,3.191667,0.050440,0.033469,-0.062502,0.064985,0.066232,-0.036332,0.173601,0.050341,-0.059562
384,3.200000,0.049205,0.034965,-0.065902,0.063428,0.067435,-0.039401,0.173190,0.050173,-0.059245
385,3.208333,0.048005,0.036669,-0.070091,0.061880,0.068839,-0.042842,0.172686,0.050003,-0.058883
386,3.216667,0.047079,0.038516,-0.074315,0.060372,0.070395,-0.046724,0.172033,0.049960,-0.058606
387,3.225000,0.046440,0.040440,-0.078741,0.058997,0.072226,-0.050659,0.171363,0.050055,-0.058345
388,3.233333,0.045942,0.042470,-0.083505,0.057778,0.074176,-0.054898,0.170570,0.050245,-0.058206
389,3.241667,0.045498,0.044594,-0.088148,0.056672,0.076197,-0.059361,0.169676,0.050500,-0.058148
390,3.250000,0.045175,0.046672,-0.092798,0.055785,0.078248,-0.063629,0.168718,0.050775,-0.058087
391,3.258333,0.045044,0.048626,-0.097126,0.055091,0.080240,-0.067966,0.167747,0.051159,-0.058046
392,3.266667,0.045016,0.050345,-0.100888,0.054616,0.082043,-0.071464,0.166867,0.051575,-0.058155
393,3.275000,0.044960,0.051783,-0.104282,0.054249,0.083593,-0.074576,0.166067,0.052013,-0.058214
394,3.283333,0.044907,0.053013,-0.106748,0.053952,0.084904,-0.077365,0.165359,0.052349,-0.058247
395,3.291667,0.044974,0.053939,-0.108937,0.053726,0.085889,-0.079243,0.164811,0.052630,-0.058533
396,3.300000,0.045010,0.054654,-0.110528,0.053504,0.086639,-0.080993,0.164258,0.052793,-0.058448
397,3.308333,0.045034,0.055221,-0.111666,0.053322,0.087169,-0.082088,0.163840,0.052846,-0.058496
398,3.316667,0.045052,0.055528,-0.112412,0.053177,0.087488,-0.082696,0.163473,0.052825,-0.058285
399,3.325000,0.045081,0.055654,-0.112675,0.053029,0.087613,-0.082978,0.163237,0.052720,-0.058200
400,3.333333,0.045077,0.055686,-0.112746,0.052876,0.087604,-0.083108,0.163060,0.052521,-0.058041
401,3.341667,0.045070,0.055673,-0.112772,0.052752,0.087492,-0.083099,0.162939,0.052253,-0.057832
402,3.350000,0.045062,0.055648,-0.112746,0.052650,0.087364,-0.083050,0.162798,0.051930,-0.057544
403,3.358333,0.045056,0.055629,-0.112736,0.052586,0.087233,-0.082954,0.162664,0.051575,-0.057179
404,3.366667,0.045061,0.055638,-0.112766,0.052524,0.087134,-0.082809,0.162552,0.051272,-0.056837
405,3.375000,0.045095,0.055717,-0.112921,0.052494,0.087085,-0.082824,0.162461,0.051000,-0.056634
406,3.383333,0.045166,0.055864,-0.113207,0.052486,0.087114,-0.082953,0.162364,0.050769,-0.056463
407,3.391667,0.045297,0.056022,-0.113514,0.052508,0.087207,-0.083202,0.162261,0.050605,-0.056296
408,3.400000,0.045449,0.056180,-0.113924,0.052543,0.087355,-0.083523,0.162179,0.050521,-0.056138
409,3.408333,0.045591,0.056355,-0.114393,0.052586,0.087538,-0.083877,0.162092,0.050474,-0.056039
410,3.416667,0.045744,0.056467,-0.114649,0.052641,0.087724,-0.084110,0.162018,0.050477,-0.055940
411,3.425000,0.045856,0.056503,-0.114679,0.052671,0.087819,-0.084232,0.161992,0.050504,-0.055891
412,3.433333,0.045868,0.056491,-0.114657,0.052673,0.087782,-0.084153,0.162009,0.050513,-0.055853
413,3.441667,0.045863,0.056416,-0.114504,0.052661,0.087591,-0.083917,0.162093,0.050490,-0.055865
414,3.450000,0.045839,0.056230,-0.114082,0.052667,0.087266,-0.083348,0.162229,0.050400,-0.055805
415,3.458333,0.045823,0.055777,-0.113071,0.052700,0.086785,-0.082332,0.162424,0.050276,-0.055791
416,3.466667,0.045774,0.055101,-0.111590,0.052749,0.086028,-0.080779,0.162758,0.050087,-0.055742
417,3.475000,0.045642,0.054203,-0.109694,0.052817,0.085021,-0.078781,0.163240,0.049853,-0.055729
418,3.483333,0.045471,0.052936,-0.106784,0.052921,0.083709,-0.076063,0.163874,0.049577,-0.055765
419,3.491667,0.045331,0.051221,-0.102937,0.053190,0.082103,-0.072400,0.164644,0.049329,-0.055657
420,3.500000,0.045182,0.049122,-0.098245,0.053623,0.080091,-0.067878,0.165572,0.049089,-0.055615
421,3.508333,0.045121,0.046719,-0.092731,0.054287,0.077794,-0.062989,0.166596,0.048833,-0.055654
422,3.516667,0.045260,0.044094,-0.086931,0.055281,0.075250,-0.057316,0.167703,0.048577,-0.055889
423,3.525000,0.045654,0.041373,-0.080833,0.056621,0.072540,-0.051578,0.168747,0.048352,-0.056035
424,3.533333,0.046328,0.038644,-0.074629,0.058345,0.069812,-0.045831,0.169764,0.048152,-0.056254
425,3.541667,0.047221,0.035995,-0.068799,0.060334,0.067220,-0.040238,0.170718,0.047945,-0.056499
426,3.550000,0.048424,0.033536,-0.063034,0.062501,0.064868,-0.035157,0.171558,0.047755,-0.056683
427,3.558333,0.049776,0.031311,-0.057796,0.064724,0.062839,-0.030472,0.172302,0.047613,-0.056772
428,3.566667,0.051179,0.029313,-0.053378,0.066806,0.061182,-0.026583,0.172957,0.047438,-0.056865
429,3.575000,0.052381,0.027777,-0.049665,0.068493,0.059888,-0.023536,0.173464,0.047249,-0.056956
430,3.583333,0.053112,0.026750,-0.047226,0.069624,0.058951,-0.021346,0.173748,0.046989,-0.056765
431,3.591667,0.053418,0.026285,-0.046329,0.070093,0.058383,-0.020516,0.173844,0.046730,-0.056644
432,3.600000,0.053274,0.026339,-0.046486,0.069963,0.058268,-0.020406,0.173821,0.046545,-0.056604
433,3.608333,0.052995,0.026649,-0.047113,0.069490,0.058675,-0.020942,0.173777,0.046432,-0.056583
434,3.616667,0.052482,0.027217,-0.048459,0.068780,0.059261,-0.022375,0.173678,0.046469,-0.056524
435,3.625000,0.051665,0.028075,-0.050226,0.067797,0.060108,-0.024090,0.173513,0.046597,-0.056487
436,3.633333,0.050911,0.029099,-0.052657,0.066722,0.061227,-0.026478,0.173304,0.046810,-0.056533
437,3.641667,0.050224,0.030382,-0.055433,0.065491,0.062597,-0.029104,0.173066,0.047152,-0.056558
438,3.650000,0.049528,0.031801,-0.058677,0.064155,0.064197,-0.032230,0.172777,0.047525,-0.056697
439,3.658333,0.048775,0.033423,-0.062388,0.062714,0.065923,-0.035802,0.172394,0.047902,-0.056712
440,3.666667,0.047936,0.035222,-0.066546,0.061221,0.067718,-0.039543,0.171919,0.048260,-0.056626
441,3.675000,0.047174,0.037132,-0.070805,0.059815,0.069620,-0.043695,0.171351,0.048576,-0.056643
442,3.683333,0.046498,0.039107,-0.075236,0.058514,0.071539,-0.047806,0.170756,0.048870,-0.056657
443,3.691667,0.045897,0.041106,-0.079906,0.057367,0.073484,-0.052121,0.170049,0.049133,-0.056516
444,3.700000,0.045427,0.043125,-0.084588,0.056403,0.075346,-0.056327,0.169316,0.049347,-0.056429
445,3.708333,0.045071,0.045156,-0.089048,0.055625,0.077116,-0.060360,0.168581,0.049540,-0.056422
446,3.716667,0.044940,0.047046,-0.093361,0.055026,0.078781,-0.064368,0.167849,0.049712,-0.056448
447,3.725000,0.044940,0.048783,-0.097365,0.054564,0.080271,-0.067828,0.167083,0.049889,-0.056378
448,3.733333,0.045040,0.050350,-0.101050,0.054194,0.081543,-0.071070,0.166364,0.050046,-0.056341
449,3.741667,0.045190,0.051692,-0.104175,0.053949,0.082618,-0.073808,0.165727,0.050177,-0.056399
450,3.750000,0.045397,0.052890,-0.106898,0.053693,0.083559,-0.076217,0.165166,0.050306,-0.056512
451,3.758333,0.045655,0.053820,-0.108894,0.053551,0.084390,-0.078051,0.164630,0.050401,-0.056483
452,3.766667,0.045806,0.054559,-0.110543,0.053382,0.085096,-0.079816,0.164212,0.050462,-0.056561
453,3.775000,0.045806,0.055157,-0.111838,0.053237,0.085620,-0.080879,0.163824,0.050459,-0.056512
454,3.783333,0.045842,0.055512,-0.112649,0.053128,0.085998,-0.081609,0.163483,0.050375,-0.056287
455,3.791667,0.045842,0.055702,-0.113160,0.053003,0.086213,-0.082092,0.163255,0.050231,-0.056199
456,3.800000,0.045803,0.055834,-0.113472,0.052851,0.086298,-0.082384,0.163052,0.050000,-0.056016
457,3.808333,0.045751,0.055935,-0.113686,0.052697,0.086312,-0.082517,0.162851,0.049694,-0.055720
458,3.816667,0.045746,0.055980,-0.113812,0.052598,0.086257,-0.082482,0.162693,0.049387,-0.055401
459,3.825000,0.045732,0.056026,-0.113894,0.052533,0.086197,-0.082419,0.162612,0.049119,-0.055238
460,3.833333,0.045754,0.056010,-0.113885,0.052494,0.086132,-0.082362,0.162536,0.048860,-0.055060
461,3.841667,0.045806,0.056014,-0.113926,0.052477,0.086087,-0.082340,0.162491,0.048644,-0.054935
462,3.850000,0.045865,0.056040,-0.113996,0.052485,0.086090,-0.082372,0.162457,0.048521,-0.054853
463,3.858333,0.045906,0.056063,-0.113991,0.052504,0.086185,-0.082462,0.162431,0.048478,-0.054801
464,3.866667,0.045965,0.056107,-0.113986,0.052530,0.086333,-0.082612,0.162425,0.048514,-0.054799
465,3.875000,0.046000,0.056160,-0.114006,0.052573,0.086508,-0.082739,0.162421,0.048623,-0.054788
466,3.883333,0.046042,0.056201,-0.113990,0.052618,0.086687,-0.082865,0.162415,0.048793,-0.054778
467,3.891667,0.046061,0.056221,-0.114021,0.052661,0.086824,-0.083046,0.162431,0.048969,-0.054835
468,3.900000,0.046069,0.056222,-0.114004,0.052696,0.086891,-0.083075,0.162466,0.049101,-0.054947
469,3.908333,0.046072,0.056198,-0.113991,0.052729,0.086876,-0.083024,0.162525,0.049214,-0.054981
470,3.916667,0.046070,0.056127,-0.113866,0.052763,0.086763,-0.082812,0.162619,0.049257,-0.055060
471,3.925000,0.046090,0.055946,-0.113450,0.052829,0.086509,-0.082297,0.162753,0.049239,-0.055069
472,3.933333,0.046092,0.055555,-0.112619,0.052899,0.086073,-0.081415,0.163014,0.049176,-0.055182
473,3.941667,0.046014,0.054989,-0.111350,0.052959,0.085405,-0.080092,0.163324,0.049032,-0.055156
474,3.950000,0.045875,0.054122,-0.109532,0.053042,0.084441,-0.078307,0.163737,0.048808,-0.055115
475,3.958333,0.045649,0.052939,-0.106862,0.053188,0.083224,-0.075611,0.164310,0.048558,-0.055203
476,3.966667,0.045483,0.051350,-0.103357,0.053376,0.081730,-0.072318,0.164975,0.048362,-0.055176
477,3.975000,0.045343,0.049364,-0.098967,0.053718,0.079869,-0.068118,0.165747,0.048215,-0.055170
478,3.983333,0.045264,0.047050,-0.093782,0.054277,0.077651,-0.063385,0.166671,0.048112,-0.055325
479,3.991667,0.045279,0.044430,-0.087814,0.055147,0.075129,-0.057760,0.167669,0.048024,-0.055547
480,4.000000,0.045583,0.041624,-0.081601,0.056387,0.072414,-0.051976,0.168729,0.047935,-0.055883
481,4.008333,0.046243,0.038755,-0.075052,0.058041,0.069646,-0.045967,0.169708,0.047826,-0.056108
482,4.016667,0.047105,0.035976,-0.068886,0.060024,0.066988,-0.040290,0.170611,0.047704,-0.056375
483,4.025000,0.048281,0.033457,-0.063094,0.062193,0.064602,-0.035043,0.171395,0.047584,-0.056581
484,4.033333,0.049623,0.031290,-0.057917,0.064373,0.062545,-0.030411,0.172046,0.047447,-0.056742
485,4.041667,0.051017,0.029423,-0.053745,0.066404,0.060853,-0.026553,0.172622,0.047300,-0.056912
486,4.050000,0.052222,0.027951,-0.050342,0.068145,0.059564,-0.023492,0.173057,0.047091,-0.056906
487,4.058333,0.053126,0.026908,-0.047920,0.069391,0.058592,-0.021477,0.173368,0.046921,-0.057062
488,4.066667,0.053580,0.026365,-0.046728,0.070144,0.058020,-0.020427,0.173535,0.046824,-0.057183
489,4.075000,0.053676,0.026268,-0.046576,0.070341,0.057819,-0.020135,0.173611,0.046782,-0.057233
490,4.083333,0.053475,0.026464,-0.046943,0.070080,0.058150,-0.020660,0.173625,0.046784,-0.057283
491,4.091667,0.053190,0.026904,-0.047813,0.069530,0.058790,-0.021585,0.173583,0.046908,-0.057389
492,4.100000,0.052588,0.027575,-0.049438,0.068746,0.059560,-0.023228,0.173504,0.047145,-0.057429
493,4.108333,0.051896,0.028433,-0.051490,0.067828,0.060523,-0.025093,0.173365,0.047421,-0.057469
494,4.116667,0.051232,0.029433,-0.053838,0.066833,0.061596,-0.027306,0.173221,0.047736,-0.057560
495,4.125000,0.050521,0.030596,-0.056364,0.065714,0.062820,-0.029776,0.173028,0.048114,-0.057641
496,4.133333,0.049831,0.031876,-0.059250,0.064475,0.064248,-0.032698,0.172826,0.048455,-0.057778
497,4.141667,0.049148,0.033312,-0.062386,0.063113,0.065780,-0.035787,0.172527,0.048744,-0.057775
498,4.150000,0.048400,0.034891,-0.065886,0.061685,0.067328,-0.039074,0.172092,0.048995,-0.057510
499,4.158333,0.047616,0.036524,-0.069833,0.060268,0.068924,-0.042799,0.171678,0.049150,-0.057609
500,4.166667,0.046791,0.038248,-0.073886,0.058932,0.070564,-0.046447,0.171139,0.049261,-0.057361
501,4.175000,0.046025,0.040026,-0.077972,0.057713,0.072288,-0.050163,0.170583,0.049337,-0.057297
502,4.183333,0.045312,0.041828,-0.082128,0.056603,0.074036,-0.054041,0.169922,0.049408,-0.057039
503,4.191667,0.044721,0.043643,-0.086128,0.055631,0.075739,-0.057941,0.169226,0.049449,-0.056816
504,4.200000,0.044269,0.045417,-0.090156,0.054823,0.077429,-0.061514,0.168552,0.049490,-0.056577
505,4.208333,0.044014,0.047087,-0.093729,0.054176,0.079049,-0.064878,0.167859,0.049540,-0.056401
506,4.216667,0.044011,0.048545,-0.097027,0.053685,0.080498,-0.067911,0.167109,0.049577,-0.056075
507,4.225000,0.044169,0.049765,-0.099828,0.053386,0.081756,-0.070714,0.166430,0.049619,-0.055767
508,4.233333,0.044342,0.050770,-0.102157,0.053176,0.082760,-0.072737,0.165945,0.049675,-0.055794
509,4.241667,0.044462,0.051561,-0.103842,0.053018,0.083542,-0.074342,0.165443,0.049703,-0.055517
510,4.250000,0.044565,0.052183,-0.105224,0.052835,0.084135,-0.075709,0.165075,0.049675,-0.055431
511,4.258333,0.044619,0.052675,-0.106243,0.052708,0.084586,-0.076686,0.164676,0.049590,-0.055141
512,4.266667,0.044655,0.053073,-0.107102,0.052588,0.084913,-0.077453,0.164351,0.049404,-0.054942
513,4.275000,0.044704,0.053426,-0.108056,0.052477,0.085162,-0.078104,0.164048,0.049143,-0.054771
514,4.283333,0.044752,0.053764,-0.108956,0.052371,0.085364,-0.078815,0.163715,0.048859,-0.054357
515,4.291667,0.044789,0.054091,-0.109612,0.052297,0.085558,-0.079382,0.163476,0.048604,-0.054212
516,4.300000,0.044846,0.054386,-0.110266,0.052270,0.085740,-0.079943,0.163280,0.048418,-0.054069
517,4.308333,0.044893,0.054634,-0.110752,0.052252,0.085931,-0.080386,0.163083,0.048289,-0.053823
518,4.316667,0.045005,0.054852,-0.111178,0.052255,0.086109,-0.080726,0.162906,0.048195,-0.053586
519,4.325000,0.045111,0.055032,-0.111628,0.052246,0.086301,-0.081097,0.162762,0.048118,-0.053507
520,4.333333,0.045227,0.055223,-0.112059,0.052248,0.086489,-0.081488,0.162599,0.048070,-0.053360
521,4.341667,0.045327,0.055406,-0.112474,0.052258,0.086718,-0.081942,0.162454,0.048061,-0.053258
522,4.350000,0.045422,0.055668,-0.112983,0.052278,0.086982,-0.082334,0.162311,0.048059,-0.053199
523,4.358333,0.045565,0.055973,-0.113602,0.052289,0.087246,-0.082895,0.162101,0.048077,-0.053046
524,4.366667,0.045699,0.056287,-0.114348,0.052300,0.087511,-0.083483,0.161924,0.048077,-0.053025
525,4.375000,0.045826,0.056589,-0.115000,0.052328,0.087767,-0.084097,0.161750,0.048092,-0.053039
526,4.383333,0.045985,0.056855,-0.115603,0.052351,0.088010,-0.084657,0.161581,0.048089,-0.052997
527,4.391667,0.046066,0.057091,-0.116092,0.052365,0.088186,-0.085045,0.161451,0.048064,-0.052973
528,4.400000,0.046140,0.057224,-0.116381,0.052365,0.088324,-0.085298,0.161325,0.048031,-0.052864
529,4.408333,0.046172,0.057327,-0.116658,0.052348,0.088372,-0.085424,0.161246,0.047971,-0.052783
530,4.416667,0.046163,0.057350,-0.116701,0.052316,0.088374,-0.085437,0.161159,0.047895,-0.052597
531,4.425000,0.046151,0.057302,-0.116595,0.052257,0.088247,-0.085320,0.161132,0.047787,-0.052523
532,4.433333,0.046103,0.057230,-0.116449,0.052200,0.088021,-0.085066,0.161149,0.047669,-0.052484
533,4.441667,0.046044,0.057074,-0.116197,0.052120,0.087683,-0.084506,0.161231,0.047538,-0.052536
534,4.450000,0.045943,0.056770,-0.115672,0.052056,0.087229,-0.083877,0.161361,0.047380,-0.052611
535,4.458333,0.045812,0.056312,-0.114669,0.051982,0.086639,-0.082895,0.161542,0.047217,-0.052537
536,4.466667,0.045605,0.055624,-0.113164,0.051888,0.085848,-0.081356,0.161836,0.047067,-0.052490
537,4.475000,0.045361,0.054563,-0.110812,0.051829,0.084874,-0.079089,0.162266,0.046939,-0.052528
538,4.483333,0.045022,0.053170,-0.107821,0.051792,0.083538,-0.076301,0.162818,0.046795,-0.052516
539,4.491667,0.044629,0.051422,-0.103847,0.051871,0.081895,-0.072598,0.163572,0.046698,-0.052677
540,4.500000,0.044339,0.049260,-0.099064,0.052085,0.079913,-0.068372,0.164456,0.046677,-0.052877
541,4.508333,0.044171,0.046800,-0.093680,0.052584,0.077687,-0.063257,0.165450,0.046706,-0.053070
542,4.516667,0.044140,0.044216,-0.087682,0.053383,0.075275,-0.057806,0.166508,0.046750,-0.053324
543,4.525000,0.044432,0.041490,-0.081623,0.054543,0.072714,-0.052166,0.167581,0.046789,-0.053669
544,4.533333,0.045008,0.038779,-0.075460,0.056096,0.070153,-0.046446,0.168649,0.046829,-0.054112
545,4.541667,0.045789,0.036233,-0.069631,0.057946,0.067653,-0.041098,0.169607,0.046843,-0.054551
546,4.550000,0.046736,0.033901,-0.064358,0.059952,0.065377,-0.036114,0.170386,0.046813,-0.054864
547,4.558333,0.047913,0.031860,-0.059634,0.061967,0.063408,-0.031922,0.171094,0.046744,-0.055199
548,4.566667,0.049034,0.030196,-0.055827,0.063770,0.061782,-0.028491,0.171719,0.046646,-0.055560
549,4.575000,0.049942,0.028899,-0.052930,0.065251,0.060559,-0.025887,0.172158,0.046506,-0.055624
550,4.583333,0.050579,0.028056,-0.050977,0.066339,0.059653,-0.024004,0.172436,0.046393,-0.055831
551,4.591667,0.050970,0.027581,-0.050199,0.066953,0.059049,-0.023060,0.172612,0.046339,-0.056055
552,4.600000,0.051039,0.027487,-0.050047,0.067189,0.058817,-0.022757,0.172716,0.046317,-0.056160
553,4.608333,0.050971,0.027594,-0.050183,0.067101,0.059004,-0.023039,0.172742,0.046358,-0.056258
554,4.616667,0.051003,0.027812,-0.050519,0.066896,0.059507,-0.023721,0.172704,0.046569,-0.056391
555,4.625000,0.051022,0.028154,-0.051026,0.066622,0.060202,-0.024463,0.172661,0.046926,-0.056504
556,4.633333,0.050938,0.028675,-0.051926,0.066191,0.061027,-0.025714,0.172582,0.047396,-0.056601
557,4.641667,0.050654,0.029315,-0.053266,0.065576,0.061947,-0.027228,0.172494,0.047811,-0.056820
558,4.650000,0.050090,0.030164,-0.055101,0.064728,0.062979,-0.029051,0.172336,0.048208,-0.056789
559,4.658333,0.049326,0.031221,-0.057567,0.063677,0.064114,-0.031486,0.172129,0.048470,-0.056749
560,4.666667,0.048396,0.032434,-0.060644,0.062395,0.065349,-0.034203,0.171886,0.048627,-0.056724
561,4.675000,0.047298,0.033958,-0.064066,0.060919,0.066747,-0.037490,0.171549,0.048660,-0.056582
562,4.683333,0.046045,0.035698,-0.068286,0.059346,0.068300,-0.041324,0.171052,0.048625,-0.056279
563,4.691667,0.044881,0.037634,-0.072704,0.057865,0.069961,-0.045355,0.170466,0.048558,-0.055995
564,4.700000,0.043879,0.039661,-0.077446,0.056521,0.071701,-0.049421,0.169797,0.048512,-0.055815
565,4.708333,0.043266,0.041692,-0.082255,0.055399,0.073558,-0.053613,0.169064,0.048553,-0.055600
566,4.716667,0.043006,0.043663,-0.086730,0.054484,0.075427,-0.057852,0.168288,0.048701,-0.055353
567,4.725000,0.043078,0.045543,-0.090885,0.053761,0.077317,-0.061753,0.167514,0.048937,-0.055128
568,4.733333,0.043317,0.047368,-0.094790,0.053180,0.079147,-0.065471,0.166726,0.049192,-0.054965
569,4.741667,0.043572,0.049099,-0.098514,0.052722,0.080832,-0.069201,0.165921,0.049392,-0.054825
570,4.750000,0.043810,0.050628,-0.101877,0.052390,0.082331,-0.072408,0.165131,0.049542,-0.054745
571,4.758333,0.044004,0.051962,-0.104783,0.052213,0.083583,-0.075056,0.164409,0.049652,-0.054599
572,4.766667,0.044118,0.053028,-0.107387,0.052034,0.084587,-0.077334,0.163776,0.049726,-0.054447
573,4.775000,0.044132,0.053872,-0.109092,0.051892,0.085319,-0.078982,0.163309,0.049715,-0.054505
574,4.783333,0.044117,0.054472,-0.110514,0.051773,0.085841,-0.080178,0.162868,0.049651,-0.054308
575,4.791667,0.044083,0.054908,-0.111455,0.051649,0.086258,-0.081012,0.162551,0.049543,-0.054187
576,4.800000,0.044055,0.055132,-0.111943,0.051514,0.086437,-0.081570,0.162310,0.049406,-0.054079
577,4.808333,0.044036,0.055202,-0.112078,0.051418,0.086554,-0.081749,0.162115,0.049235,-0.053867
578,4.816667,0.044044,0.055185,-0.112020,0.051335,0.086507,-0.081680,0.161965,0.049014,-0.053573
579,4.825000,0.044045,0.055157,-0.112042,0.051272,0.086423,-0.081562,0.161883,0.048697,-0.053367
580,4.833333,0.044080,0.055127,-0.112036,0.051233,0.086315,-0.081433,0.161813,0.048392,-0.053097
581,4.841667,0.044168,0.055131,-0.112113,0.051217,0.086255,-0.081379,0.161783,0.048068,-0.052976
582,4.850000,0.044322,0.055186,-0.112171,0.051228,0.086288,-0.081436,0.161704,0.047722,-0.052752
583,4.858333,0.044565,0.055327,-0.112421,0.051270,0.086376,-0.081654,0.161617,0.047473,-0.052548
584,4.866667,0.044797,0.055504,-0.112768,0.051342,0.086553,-0.082040,0.161506,0.047294,-0.052406
585,4.875000,0.044995,0.055749,-0.113137,0.051429,0.086752,-0.082398,0.161423,0.047182,-0.052373
586,4.883333,0.045178,0.055970,-0.113572,0.051514,0.087008,-0.082913,0.161320,0.047148,-0.052257
587,4.891667,0.045319,0.056177,-0.114014,0.051587,0.087317,-0.083391,0.161220,0.047193,-0.052175
588,4.900000,0.045415,0.056400,-0.114532,0.051646,0.087640,-0.083883,0.161084,0.047260,-0.052068
589,4.908333,0.045505,0.056663,-0.115112,0.051687,0.087969,-0.084442,0.160928,0.047322,-0.052013
590,4.916667,0.045563,0.056999,-0.115668,0.051711,0.088357,-0.085033,0.160749,0.047340,-0.052035
591,4.925000,0.045666,0.057289,-0.116369,0.051718,0.088642,-0.085643,0.160549,0.047321,-0.052006
592,4.933333,0.045741,0.057542,-0.116970,0.051725,0.088864,-0.086123,0.160327,0.047262,-0.051952
593,4.941667,0.045791,0.057740,-0.117385,0.051731,0.089038,-0.086535,0.160135,0.047186,-0.051885
594,4.950000,0.045821,0.057810,-0.117539,0.051689,0.089078,-0.086663,0.160022,0.047091,-0.051831
595,4.958333,0.045806,0.057754,-0.117459,0.051601,0.088962,-0.086489,0.159984,0.046978,-0.051734
596,4.966667,0.045764,0.057608,-0.117231,0.051493,0.088613,-0.085983,0.160038,0.046836,-0.051641
597,4.975000,0.045662,0.057302,-0.116583,0.051360,0.088028,-0.085097,0.160188,0.046672,-0.051637
598,4.983333,0.045518,0.056665,-0.115328,0.051226,0.087232,-0.083680,0.160496,0.046478,-0.051709
599,4.991667,0.045330,0.055689,-0.113220,0.051089,0.086173,-0.081655,0.160868,0.046269,-0.051607
600,5.000000,0.045075,0.054303,-0.110268,0.050940,0.084782,-0.078815,0.161447,0.046064,-0.051706
601,5.008333,0.044627,0.052622,-0.106596,0.050849,0.083076,-0.075380,0.162132,0.045858,-0.051634
602,5.016667,0.044148,0.050617,-0.102335,0.050886,0.081059,-0.071066,0.162987,0.045712,-0.051702
603,5.025000,0.043749,0.048317,-0.097136,0.051104,0.078865,-0.066246,0.163919,0.045617,-0.051888
604,5.033333,0.043459,0.045818,-0.091507,0.051589,0.076498,-0.061140,0.164904,0.045546,-0.052178
605,5.041667,0.043362,0.043248,-0.085837,0.052400,0.074010,-0.055737,0.165901,0.045543,-0.052484
606,5.050000,0.043547,0.040673,-0.080185,0.053555,0.071478,-0.050339,0.166867,0.045586,-0.052797
607,5.058333,0.043993,0.038147,-0.074564,0.055011,0.069110,-0.045100,0.167805,0.045663,-0.053278
608,5.066667,0.044784,0.035805,-0.069067,0.056710,0.066980,-0.040063,0.168642,0.045787,-0.053725
609,5.075000,0.045739,0.033698,-0.064211,0.058520,0.065122,-0.035892,0.169384,0.045983,-0.054193
610,5.083333,0.046895,0.031925,-0.059928,0.060308,0.063611,-0.032094,0.170094,0.046151,-0.054767
611,5.091667,0.048092,0.030464,-0.056472,0.061930,0.062421,-0.029115,0.170568,0.046350,-0.055105
612,5.100000,0.049201,0.029332,-0.053802,0.063349,0.061562,-0.026757,0.171047,0.046530,-0.055485
613,5.108333,0.050115,0.028516,-0.051740,0.064464,0.060958,-0.025270,0.171348,0.046675,-0.055782
614,5.116667,0.050795,0.028032,-0.050686,0.065250,0.060599,-0.024285,0.171541,0.046872,-0.056141
615,5.125000,0.051008,0.027929,-0.050467,0.065604,0.060494,-0.023966,0.171742,0.047038,-0.056362
616,5.133333,0.050921,0.028096,-0.050700,0.065499,0.060690,-0.024402,0.171795,0.047143,-0.056496
617,5.141667,0.050790,0.028458,-0.051440,0.065122,0.061221,-0.025316,0.171740,0.047311,-0.056584
618,5.150000,0.050481,0.029029,-0.052708,0.064518,0.061934,-0.026633,0.171674,0.047501,-0.056561
619,5.158333,0.049888,0.029807,-0.054492,0.063697,0.062804,-0.028378,0.171558,0.047663,-0.056502
620,5.166667,0.049040,0.030794,-0.056722,0.062661,0.063842,-0.030579,0.171382,0.047805,-0.056458
621,5.175000,0.048121,0.031997,-0.059500,0.061511,0.065016,-0.033210,0.171155,0.047929,-0.056306
622,5.183333,0.047193,0.033328,-0.062637,0.060260,0.066284,-0.036196,0.170898,0.048002,-0.056211
623,5.191667,0.046189,0.034866,-0.066163,0.058973,0.067673,-0.039494,0.170511,0.048063,-0.056002
624,5.200000,0.045147,0.036522,-0.070190,0.057645,0.069144,-0.042948,0.170057,0.048052,-0.055820
625,5.208333,0.044218,0.038298,-0.074407,0.056370,0.070707,-0.046733,0.169488,0.048035,-0.055404
626,5.216667,0.043383,0.040212,-0.078868,0.055170,0.072388,-0.050774,0.168892,0.047983,-0.055332
627,5.225000,0.042853,0.042166,-0.083526,0.054149,0.074149,-0.054786,0.168167,0.047961,-0.054956
628,5.233333,0.042574,0.044151,-0.087887,0.053329,0.075904,-0.058865,0.167387,0.047984,-0.054640
629,5.241667,0.042493,0.046093,-0.092329,0.052709,0.077637,-0.062812,0.166597,0.048068,-0.054413
630,5.250000,0.042641,0.047901,-0.096505,0.052297,0.079255,-0.066468,0.165856,0.048185,-0.054304
631,5.258333,0.042925,0.049574,-0.100220,0.051979,0.080818,-0.070009,0.165155,0.048317,-0.054247
632,5.266667,0.043326,0.051070,-0.103347,0.051823,0.082211,-0.073042,0.164458,0.048467,-0.054142
633,5.275000,0.043703,0.052322,-0.106155,0.051695,0.083447,-0.075697,0.163848,0.048617,-0.054021
634,5.283333,0.043975,0.053352,-0.108348,0.051631,0.084474,-0.077733,0.163355,0.048766,-0.054083
635,5.291667,0.044157,0.054149,-0.110100,0.051563,0.085293,-0.079438,0.162899,0.048887,-0.053959
636,5.300000,0.044241,0.054716,-0.111296,0.051437,0.085908,-0.080623,0.162573,0.048919,-0.053884
637,5.308333,0.044230,0.055045,-0.111989,0.051305,0.086273,-0.081345,0.162307,0.048861,-0.053816
638,5.316667,0.044196,0.055168,-0.112249,0.051167,0.086434,-0.081691,0.162074,0.048681,-0.053578
639,5.325000,0.044181,0.055188,-0.112302,0.051034,0.086449,-0.081719,0.161871,0.048431,-0.053295
640,5.333333,0.044184,0.055205,-0.112342,0.050916,0.086398,-0.081674,0.161709,0.048096,-0.053146
641,5.341667,0.044273,0.055256,-0.112514,0.050815,0.086310,-0.081694,0.161531,0.047668,-0.052891
642,5.350000,0.044350,0.055342,-0.112701,0.050737,0.086237,-0.081653,0.161364,0.047292,-0.052643
643,5.358333,0.044476,0.055402,-0.112882,0.050685,0.086170,-0.081730,0.161205,0.046935,-0.052311
644,5.366667,0.044566,0.055455,-0.113009,0.050670,0.086155,-0.081759,0.161100,0.046624,-0.052061
645,5.375000,0.044659,0.055491,-0.113092,0.050676,0.086197,-0.081827,0.161006,0.046411,-0.051933
646,5.383333,0.044733,0.055551,-0.113258,0.050686,0.086273,-0.081976,0.160917,0.046251,-0.051812
647,5.391667,0.044775,0.055617,-0.113338,0.050687,0.086383,-0.082174,0.160836,0.046160,-0.051729
648,5.400000,0.044803,0.055677,-0.113491,0.050675,0.086451,-0.082276,0.160772,0.046142,-0.051719
649,5.408333,0.044793,0.055692,-0.113472,0.050650,0.086477,-0.082246,0.160745,0.046149,-0.051716
650,5.416667,0.044778,0.055655,-0.113384,0.050616,0.086389,-0.082114,0.160762,0.046168,-0.051716
651,5.425000,0.044742,0.055565,-0.113295,0.050586,0.086164,-0.081818,0.160836,0.046136,-0.051690
652,5.433333,0.044657,0.055389,-0.112944,0.050577,0.085759,-0.081326,0.160946,0.046036,-0.051693
653,5.441667,0.044542,0.055011,-0.112194,0.050578,0.085247,-0.080263,0.161111,0.045874,-0.051686
654,5.450000,0.044430,0.054319,-0.110745,0.050582,0.084514,-0.078875,0.161416,0.045725,-0.051778
655,5.458333,0.044196,0.053340,-0.108513,0.050594,0.083489,-0.076690,0.161823,0.045579,-0.051723
656,5.466667,0.043877,0.051984,-0.105444,0.050656,0.082164,-0.073943,0.162403,0.045415,-0.051806
657,5.475000,0.043571,0.050153,-0.101553,0.050826,0.080419,-0.070012,0.163078,0.045276,-0.051824
658,5.483333,0.043245,0.047939,-0.096450,0.051128,0.078287,-0.065333,0.163911,0.045126,-0.051905
659,5.491667,0.042975,0.045429,-0.091031,0.051649,0.075743,-0.060041,0.164847,0.044943,-0.052086
660,5.500000,0.042894,0.042657,-0.085036,0.052546,0.072866,-0.054308,0.165874,0.044762,-0.052357
661,5.508333,0.043094,0.039836,-0.078902,0.053823,0.069757,-0.048031,0.166880,0.044564,-0.052652
662,5.516667,0.043570,0.036980,-0.072721,0.055516,0.066614,-0.042116,0.167838,0.044333,-0.052912
663,5.525000,0.044394,0.034210,-0.066498,0.057531,0.063661,-0.036278,0.168735,0.044061,-0.053235
664,5.533333,0.045387,0.031666,-0.060961,0.059724,0.061008,-0.030930,0.169542,0.043780,-0.053544
665,5.541667,0.046620,0.029361,-0.055780,0.061957,0.058764,-0.026149,0.170272,0.043522,-0.053796
666,5.550000,0.047945,0.027390,-0.051239,0.064043,0.057043,-0.022180,0.170932,0.043267,-0.053885
667,5.558333,0.049179,0.025830,-0.047429,0.065844,0.055774,-0.019046,0.171378,0.043074,-0.053934
668,5.566667,0.050155,0.024768,-0.044885,0.067137,0.054902,-0.016875,0.171691,0.042998,-0.053947
669,5.575000,0.050644,0.024256,-0.043650,0.067828,0.054439,-0.015805,0.171863,0.042959,-0.054084
670,5.583333,0.050714,0.024209,-0.043644,0.067916,0.054375,-0.015697,0.171883,0.042960,-0.054137
671,5.591667,0.050594,0.024501,-0.044108,0.067595,0.054841,-0.016432,0.171867,0.042994,-0.054170
672,5.600000,0.050544,0.024963,-0.045047,0.067091,0.055655,-0.017515,0.171814,0.043161,-0.054212
673,5.608333,0.050278,0.025687,-0.046459,0.066385,0.056641,-0.018876,0.171690,0.043497,-0.054205
674,5.616667,0.049774,0.026576,-0.048424,0.065519,0.057757,-0.020901,0.171563,0.043826,-0.054246
675,5.625000,0.049138,0.027658,-0.050732,0.064498,0.058979,-0.023046,0.171416,0.044189,-0.054257
676,5.633333,0.048430,0.028855,-0.053378,0.063345,0.060335,-0.025814,0.171253,0.044526,-0.054289
677,5.641667,0.047634,0.030209,-0.056381,0.062045,0.061781,-0.028693,0.171028,0.044826,-0.054304
678,5.650000,0.046845,0.031623,-0.059589,0.060742,0.063372,-0.031954,0.170735,0.045065,-0.054228
679,5.658333,0.046054,0.033136,-0.062933,0.059487,0.064963,-0.035120,0.170363,0.045298,-0.054022
680,5.666667,0.045268,0.034732,-0.066584,0.058270,0.066584,-0.038602,0.170036,0.045484,-0.054054
681,5.675000,0.044490,0.036399,-0.070552,0.057078,0.068172,-0.042153,0.169584,0.045630,-0.053774
682,5.683333,0.043843,0.038163,-0.074575,0.055979,0.069818,-0.045857,0.169130,0.045697,-0.053686
683,5.691667,0.043383,0.040021,-0.078781,0.054982,0.071475,-0.049689,0.168567,0.045708,-0.053402
684,5.700000,0.043147,0.041922,-0.083196,0.054095,0.073119,-0.053715,0.167981,0.045687,-0.053256
685,5.708333,0.043089,0.043838,-0.087589,0.053389,0.074751,-0.057543,0.167345,0.045697,-0.053046
686,5.716667,0.043230,0.045720,-0.091769,0.052871,0.076370,-0.061477,0.166664,0.045747,-0.052839
687,5.725000,0.043453,0.047471,-0.095774,0.052498,0.077910,-0.064967,0.166064,0.045854,-0.052906
688,5.733333,0.043752,0.049051,-0.099129,0.052298,0.079351,-0.068135,0.165452,0.046072,-0.052753
689,5.741667,0.043999,0.050382,-0.102088,0.052128,0.080622,-0.070746,0.164889,0.046310,-0.052591
690,5.750000,0.044214,0.051502,-0.104471,0.052052,0.081765,-0.073174,0.164396,0.046514,-0.052621
691,5.758333,0.044407,0.052427,-0.106490,0.051944,0.082768,-0.075073,0.163867,0.046627,-0.052337
692,5.766667,0.044574,0.053250,-0.108247,0.051856,0.083566,-0.076923,0.163427,0.046654,-0.052360
693,5.775000,0.044727,0.053977,-0.109929,0.051801,0.084250,-0.078339,0.162934,0.046586,-0.052056
694,5.783333,0.044863,0.054531,-0.111132,0.051757,0.084730,-0.079395,0.162590,0.046472,-0.052019
695,5.791667,0.044988,0.054966,-0.111977,0.051697,0.085059,-0.080070,0.162291,0.046290,-0.051911
696,5.800000,0.045045,0.055215,-0.112535,0.051630,0.085202,-0.080457,0.162040,0.046095,-0.051675
697,5.808333,0.045090,0.055231,-0.112581,0.051516,0.085150,-0.080541,0.161921,0.045832,-0.051514
698,5.816667,0.045072,0.055129,-0.112505,0.051407,0.084903,-0.080414,0.161864,0.045583,-0.051407
699,5.825000,0.045047,0.055001,-0.112331,0.051290,0.084522,-0.080003,0.161864,0.045309,-0.051340
700,5.833333,0.044995,0.054838,-0.112049,0.051184,0.084122,-0.079462,0.161908,0.045073,-0.051319
701,5.841667,0.044913,0.054617,-0.111685,0.051110,0.083734,-0.078884,0.161960,0.044883,-0.051255
702,5.850000,0.044810,0.054296,-0.110941,0.051063,0.083443,-0.078259,0.162040,0.044799,-0.051215
703,5.858333,0.044712,0.053908,-0.110102,0.051055,0.083174,-0.077520,0.162184,0.044788,-0.051176
704,5.866667,0.044595,0.053526,-0.109254,0.051052,0.082922,-0.076886,0.162379,0.044777,-0.051326
705,5.875000,0.044548,0.053163,-0.108358,0.051107,0.082681,-0.076061,0.162557,0.044784,-0.051354
706,5.883333,0.044549,0.052762,-0.107388,0.051183,0.082404,-0.075226,0.162729,0.044824,-0.051307
707,5.891667,0.044572,0.052292,-0.106426,0.051261,0.082071,-0.074332,0.162923,0.044865,-0.051293
708,5.900000,0.044556,0.051796,-0.105269,0.051376,0.081582,-0.073147,0.163169,0.044896,-0.051333
709,5.908333,0.044580,0.051058,-0.103436,0.051527,0.080929,-0.071717,0.163538,0.044879,-0.051550
710,5.916667,0.044634,0.050043,-0.101334,0.051726,0.080010,-0.069520,0.163897,0.044850,-0.051440
711,5.925000,0.044590,0.048757,-0.098268,0.051968,0.078722,-0.066678,0.164462,0.044785,-0.051767
712,5.933333,0.044562,0.047078,-0.094476,0.052334,0.077038,-0.063233,0.165091,0.044721,-0.051808
713,5.941667,0.044626,0.044929,-0.089731,0.052903,0.074948,-0.058740,0.165891,0.044700,-0.052055
714,5.950000,0.044741,0.042471,-0.084371,0.053839,0.072483,-0.053534,0.166814,0.044725,-0.052371
715,5.958333,0.045015,0.039769,-0.078260,0.055135,0.069720,-0.047709,0.167821,0.044754,-0.052754
716,5.966667,0.045606,0.036889,-0.071922,0.056918,0.066815,-0.041647,0.168864,0.044745,-0.053195
717,5.975000,0.046520,0.034022,-0.065411,0.059084,0.063943,-0.035660,0.169840,0.044698,-0.053672
718,5.983333,0.047725,0.031315,-0.059440,0.061505,0.061316,-0.030169,0.170627,0.044576,-0.053986
719,5.991667,0.049087,0.028943,-0.054183,0.063871,0.059066,-0.025157,0.171252,0.044370,-0.054273
720,6.000000,0.050220,0.027188,-0.050179,0.065753,0.057306,-0.021524,0.171661,0.044083,-0.054471
721,6.008333,0.050957,0.026099,-0.047722,0.066944,0.056113,-0.019208,0.171877,0.043758,-0.054416
722,6.016667,0.051158,0.025689,-0.046997,0.067249,0.055486,-0.018304,0.171954,0.043383,-0.054312
723,6.025000,0.050899,0.025873,-0.047343,0.066846,0.055617,-0.018631,0.171885,0.043025,-0.054064
724,6.033333,0.050596,0.026367,-0.048463,0.066059,0.056353,-0.019677,0.171735,0.042854,-0.053915
725,6.041667,0.050080,0.027229,-0.050460,0.065119,0.057340,-0.021481,0.171552,0.042939,-0.053784
726,6.050000,0.049434,0.028378,-0.052896,0.064024,0.058632,-0.023952,0.171362,0.043268,-0.053864
727,6.058333,0.048951,0.029619,-0.055267,0.062996,0.060168,-0.026591,0.171201,0.043811,-0.054088
728,6.066667,0.048555,0.030928,-0.057594,0.061981,0.061939,-0.029196,0.170987,0.044540,-0.054311
729,6.075000,0.048116,0.032291,-0.060170,0.060995,0.063820,-0.031914,0.170724,0.045292,-0.054499
730,6.083333,0.047505,0.033929,-0.062681,0.060003,0.065829,-0.034857,0.170402,0.045934,-0.054479
731,6.091667,0.046763,0.035774,-0.065381,0.058966,0.067920,-0.037647,0.170108,0.046413,-0.054651
732,6.100000,0.045975,0.037763,-0.068419,0.057907,0.070023,-0.040851,0.169721,0.046706,-0.054597
733,6.108333,0.045166,0.039797,-0.071719,0.056950,0.072031,-0.043979,0.169244,0.046867,-0.054386
734,6.116667,0.044507,0.041707,-0.075816,0.055976,0.073775,-0.047656,0.168806,0.046850,-0.054261
735,6.125000,0.044128,0.043403,-0.080184,0.055108,0.075197,-0.051429,0.168256,0.046749,-0.053961
736,6.133333,0.044133,0.044910,-0.084664,0.054406,0.076406,-0.055405,0.167682,0.046593,-0.053716
737,6.141667,0.044323,0.046450,-0.088942,0.053921,0.077699,-0.059106,0.167178,0.046522,-0.053629
738,6.150000,0.044630,0.048072,-0.092580,0.053697,0.079251,-0.062430,0.166679,0.046565,-0.053385
739,6.158333,0.044951,0.049804,-0.095507,0.053608,0.081024,-0.065480,0.166278,0.046735,-0.053323
740,6.166667,0.045236,0.051585,-0.097788,0.053669,0.082924,-0.067787,0.165866,0.046984,-0.053039
741,6.175000,0.045445,0.053199,-0.099635,0.053813,0.084736,-0.069815,0.165560,0.047263,-0.053006
742,6.183333,0.045667,0.054592,-0.101081,0.053987,0.086361,-0.071614,0.165304,0.047540,-0.052927
743,6.191667,0.045810,0.055818,-0.102347,0.054140,0.087806,-0.073132,0.165055,0.047740,-0.052897
744,6.200000,0.045916,0.056999,-0.103711,0.054308,0.089139,-0.074690,0.164729,0.047880,-0.052640
745,6.208333,0.046066,0.058088,-0.105159,0.054457,0.090361,-0.076157,0.164426,0.047958,-0.052566
746,6.216667,0.046263,0.059232,-0.106753,0.054638,0.091496,-0.077809,0.164014,0.047945,-0.052239
747,6.225000,0.046500,0.060484,-0.108633,0.054859,0.092707,-0.079481,0.163610,0.047873,-0.052135
748,6.233333,0.046817,0.061727,-0.110256,0.055145,0.093907,-0.081072,0.163204,0.047859,-0.052025
749,6.241667,0.047198,0.062758,-0.111632,0.055457,0.094977,-0.082514,0.162865,0.047961,-0.051846
750,6.250000,0.047541,0.063587,-0.112885,0.055737,0.095853,-0.083588,0.162658,0.048116,-0.051905
751,6.258333,0.047788,0.064148,-0.113550,0.055978,0.096525,-0.084440,0.162517,0.048319,-0.051945
752,6.266667,0.047917,0.064624,-0.113915,0.056172,0.097133,-0.084998,0.162437,0.048474,-0.052073
753,6.275000,0.047978,0.065010,-0.114071,0.056327,0.097671,-0.085487,0.162350,0.048594,-0.052100
754,6.283333,0.048053,0.065410,-0.114149,0.056465,0.098160,-0.085836,0.162259,0.048668,-0.052032
755,6.291667,0.048144,0.065803,-0.114365,0.056610,0.098558,-0.085945,0.162189,0.048677,-0.051939
756,6.300000,0.048257,0.066168,-0.114496,0.056754,0.098902,-0.086045,0.162147,0.048629,-0.051880
757,6.308333,0.048377,0.066506,-0.114578,0.056914,0.099167,-0.086157,0.162142,0.048543,-0.051847
758,6.316667,0.048516,0.066774,-0.114767,0.057068,0.099335,-0.086185,0.162161,0.048430,-0.051844
759,6.325000,0.048664,0.067002,-0.114945,0.057241,0.099471,-0.086148,0.162189,0.048318,-0.051795
760,6.333333,0.048815,0.067208,-0.115023,0.057419,0.099648,-0.086297,0.162232,0.048231,-0.051733
761,6.341667,0.048958,0.067396,-0.115115,0.057591,0.099818,-0.086298,0.162309,0.048185,-0.051710
762,6.350000,0.049055,0.067572,-0.115046,0.057749,0.100017,-0.086463,0.162397,0.048186,-0.051720
763,6.358333,0.049113,0.067725,-0.114961,0.057914,0.100249,-0.086507,0.162480,0.048270,-0.051695
764,6.366667,0.049141,0.067827,-0.114870,0.058051,0.100437,-0.086533,0.162561,0.048388,-0.051742
765,6.375000,0.049123,0.067920,-0.114833,0.058157,0.100616,-0.086621,0.162646,0.048552,-0.051771
766,6.383333,0.049090,0.068029,-0.114782,0.058256,0.100822,-0.086662,0.162724,0.048762,-0.051886
767,6.391667,0.049034,0.068216,-0.114644,0.058356,0.101141,-0.086641,0.162782,0.049029,-0.051945
768,6.400000,0.048949,0.068534,-0.114427,0.058464,0.101547,-0.086705,0.162822,0.049265,-0.052033
769,6.408333,0.048894,0.068854,-0.114355,0.058587,0.101982,-0.086744,0.162857,0.049485,-0.052062
770,6.416667,0.048903,0.069101,-0.114179,0.058710,0.102364,-0.086866,0.162907,0.049671,-0.052116
771,6.425000,0.048932,0.069315,-0.114093,0.058855,0.102688,-0.086991,0.162973,0.049872,-0.052216
772,6.433333,0.048992,0.069524,-0.114035,0.059020,0.103008,-0.087219,0.163037,0.050017,-0.052253
773,6.441667,0.049069,0.069724,-0.113909,0.059196,0.103370,-0.087322,0.163135,0.050182,-0.052396
774,6.450000,0.049135,0.069898,-0.113800,0.059392,0.103712,-0.087357,0.163237,0.050347,-0.052429
775,6.458333,0.049214,0.070069,-0.113611,0.059587,0.104046,-0.087448,0.163347,0.050514,-0.052447
776,6.466667,0.049271,0.070225,-0.113431,0.059770,0.104388,-0.087531,0.163489,0.050688,-0.052554
777,6.475000,0.049319,0.070383,-0.113234,0.059975,0.104697,-0.087538,0.163633,0.050896,-0.052546
778,6.483333,0.049365,0.070496,-0.112941,0.060148,0.104949,-0.087441,0.163807,0.051080,-0.052624
779,6.491667,0.049380,0.070610,-0.112540,0.060313,0.105192,-0.087289,0.164011,0.051263,-0.052822
780,6.500000,0.049398,0.070715,-0.112179,0.060476,0.105430,-0.087100,0.164177,0.051426,-0.052837
781,6.508333,0.049427,0.070826,-0.111819,0.060622,0.105664,-0.087000,0.164345,0.051586,-0.052880
782,6.516667,0.049482,0.070934,-0.111490,0.060791,0.105885,-0.086904,0.164490,0.051721,-0.052894
783,6.525000,0.049549,0.071042,-0.111223,0.060969,0.106095,-0.086899,0.164648,0.051844,-0.053015
784,6.533333,0.049630,0.071159,-0.111035,0.061142,0.106291,-0.086813,0.164804,0.051932,-0.053036
785,6.541667,0.049711,0.071287,-0.110813,0.061342,0.106501,-0.086732,0.164958,0.052019,-0.053114
786,6.550000,0.049781,0.071427,-0.110692,0.061511,0.106716,-0.086765,0.165101,0.052125,-0.053114
787,6.558333,0.049847,0.071576,-0.110563,0.061688,0.106920,-0.086784,0.165244,0.052228,-0.053151
788,6.566667,0.049912,0.071720,-0.110466,0.061854,0.107109,-0.086838,0.165394,0.052353,-0.053134
789,6.575000,0.049966,0.071811,-0.110315,0.062008,0.107241,-0.086787,0.165563,0.052476,-0.053229
790,6.583333,0.050002,0.071865,-0.110102,0.062145,0.107366,-0.086645,0.165730,0.052586,-0.053407
791,6.591667,0.050005,0.071912,-0.109781,0.062269,0.107486,-0.086582,0.165876,0.052702,-0.053500
792,6.600000,0.050004,0.071957,-0.109497,0.062375,0.107611,-0.086414,0.166017,0.052819,-0.053537
793,6.608333,0.050001,0.072022,-0.109225,0.062469,0.107747,-0.086321,0.166105,0.052929,-0.053532
794,6.616667,0.050003,0.072124,-0.108979,0.062562,0.107912,-0.086235,0.166170,0.053006,-0.053510
795,6.625000,0.050026,0.072233,-0.108814,0.062652,0.108066,-0.086174,0.166236,0.053084,-0.053578
796,6.633333,0.050059,0.072316,-0.108722,0.062724,0.108189,-0.086184,0.166265,0.053118,-0.053581
797,6.641667,0.050104,0.072355,-0.108737,0.062773,0.108259,-0.086256,0.166287,0.053131,-0.053614
798,6.650000,0.050150,0.072371,-0.108805,0.062803,0.108268,-0.086302,0.166297,0.053130,-0.053626
799,6.658333,0.050188,0.072391,-0.108895,0.062825,0.108279,-0.086366,0.166303,0.053123,-0.053642
800,6.666667,0.050219,0.072420,-0.108961,0.062845,0.108301,-0.086419,0.166293,0.053119,-0.053635
801,6.675000,0.050243,0.072443,-0.108957,0.062855,0.108336,-0.086452,0.166290,0.053116,-0.053639
802,6.683333,0.050250,0.072446,-0.108957,0.062857,0.108338,-0.086443,0.166297,0.053117,-0.053657
803,6.691667,0.050234,0.072427,-0.108906,0.062850,0.108331,-0.086406,0.166305,0.053114,-0.053652
