Format Version,1.23,Take Name,jon non dominant dragg thin,Take Notes,,Capture Frame Rate,120.000000,Export Frame Rate,120.000000,Capture Start Time,2024-03-05 11.38.49.258 AM,Capture Start Frame,530195,Total Frames in Take,528,Total Exported Frames,528,Rotation Type,Quaternion,Length Units,Meters,Coordinate Space,Global

,Type,Marker,Marker,Marker,Marker,Marker,Marker,Marker,Marker,Marker
,Name,Unlabeled 1168,Unlabeled 1168,Unlabeled 1168,Unlabeled 1169,Unlabeled 1169,Unlabeled 1169,Unlabeled 1170,Unlabeled 1170,Unlabeled 1170
,ID,"FB860","FB860","FB860","FC800","FC800","FC800","FC830","FC830","FC830"
,,Position,Position,Position,Position,Position,Position,Position,Position,Position
Frame,Time (Seconds),X,Y,Z,X,Y,Z,X,Y,Z
0,0.000000,0.143525,0.004891,0.021302,0.095929,0.021234,0.031065,-0.002313,0.032692,-0.004810
1,0.008333,0.143517,0.004890,0.021327,0.095915,0.021220,0.031072,-0.002322,0.032691,-0.004808
2,0.016667,0.143518,0.004892,0.021316,0.095911,0.021220,0.031052,-0.002322,0.032696,-0.004810
3,0.025000,0.143516,0.004893,0.021318,0.095913,0.021226,0.031060,-0.002326,0.032696,-0.004819
4,0.033333,0.143523,0.004891,0.021307,0.095924,0.021245,0.031060,-0.002322,0.032700,-0.004823
5,0.041667,0.143525,0.004894,0.021302,0.095935,0.021270,0.031059,-0.002318,0.032699,-0.004810
6,0.050000,0.143528,0.004893,0.021306,0.095942,0.021279,0.031077,-0.002313,0.032696,-0.004787
7,0.058333,0.143529,0.004889,0.021307,0.095946,0.021278,0.031093,-0.002319,0.032679,-0.004790
8,0.066667,0.143527,0.004886,0.021309,0.095947,0.021275,0.031098,-0.002323,0.032668,-0.004770
9,0.075000,0.143527,0.004891,0.021317,0.095945,0.021281,0.031109,-0.002329,0.032658,-0.004764
10,0.083333,0.143525,0.004893,0.021313,0.095942,0.021285,0.031109,-0.002335,0.032652,-0.004762
11,0.091667,0.143522,0.004895,0.021313,0.095937,0.021283,0.031114,-0.002338,0.032656,-0.004764
12,0.100000,0.143518,0.004897,0.021323,0.095932,0.021280,0.031102,-0.002343,0.032660,-0.004774
13,0.108333,0.143518,0.004893,0.021311,0.095928,0.021275,0.031089,-0.002343,0.032666,-0.004781
14,0.116667,0.143514,0.004889,0.021316,0.095925,0.021272,0.031089,-0.002340,0.032671,-0.004773
15,0.125000,0.143516,0.004889,0.021315,0.095924,0.021255,0.031083,-0.002341,0.032671,-0.004774
16,0.133333,0.143512,0.004888,0.021321,0.095918,0.021239,0.031081,-0.002338,0.032666,-0.004768
17,0.141667,0.143515,0.004888,0.021317,0.095911,0.021233,0.031088,-0.002342,0.032658,-0.004776
18,0.150000,0.143512,0.004891,0.021318,0.095907,0.021228,0.031087,-0.002348,0.032653,-0.004778
19,0.158333,0.143509,0.004887,0.021322,0.095900,0.021226,0.031088,-0.002351,0.032648,-0.004774
20,0.166667,0.143509,0.004884,0.021319,0.095899,0.021224,0.031077,-0.002359,0.032653,-0.004744
21,0.175000,0.143512,0.004886,0.021322,0.095898,0.021225,0.031069,-0.002374,0.032652,-0.004777
22,0.183333,0.143511,0.004886,0.021325,0.095896,0.021231,0.031074,-0.002362,0.032659,-0.004739
23,0.191667,0.143514,0.004887,0.021317,0.095901,0.021241,0.031076,-0.002354,0.032661,-0.004732
24,0.200000,0.143518,0.004888,0.021312,0.095900,0.021255,0.031075,-0.002350,0.032671,-0.004774
25,0.208333,0.143519,0.004890,0.021309,0.095905,0.021263,0.031085,-0.002342,0.032681,-0.004773
26,0.216667,0.143516,0.004880,0.021322,0.095895,0.021268,0.031092,-0.002340,0.032708,-0.004797
27,0.225000,0.143498,0.004843,0.021373,0.095860,0.021248,0.031110,-0.002344,0.032743,-0.004830
28,0.233333,0.143414,0.004771,0.021556,0.095774,0.021204,0.031185,-0.002379,0.032820,-0.004894
29,0.241667,0.143262,0.004660,0.021876,0.095608,0.021121,0.031349,-0.002426,0.032908,-0.005006
30,0.250000,0.143031,0.004490,0.022231,0.095380,0.020951,0.031486,-0.002480,0.033035,-0.005085
31,0.258333,0.142663,0.004206,0.022706,0.094983,0.020765,0.031874,-0.002549,0.033154,-0.005235
32,0.266667,0.142012,0.003739,0.023569,0.094374,0.020526,0.032293,-0.002660,0.033346,-0.005458
33,0.275000,0.141103,0.003145,0.024912,0.093566,0.020189,0.033022,-0.002810,0.033605,-0.005761
34,0.283333,0.139959,0.002364,0.026325,0.092545,0.019827,0.033843,-0.002974,0.033909,-0.006201
35,0.291667,0.138498,0.001421,0.028145,0.091310,0.019450,0.034880,-0.003164,0.034241,-0.006684
36,0.300000,0.136786,0.000406,0.030005,0.089933,0.019001,0.036065,-0.003412,0.034636,-0.007237
37,0.308333,0.134812,-0.000664,0.032087,0.088320,0.018584,0.037291,-0.003633,0.035067,-0.007833
38,0.316667,0.132412,-0.001910,0.034283,0.086411,0.018229,0.038719,-0.003912,0.035630,-0.008624
39,0.325000,0.129622,-0.003283,0.036568,0.084197,0.017829,0.040094,-0.004263,0.036285,-0.009620
40,0.333333,0.126463,-0.004736,0.039025,0.081601,0.017429,0.041497,-0.004586,0.037060,-0.010650
41,0.341667,0.122749,-0.006337,0.041817,0.078592,0.017026,0.042906,-0.004917,0.037963,-0.011869
42,0.350000,0.118392,-0.008032,0.044702,0.075046,0.016649,0.044342,-0.005224,0.038995,-0.013137
43,0.358333,0.113461,-0.009860,0.047743,0.071085,0.016228,0.045698,-0.005563,0.040039,-0.014538
44,0.366667,0.108197,-0.011651,0.050766,0.066877,0.015721,0.047059,-0.005922,0.040911,-0.015672
45,0.375000,0.102622,-0.013337,0.053749,0.062409,0.015277,0.048402,-0.006202,0.041636,-0.016576
46,0.383333,0.096756,-0.014841,0.056990,0.057702,0.014823,0.049497,-0.006477,0.042373,-0.017372
47,0.391667,0.090838,-0.016189,0.059953,0.053016,0.014488,0.050414,-0.006827,0.043024,-0.018126
48,0.400000,0.085158,-0.017414,0.062813,0.048585,0.014160,0.051357,-0.007119,0.043615,-0.018520
49,0.408333,0.080015,-0.018675,0.065003,0.044653,0.013757,0.052073,-0.007404,0.044088,-0.018664
50,0.416667,0.075648,-0.019932,0.066672,0.041352,0.013200,0.052561,-0.007707,0.044396,-0.018717
51,0.425000,0.072257,-0.021145,0.067727,0.038805,0.012532,0.052936,-0.007912,0.044581,-0.018705
52,0.433333,0.070102,-0.022131,0.068326,0.037204,0.011858,0.053009,-0.007997,0.044695,-0.018621
53,0.441667,0.069360,-0.022767,0.068435,0.036624,0.011304,0.052894,-0.007939,0.044681,-0.018531
54,0.450000,0.069979,-0.022888,0.068301,0.036967,0.010987,0.052729,-0.007720,0.044589,-0.018452
55,0.458333,0.071502,-0.022498,0.068091,0.037984,0.011099,0.052470,-0.007375,0.044459,-0.018482
56,0.466667,0.073506,-0.021642,0.067971,0.039501,0.011596,0.052365,-0.007024,0.044324,-0.018378
57,0.475000,0.076140,-0.020559,0.067645,0.041445,0.012104,0.052157,-0.006654,0.044056,-0.018228
58,0.483333,0.079313,-0.019441,0.067300,0.043671,0.012440,0.051956,-0.006321,0.043707,-0.017877
59,0.491667,0.082740,-0.018704,0.066426,0.046124,0.012463,0.051666,-0.006069,0.043198,-0.017557
60,0.500000,0.086382,-0.018347,0.065257,0.048775,0.012125,0.051445,-0.005808,0.042530,-0.016915
61,0.508333,0.090227,-0.018307,0.063622,0.051586,0.011507,0.051144,-0.005622,0.041730,-0.016248
62,0.516667,0.093976,-0.018140,0.062190,0.054378,0.010806,0.050935,-0.005473,0.040837,-0.015347
63,0.525000,0.097154,-0.017308,0.061254,0.056899,0.010857,0.050989,-0.005382,0.039964,-0.014601
64,0.533333,0.100072,-0.016484,0.060149,0.059312,0.011380,0.051022,-0.005382,0.039362,-0.013664
65,0.541667,0.103197,-0.015576,0.058874,0.061891,0.011499,0.050934,-0.005444,0.038709,-0.012808
66,0.550000,0.106402,-0.014672,0.057312,0.064525,0.011746,0.050500,-0.005453,0.037975,-0.011896
67,0.558333,0.109687,-0.013572,0.055613,0.067208,0.012160,0.050013,-0.005470,0.037304,-0.011092
68,0.566667,0.113011,-0.012382,0.053492,0.069909,0.012614,0.049169,-0.005462,0.036617,-0.010311
69,0.575000,0.116386,-0.011052,0.051186,0.072605,0.013045,0.048133,-0.005365,0.035872,-0.009504
70,0.583333,0.119691,-0.009630,0.048535,0.075208,0.013466,0.046907,-0.005224,0.035138,-0.008847
71,0.591667,0.122789,-0.008117,0.045980,0.077679,0.014003,0.045588,-0.005040,0.034433,-0.008276
72,0.600000,0.125712,-0.006556,0.043132,0.080006,0.014579,0.044131,-0.004796,0.033851,-0.007610
73,0.608333,0.128289,-0.005075,0.040338,0.082082,0.015132,0.042621,-0.004571,0.033351,-0.007268
74,0.616667,0.130279,-0.003768,0.037833,0.083737,0.015743,0.041216,-0.004369,0.032986,-0.007173
75,0.625000,0.131758,-0.002685,0.035798,0.085090,0.016420,0.040001,-0.004200,0.032882,-0.007196
76,0.633333,0.132875,-0.001818,0.034014,0.086073,0.017061,0.039050,-0.004107,0.032945,-0.007238
77,0.641667,0.133509,-0.001263,0.032835,0.086623,0.017594,0.038294,-0.004080,0.033086,-0.007386
78,0.650000,0.133600,-0.001039,0.032440,0.086727,0.017966,0.037933,-0.004123,0.033316,-0.007575
79,0.658333,0.133314,-0.001095,0.032589,0.086494,0.018091,0.037948,-0.004256,0.033561,-0.007855
80,0.666667,0.132819,-0.001359,0.033113,0.086021,0.017839,0.038184,-0.004412,0.033621,-0.007966
81,0.675000,0.132191,-0.001748,0.033867,0.085410,0.017424,0.038534,-0.004582,0.033505,-0.007967
82,0.683333,0.131659,-0.002089,0.034720,0.084847,0.016839,0.038886,-0.004842,0.033333,-0.007986
83,0.691667,0.131203,-0.002398,0.035452,0.084344,0.016295,0.039326,-0.005073,0.033092,-0.007861
84,0.700000,0.130576,-0.002750,0.036150,0.083632,0.015850,0.039775,-0.005312,0.032954,-0.007895
85,0.708333,0.129527,-0.003339,0.037225,0.082626,0.015345,0.040264,-0.005591,0.033080,-0.008116
86,0.716667,0.127953,-0.004178,0.038940,0.081167,0.014699,0.040848,-0.005854,0.033351,-0.008597
87,0.725000,0.125829,-0.005202,0.040972,0.079268,0.013941,0.041686,-0.006117,0.033778,-0.009220
88,0.733333,0.123420,-0.006385,0.043195,0.077088,0.013128,0.042586,-0.006395,0.034288,-0.009873
89,0.741667,0.120675,-0.007665,0.045547,0.074572,0.012255,0.043472,-0.006628,0.034803,-0.010688
90,0.750000,0.117316,-0.009186,0.048247,0.071684,0.011505,0.044421,-0.006830,0.035474,-0.011545
91,0.758333,0.113326,-0.010846,0.051178,0.068390,0.010820,0.045570,-0.007063,0.036274,-0.012375
92,0.766667,0.108828,-0.012571,0.054114,0.064719,0.010188,0.046717,-0.007271,0.037064,-0.013138
93,0.775000,0.103855,-0.014427,0.057108,0.060752,0.009541,0.047795,-0.007504,0.037803,-0.013904
94,0.783333,0.098591,-0.016306,0.059928,0.056676,0.008993,0.048972,-0.007799,0.038434,-0.014641
95,0.791667,0.093402,-0.018024,0.062592,0.052732,0.008437,0.049994,-0.008108,0.038990,-0.015032
96,0.800000,0.088671,-0.019571,0.064851,0.049174,0.007911,0.050872,-0.008435,0.039454,-0.015288
97,0.808333,0.084770,-0.020804,0.066699,0.046312,0.007528,0.051646,-0.008731,0.039787,-0.015536
98,0.816667,0.081974,-0.021687,0.067945,0.044270,0.007237,0.052136,-0.008914,0.040015,-0.015392
99,0.825000,0.080405,-0.022182,0.068601,0.043146,0.007109,0.052578,-0.009003,0.040153,-0.015355
100,0.833333,0.080161,-0.022291,0.068771,0.042992,0.007039,0.052650,-0.008965,0.040190,-0.015274
101,0.841667,0.080884,-0.022133,0.068499,0.043590,0.007201,0.052510,-0.008790,0.040163,-0.015309
102,0.850000,0.082390,-0.021712,0.067974,0.044821,0.007709,0.052414,-0.008560,0.040138,-0.015371
103,0.858333,0.084754,-0.021055,0.067179,0.046587,0.008111,0.052037,-0.008222,0.040034,-0.015130
104,0.866667,0.087712,-0.020259,0.066092,0.048755,0.008477,0.051739,-0.007918,0.039782,-0.015063
105,0.875000,0.090961,-0.019354,0.064905,0.051183,0.008797,0.051254,-0.007640,0.039447,-0.014804
106,0.883333,0.094381,-0.018386,0.063534,0.053792,0.009197,0.050866,-0.007373,0.039052,-0.014477
107,0.891667,0.097940,-0.017331,0.061992,0.056590,0.009614,0.050429,-0.007136,0.038611,-0.013895
108,0.900000,0.101559,-0.016218,0.060306,0.059470,0.010122,0.049972,-0.006925,0.038112,-0.013251
109,0.908333,0.105247,-0.015055,0.058347,0.062467,0.010664,0.049468,-0.006761,0.037559,-0.012578
110,0.916667,0.108894,-0.013794,0.056313,0.065477,0.011246,0.048817,-0.006550,0.037031,-0.011764
111,0.925000,0.112579,-0.012431,0.054125,0.068571,0.011938,0.047925,-0.006354,0.036475,-0.010877
112,0.933333,0.116392,-0.010966,0.051468,0.071743,0.012708,0.046924,-0.006110,0.035901,-0.010142
113,0.941667,0.120184,-0.009337,0.048594,0.074877,0.013438,0.045618,-0.005787,0.035355,-0.009301
114,0.950000,0.123922,-0.007600,0.045380,0.077942,0.014208,0.044031,-0.005417,0.034746,-0.008538
115,0.958333,0.127499,-0.005730,0.042147,0.080900,0.015014,0.042336,-0.005006,0.034120,-0.007917
116,0.966667,0.130900,-0.003839,0.038575,0.083735,0.015818,0.040451,-0.004542,0.033597,-0.007143
117,0.975000,0.133985,-0.001954,0.035047,0.086389,0.016723,0.038528,-0.004124,0.033142,-0.006670
118,0.983333,0.136645,-0.000178,0.031561,0.088742,0.017724,0.036705,-0.003658,0.032787,-0.006255
119,0.991667,0.138722,0.001385,0.028393,0.090709,0.018721,0.034971,-0.003251,0.032576,-0.006008
120,1.000000,0.140224,0.002652,0.025898,0.092254,0.019700,0.033509,-0.002894,0.032524,-0.005872
121,1.008333,0.141386,0.003638,0.023773,0.093413,0.020485,0.032222,-0.002634,0.032609,-0.005860
122,1.016667,0.142148,0.004360,0.022341,0.094224,0.021089,0.031274,-0.002459,0.032739,-0.005894
123,1.025000,0.142575,0.004761,0.021448,0.094662,0.021520,0.030792,-0.002399,0.032870,-0.005985
124,1.033333,0.142669,0.004860,0.021193,0.094771,0.021682,0.030638,-0.002421,0.032972,-0.006005
125,1.041667,0.142556,0.004769,0.021405,0.094640,0.021544,0.030756,-0.002520,0.032967,-0.006077
126,1.050000,0.142222,0.004528,0.022056,0.094249,0.021071,0.031068,-0.002663,0.032880,-0.006096
127,1.058333,0.141605,0.004041,0.023081,0.093563,0.020476,0.031693,-0.002859,0.032768,-0.006163
128,1.066667,0.140609,0.003304,0.024617,0.092527,0.019805,0.032569,-0.003155,0.032797,-0.006442
129,1.075000,0.139195,0.002257,0.026602,0.091086,0.019026,0.033654,-0.003479,0.032970,-0.006864
130,1.083333,0.137305,0.000960,0.029240,0.089273,0.018165,0.034967,-0.003828,0.033248,-0.007479
131,1.091667,0.134991,-0.000547,0.032136,0.087046,0.017214,0.036441,-0.004155,0.033585,-0.008192
132,1.100000,0.131989,-0.002322,0.035691,0.084340,0.016217,0.038210,-0.004494,0.034036,-0.008968
133,1.108333,0.128386,-0.004343,0.039474,0.081185,0.015137,0.040091,-0.004895,0.034589,-0.009869
134,1.116667,0.124260,-0.006459,0.043424,0.077598,0.013961,0.041978,-0.005299,0.035160,-0.010770
135,1.125000,0.119621,-0.008674,0.047481,0.073705,0.012827,0.043915,-0.005725,0.035756,-0.011618
136,1.133333,0.114623,-0.010898,0.051305,0.069605,0.011786,0.045611,-0.006151,0.036416,-0.012420
137,1.141667,0.109419,-0.013016,0.054888,0.065446,0.010885,0.047152,-0.006559,0.037103,-0.013086
138,1.150000,0.104269,-0.014953,0.058113,0.061331,0.010128,0.048516,-0.006991,0.037714,-0.013768
139,1.158333,0.099257,-0.016699,0.060872,0.057430,0.009452,0.049688,-0.007349,0.038284,-0.014279
140,1.166667,0.094561,-0.018223,0.063249,0.053803,0.008928,0.050576,-0.007648,0.038858,-0.014787
141,1.175000,0.090293,-0.019514,0.065111,0.050580,0.008541,0.051282,-0.007910,0.039382,-0.015196
142,1.183333,0.086741,-0.020557,0.066464,0.047990,0.008272,0.051774,-0.008102,0.039872,-0.015424
143,1.191667,0.084194,-0.021237,0.067378,0.046162,0.008159,0.052130,-0.008204,0.040260,-0.015700
144,1.200000,0.082716,-0.021607,0.067844,0.045088,0.008155,0.052145,-0.008196,0.040540,-0.015857
145,1.208333,0.082194,-0.021712,0.067813,0.044755,0.008258,0.052188,-0.008089,0.040693,-0.016062
146,1.216667,0.082593,-0.021513,0.067664,0.045091,0.008459,0.052023,-0.007886,0.040792,-0.016124
147,1.225000,0.083848,-0.021053,0.067218,0.046097,0.008861,0.052028,-0.007628,0.040824,-0.016060
148,1.233333,0.086007,-0.020249,0.066703,0.047802,0.009353,0.051940,-0.007334,0.040685,-0.015871
149,1.241667,0.088997,-0.019187,0.065960,0.050041,0.009839,0.051833,-0.007044,0.040376,-0.015480
150,1.250000,0.092593,-0.018026,0.064916,0.052819,0.010317,0.051535,-0.006754,0.039975,-0.014901
151,1.258333,0.096752,-0.016923,0.063275,0.056091,0.010788,0.051258,-0.006473,0.039424,-0.014126
152,1.266667,0.101423,-0.015826,0.061072,0.059780,0.011138,0.050706,-0.006171,0.038719,-0.013282
153,1.275000,0.106316,-0.014725,0.058410,0.063655,0.011451,0.049886,-0.005826,0.037934,-0.012285
154,1.283333,0.110927,-0.013364,0.055531,0.067351,0.011737,0.049003,-0.005450,0.037126,-0.011363
155,1.291667,0.114775,-0.011878,0.053032,0.070602,0.012599,0.048091,-0.005069,0.036451,-0.010654
156,1.300000,0.117978,-0.010505,0.050549,0.073375,0.013495,0.047059,-0.004732,0.036049,-0.010039
157,1.308333,0.120792,-0.009268,0.048269,0.075802,0.014083,0.046009,-0.004465,0.035733,-0.009638
158,1.316667,0.123293,-0.008135,0.046159,0.077905,0.014654,0.044952,-0.004202,0.035318,-0.009217
159,1.325000,0.125475,-0.007062,0.044259,0.079789,0.015193,0.043918,-0.003961,0.035001,-0.008739
160,1.333333,0.127470,-0.006114,0.042483,0.081484,0.015662,0.043071,-0.003805,0.034697,-0.008274
161,1.341667,0.129290,-0.005173,0.040792,0.083037,0.016003,0.042287,-0.003665,0.034312,-0.007673
162,1.350000,0.130916,-0.004325,0.039290,0.084398,0.016281,0.041444,-0.003540,0.033919,-0.007188
163,1.358333,0.132372,-0.003526,0.037843,0.085642,0.016526,0.040721,-0.003475,0.033548,-0.006761
164,1.366667,0.133666,-0.002781,0.036457,0.086691,0.016719,0.039978,-0.003416,0.033169,-0.006347
165,1.375000,0.134495,-0.002218,0.035387,0.087402,0.016844,0.039408,-0.003386,0.032885,-0.006215
166,1.383333,0.134826,-0.001916,0.034806,0.087715,0.017021,0.039101,-0.003417,0.032844,-0.006226
167,1.391667,0.134826,-0.001867,0.034675,0.087632,0.017102,0.038983,-0.003507,0.033072,-0.006324
168,1.400000,0.134467,-0.001996,0.034880,0.087232,0.017012,0.038913,-0.003670,0.033417,-0.006647
169,1.408333,0.133696,-0.002359,0.035675,0.086513,0.016804,0.039233,-0.003797,0.033770,-0.007081
170,1.416667,0.132473,-0.002999,0.036875,0.085384,0.016471,0.039709,-0.003919,0.034176,-0.007650
171,1.425000,0.130686,-0.003965,0.038623,0.083799,0.015961,0.040540,-0.004117,0.034671,-0.008314
172,1.433333,0.128467,-0.005132,0.040848,0.081809,0.015185,0.041412,-0.004321,0.035133,-0.009069
173,1.441667,0.125606,-0.006555,0.043495,0.079304,0.014320,0.042499,-0.004520,0.035596,-0.010008
174,1.450000,0.122035,-0.008215,0.046646,0.076359,0.013462,0.043820,-0.004745,0.036194,-0.010876
175,1.458333,0.118154,-0.009931,0.049653,0.073139,0.012628,0.045103,-0.005046,0.036881,-0.011793
176,1.466667,0.113993,-0.011611,0.052506,0.069747,0.011927,0.046356,-0.005293,0.037606,-0.012501
177,1.475000,0.109410,-0.013347,0.055376,0.066096,0.011357,0.047570,-0.005546,0.038343,-0.013288
178,1.483333,0.104395,-0.015089,0.058076,0.062215,0.010785,0.048581,-0.005823,0.039100,-0.014118
179,1.491667,0.099381,-0.016718,0.060628,0.058409,0.010200,0.049471,-0.006074,0.039817,-0.014747
180,1.500000,0.094794,-0.018175,0.062669,0.054873,0.009655,0.050121,-0.006328,0.040353,-0.015324
181,1.508333,0.090812,-0.019370,0.064498,0.051864,0.009193,0.050762,-0.006596,0.040858,-0.015677
182,1.516667,0.087579,-0.020319,0.065803,0.049468,0.008831,0.051265,-0.006820,0.041197,-0.015942
183,1.525000,0.085162,-0.021027,0.066780,0.047588,0.008590,0.051616,-0.006932,0.041490,-0.016049
184,1.533333,0.083383,-0.021496,0.067390,0.046249,0.008412,0.051773,-0.006959,0.041697,-0.016151
185,1.541667,0.082420,-0.021736,0.067661,0.045560,0.008316,0.051758,-0.006971,0.041829,-0.016247
186,1.550000,0.082380,-0.021728,0.067663,0.045517,0.008295,0.051672,-0.006898,0.041892,-0.016316
187,1.558333,0.082978,-0.021578,0.067351,0.046003,0.008482,0.051654,-0.006753,0.041872,-0.016313
188,1.566667,0.084360,-0.021219,0.066922,0.047130,0.008756,0.051503,-0.006606,0.041762,-0.016108
189,1.575000,0.086711,-0.020687,0.066304,0.048828,0.008878,0.051365,-0.006428,0.041484,-0.015831
190,1.583333,0.089607,-0.019997,0.065521,0.050888,0.008988,0.051219,-0.006234,0.041006,-0.015330
191,1.591667,0.092709,-0.019223,0.064544,0.053231,0.009191,0.051061,-0.006088,0.040472,-0.014931
192,1.600000,0.096108,-0.018353,0.063413,0.055906,0.009472,0.050815,-0.005943,0.039905,-0.014166
193,1.608333,0.099917,-0.017325,0.061913,0.058830,0.009784,0.050592,-0.005779,0.039201,-0.013355
194,1.616667,0.103869,-0.016152,0.060246,0.061902,0.010216,0.050186,-0.005598,0.038440,-0.012530
195,1.625000,0.107628,-0.014958,0.058258,0.064879,0.010706,0.049766,-0.005388,0.037763,-0.011627
196,1.633333,0.110994,-0.013780,0.056388,0.067627,0.011261,0.049145,-0.005199,0.037227,-0.011098
197,1.641667,0.113941,-0.012632,0.054495,0.070077,0.011840,0.048512,-0.004965,0.036840,-0.010527
198,1.650000,0.116594,-0.011567,0.052575,0.072284,0.012395,0.047736,-0.004735,0.036565,-0.010142
199,1.658333,0.118946,-0.010549,0.050837,0.074296,0.012975,0.046872,-0.004518,0.036336,-0.009706
200,1.666667,0.121277,-0.009543,0.048908,0.076295,0.013542,0.046024,-0.004319,0.036088,-0.009306
201,1.675000,0.123662,-0.008454,0.047077,0.078330,0.014134,0.045188,-0.004072,0.035803,-0.008824
202,1.683333,0.126207,-0.007301,0.044968,0.080457,0.014694,0.044155,-0.003783,0.035460,-0.008084
203,1.691667,0.128911,-0.005997,0.042653,0.082721,0.015222,0.043024,-0.003520,0.034964,-0.007447
204,1.700000,0.131805,-0.004476,0.040076,0.085134,0.015757,0.041473,-0.003218,0.034299,-0.006582
205,1.708333,0.134760,-0.002849,0.036963,0.087626,0.016427,0.039893,-0.002863,0.033620,-0.005783
206,1.716667,0.137401,-0.001178,0.033770,0.089878,0.017189,0.038193,-0.002489,0.033026,-0.005290
207,1.725000,0.139494,0.000329,0.030848,0.091793,0.018080,0.036587,-0.002118,0.032652,-0.004891
208,1.733333,0.141055,0.001571,0.028274,0.093268,0.018971,0.035145,-0.001808,0.032573,-0.004851
209,1.741667,0.142129,0.002568,0.026212,0.094402,0.019842,0.033882,-0.001597,0.032686,-0.004841
210,1.750000,0.142883,0.003278,0.024599,0.095162,0.020616,0.032973,-0.001498,0.032887,-0.004953
211,1.758333,0.143243,0.003740,0.023707,0.095649,0.021228,0.032353,-0.001466,0.033092,-0.005127
212,1.766667,0.143470,0.003971,0.023088,0.095863,0.021543,0.032050,-0.001512,0.033231,-0.005185
213,1.775000,0.143393,0.003964,0.023099,0.095773,0.021520,0.032074,-0.001654,0.033276,-0.005282
214,1.783333,0.143114,0.003779,0.023499,0.095433,0.021190,0.032347,-0.001806,0.033247,-0.005307
215,1.791667,0.142571,0.003349,0.024406,0.094745,0.020595,0.032955,-0.002077,0.033206,-0.005480
216,1.800000,0.141555,0.002631,0.025994,0.093641,0.019784,0.033709,-0.002401,0.033274,-0.005793
217,1.808333,0.140075,0.001587,0.028119,0.092157,0.018794,0.034802,-0.002734,0.033399,-0.006169
218,1.816667,0.138073,0.000226,0.030784,0.090127,0.017667,0.036276,-0.003108,0.033657,-0.006778
219,1.825000,0.135087,-0.001575,0.034367,0.087367,0.016529,0.038099,-0.003564,0.034135,-0.007736
220,1.833333,0.131167,-0.003779,0.038555,0.083919,0.015401,0.040313,-0.004065,0.034826,-0.008980
221,1.841667,0.126475,-0.006195,0.043037,0.079892,0.014224,0.042440,-0.004582,0.035672,-0.010205
222,1.850000,0.121196,-0.008660,0.047517,0.075521,0.013062,0.044648,-0.005144,0.036539,-0.011291
223,1.858333,0.115644,-0.011077,0.051713,0.071033,0.012008,0.046623,-0.005690,0.037332,-0.012177
224,1.866667,0.110095,-0.013313,0.055411,0.066571,0.011040,0.048428,-0.006195,0.038021,-0.012838
225,1.875000,0.104691,-0.015329,0.058732,0.062230,0.010138,0.049923,-0.006689,0.038589,-0.013410
226,1.883333,0.099492,-0.017132,0.061673,0.058125,0.009341,0.051250,-0.007159,0.039095,-0.013909
227,1.891667,0.094680,-0.018730,0.064040,0.054377,0.008704,0.052243,-0.007576,0.039548,-0.014117
228,1.900000,0.090436,-0.020032,0.065908,0.051130,0.008202,0.053004,-0.007959,0.039951,-0.014305
229,1.908333,0.086981,-0.021022,0.067288,0.048547,0.007883,0.053625,-0.008244,0.040298,-0.014475
230,1.916667,0.084538,-0.021691,0.068148,0.046686,0.007668,0.053931,-0.008443,0.040564,-0.014665
231,1.925000,0.083180,-0.022057,0.068511,0.045670,0.007566,0.054028,-0.008529,0.040706,-0.014861
232,1.933333,0.082934,-0.022063,0.068633,0.045487,0.007551,0.053934,-0.008500,0.040748,-0.014909
233,1.941667,0.083538,-0.021876,0.068289,0.045994,0.007788,0.053912,-0.008372,0.040730,-0.014921
234,1.950000,0.084935,-0.021479,0.067687,0.047169,0.008240,0.053755,-0.008155,0.040679,-0.014733
235,1.958333,0.087305,-0.020865,0.066797,0.049000,0.008577,0.053638,-0.007928,0.040483,-0.014570
236,1.966667,0.090442,-0.020057,0.065857,0.051328,0.008823,0.053374,-0.007656,0.040039,-0.014062
237,1.975000,0.093966,-0.019121,0.064608,0.054039,0.009138,0.053042,-0.007412,0.039551,-0.013539
238,1.983333,0.097678,-0.018092,0.063080,0.056980,0.009611,0.052797,-0.007168,0.038971,-0.012789
239,1.991667,0.101475,-0.016994,0.061368,0.060050,0.010193,0.052533,-0.006883,0.038332,-0.012056
240,2.000000,0.105281,-0.015806,0.059649,0.063136,0.010781,0.051975,-0.006604,0.037701,-0.011265
241,2.008333,0.108978,-0.014580,0.057570,0.066140,0.011417,0.051469,-0.006295,0.037100,-0.010466
242,2.016667,0.112430,-0.013334,0.055373,0.068982,0.012054,0.050685,-0.006011,0.036544,-0.009825
243,2.025000,0.115652,-0.012045,0.053309,0.071657,0.012725,0.049663,-0.005703,0.036088,-0.009362
244,2.033333,0.118658,-0.010782,0.051007,0.074090,0.013364,0.048618,-0.005398,0.035711,-0.008901
245,2.041667,0.121407,-0.009518,0.048760,0.076408,0.014002,0.047409,-0.005124,0.035381,-0.008533
246,2.050000,0.123977,-0.008258,0.046545,0.078585,0.014708,0.046216,-0.004841,0.035044,-0.008128
247,2.058333,0.126434,-0.006976,0.044236,0.080708,0.015418,0.045060,-0.004558,0.034705,-0.007727
248,2.066667,0.128869,-0.005666,0.041777,0.082770,0.016033,0.043715,-0.004295,0.034300,-0.007249
249,2.075000,0.131179,-0.004328,0.039319,0.084756,0.016634,0.042190,-0.004043,0.033893,-0.006752
250,2.083333,0.133317,-0.003040,0.036868,0.086620,0.017347,0.040807,-0.003814,0.033476,-0.006339
251,2.091667,0.135210,-0.001797,0.034370,0.088302,0.018077,0.039381,-0.003592,0.033178,-0.005950
252,2.100000,0.136851,-0.000652,0.032022,0.089765,0.018800,0.037983,-0.003420,0.032931,-0.005782
253,2.108333,0.138245,0.000400,0.029992,0.091021,0.019460,0.036706,-0.003244,0.032774,-0.005557
254,2.116667,0.139438,0.001344,0.028128,0.092115,0.020073,0.035513,-0.003108,0.032649,-0.005412
255,2.125000,0.140361,0.002166,0.026475,0.093005,0.020627,0.034544,-0.003020,0.032582,-0.005354
256,2.133333,0.141164,0.002881,0.025094,0.093794,0.021114,0.033723,-0.002953,0.032513,-0.005218
257,2.141667,0.141778,0.003475,0.023855,0.094385,0.021414,0.032959,-0.002913,0.032420,-0.005091
258,2.150000,0.142142,0.003858,0.022969,0.094739,0.021663,0.032488,-0.002918,0.032380,-0.005064
259,2.158333,0.142220,0.004034,0.022639,0.094824,0.021785,0.032323,-0.003000,0.032425,-0.005061
260,2.166667,0.142001,0.003945,0.022878,0.094544,0.021702,0.032490,-0.003202,0.032578,-0.005196
261,2.175000,0.141293,0.003449,0.023703,0.093860,0.021315,0.033186,-0.003441,0.032817,-0.005623
262,2.183333,0.140125,0.002613,0.025547,0.092694,0.020589,0.034021,-0.003678,0.033092,-0.006027
263,2.191667,0.138541,0.001491,0.027844,0.091115,0.019570,0.035307,-0.004016,0.033417,-0.006566
264,2.200000,0.136453,0.000080,0.030545,0.089203,0.018534,0.036833,-0.004348,0.033733,-0.007137
265,2.208333,0.133869,-0.001528,0.033735,0.086887,0.017564,0.038726,-0.004640,0.034048,-0.007798
266,2.216667,0.130713,-0.003349,0.037350,0.084127,0.016553,0.040853,-0.004983,0.034513,-0.008700
267,2.225000,0.126948,-0.005381,0.041140,0.080909,0.015558,0.042883,-0.005290,0.035142,-0.009672
268,2.233333,0.122634,-0.007457,0.045019,0.077332,0.014649,0.045072,-0.005588,0.035886,-0.010697
269,2.241667,0.117924,-0.009559,0.048693,0.073399,0.013763,0.047097,-0.005841,0.036789,-0.011681
270,2.250000,0.112814,-0.011628,0.052309,0.069302,0.012975,0.049017,-0.006103,0.037761,-0.012627
271,2.258333,0.107522,-0.013628,0.055520,0.065195,0.012397,0.050660,-0.006316,0.038607,-0.013406
272,2.266667,0.102437,-0.015448,0.058393,0.061214,0.011776,0.051867,-0.006465,0.039286,-0.013995
273,2.275000,0.097764,-0.017094,0.060830,0.057559,0.011124,0.052828,-0.006615,0.039794,-0.014474
274,2.283333,0.093815,-0.018394,0.062958,0.054519,0.010476,0.053596,-0.006815,0.040086,-0.014743
275,2.291667,0.090986,-0.019339,0.064468,0.052319,0.009905,0.054171,-0.006960,0.040231,-0.014737
276,2.300000,0.089458,-0.019927,0.065368,0.051126,0.009467,0.054616,-0.007066,0.040290,-0.014427
277,2.308333,0.089305,-0.020063,0.065624,0.051037,0.009216,0.054917,-0.007082,0.040197,-0.014152
278,2.316667,0.090094,-0.019966,0.065460,0.051731,0.009327,0.054866,-0.006985,0.039968,-0.013850
279,2.325000,0.091840,-0.019469,0.064904,0.053177,0.009617,0.054563,-0.006853,0.039812,-0.013607
280,2.333333,0.094628,-0.018707,0.063786,0.055315,0.009812,0.054049,-0.006646,0.039510,-0.013230
281,2.341667,0.098115,-0.017676,0.062301,0.057914,0.010140,0.053353,-0.006391,0.039079,-0.012798
282,2.350000,0.101956,-0.016462,0.060497,0.060896,0.010650,0.052652,-0.006116,0.038650,-0.012395
283,2.358333,0.105834,-0.015142,0.058434,0.063964,0.011321,0.051882,-0.005769,0.038259,-0.011870
284,2.366667,0.109585,-0.013781,0.056160,0.066999,0.012117,0.051181,-0.005390,0.037857,-0.011374
285,2.375000,0.112977,-0.012472,0.053962,0.069857,0.012916,0.050220,-0.005047,0.037490,-0.011091
286,2.383333,0.116008,-0.011239,0.051829,0.072474,0.013702,0.049298,-0.004690,0.037149,-0.010641
287,2.391667,0.118731,-0.010073,0.049740,0.074810,0.014471,0.048292,-0.004377,0.036808,-0.010313
288,2.400000,0.121214,-0.008993,0.047747,0.076931,0.015132,0.047305,-0.004112,0.036514,-0.010009
289,2.408333,0.123478,-0.007948,0.045947,0.078884,0.015731,0.046203,-0.003874,0.036194,-0.009660
290,2.416667,0.125704,-0.006923,0.044016,0.080743,0.016293,0.045153,-0.003667,0.035816,-0.009195
291,2.425000,0.127871,-0.005829,0.042143,0.082535,0.016781,0.044129,-0.003486,0.035394,-0.008800
292,2.433333,0.129972,-0.004783,0.040132,0.084284,0.017197,0.042908,-0.003328,0.034945,-0.008271
293,2.441667,0.132003,-0.003606,0.038042,0.086001,0.017714,0.041669,-0.003176,0.034487,-0.007762
294,2.450000,0.133915,-0.002434,0.035669,0.087665,0.018297,0.040424,-0.003010,0.034070,-0.007342
295,2.458333,0.135524,-0.001323,0.033487,0.089155,0.018910,0.039333,-0.002833,0.033779,-0.007072
296,2.466667,0.136826,-0.000303,0.031531,0.090408,0.019568,0.038135,-0.002687,0.033649,-0.006988
297,2.475000,0.137873,0.000555,0.029721,0.091441,0.020255,0.037174,-0.002566,0.033665,-0.006921
298,2.483333,0.138594,0.001239,0.028340,0.092217,0.020875,0.036356,-0.002487,0.033759,-0.006947
299,2.491667,0.139057,0.001712,0.027336,0.092737,0.021402,0.035766,-0.002429,0.033902,-0.006967
300,2.500000,0.139338,0.002003,0.026695,0.093068,0.021746,0.035383,-0.002400,0.034002,-0.007033
301,2.508333,0.139455,0.002117,0.026456,0.093206,0.021886,0.035202,-0.002418,0.034052,-0.007061
302,2.516667,0.139347,0.002037,0.026573,0.093038,0.021746,0.035311,-0.002487,0.034089,-0.007103
303,2.525000,0.138850,0.001681,0.027370,0.092510,0.021391,0.035709,-0.002596,0.034172,-0.007262
304,2.533333,0.137897,0.001005,0.028650,0.091475,0.020750,0.036394,-0.002783,0.034336,-0.007639
305,2.541667,0.136307,-0.000060,0.030749,0.089867,0.019851,0.037395,-0.003035,0.034661,-0.008087
306,2.550000,0.134003,-0.001480,0.033587,0.087631,0.018714,0.038747,-0.003352,0.035057,-0.008922
307,2.558333,0.130749,-0.003338,0.037248,0.084563,0.017462,0.040443,-0.003737,0.035591,-0.009891
308,2.566667,0.126296,-0.005697,0.041650,0.080581,0.016023,0.042614,-0.004211,0.036297,-0.011130
309,2.575000,0.120622,-0.008426,0.046793,0.075712,0.014474,0.044946,-0.004712,0.037205,-0.012314
310,2.583333,0.113925,-0.011388,0.051984,0.070153,0.012897,0.047224,-0.005297,0.038188,-0.013455
311,2.591667,0.106550,-0.014349,0.056880,0.064296,0.011624,0.049517,-0.005889,0.039043,-0.014220
312,2.600000,0.099059,-0.017091,0.061337,0.058486,0.010481,0.051473,-0.006397,0.039736,-0.014730
313,2.608333,0.091976,-0.019477,0.065137,0.053036,0.009488,0.053165,-0.006914,0.040258,-0.015053
314,2.616667,0.085600,-0.021526,0.068053,0.048147,0.008623,0.054418,-0.007378,0.040710,-0.015087
315,2.625000,0.080176,-0.023143,0.070369,0.044071,0.007948,0.055368,-0.007851,0.041079,-0.015181
316,2.633333,0.076052,-0.024306,0.071979,0.041041,0.007497,0.056010,-0.008208,0.041387,-0.015106
317,2.641667,0.073461,-0.025018,0.072888,0.039136,0.007233,0.056390,-0.008425,0.041528,-0.014985
318,2.650000,0.072401,-0.025312,0.073187,0.038305,0.007125,0.056512,-0.008504,0.041575,-0.014949
319,2.658333,0.072678,-0.025186,0.073098,0.038473,0.007155,0.056398,-0.008439,0.041554,-0.015005
320,2.666667,0.074261,-0.024695,0.072570,0.039590,0.007434,0.056095,-0.008249,0.041455,-0.014993
321,2.675000,0.076920,-0.023722,0.072030,0.041515,0.008020,0.055876,-0.008009,0.041292,-0.015019
322,2.683333,0.080291,-0.022412,0.071267,0.044013,0.008779,0.055660,-0.007695,0.041081,-0.014767
323,2.691667,0.084080,-0.020970,0.070471,0.046841,0.009588,0.055393,-0.007360,0.040811,-0.014425
324,2.700000,0.088049,-0.019590,0.069365,0.049866,0.010310,0.055172,-0.007056,0.040501,-0.014004
325,2.708333,0.092082,-0.018418,0.067917,0.052954,0.010851,0.054869,-0.006716,0.040094,-0.013525
326,2.716667,0.096029,-0.017506,0.066200,0.056026,0.011231,0.054489,-0.006391,0.039698,-0.013040
327,2.725000,0.099718,-0.016778,0.064324,0.058937,0.011503,0.054020,-0.006081,0.039225,-0.012510
328,2.733333,0.103079,-0.016134,0.062458,0.061655,0.011734,0.053598,-0.005800,0.038751,-0.011964
329,2.741667,0.106194,-0.015460,0.060604,0.064254,0.011949,0.052906,-0.005595,0.038276,-0.011319
330,2.750000,0.109285,-0.014694,0.058771,0.066808,0.012248,0.052318,-0.005429,0.037750,-0.010760
331,2.758333,0.112414,-0.013830,0.056855,0.069395,0.012585,0.051538,-0.005292,0.037174,-0.010057
332,2.766667,0.115664,-0.012624,0.054782,0.072028,0.012916,0.050573,-0.005118,0.036483,-0.009315
333,2.775000,0.119033,-0.011266,0.052496,0.074731,0.013451,0.049430,-0.004907,0.035723,-0.008551
334,2.783333,0.122461,-0.009746,0.049869,0.077446,0.013967,0.048104,-0.004663,0.034999,-0.007751
335,2.791667,0.125785,-0.008153,0.046940,0.080077,0.014447,0.046595,-0.004385,0.034311,-0.007108
336,2.800000,0.128893,-0.006490,0.043938,0.082633,0.015062,0.044933,-0.004073,0.033744,-0.006582
337,2.808333,0.131665,-0.004831,0.040821,0.085038,0.015830,0.043185,-0.003752,0.033298,-0.006135
338,2.816667,0.134000,-0.003302,0.037852,0.087158,0.016792,0.041591,-0.003426,0.033043,-0.005853
339,2.825000,0.135927,-0.001931,0.035022,0.089033,0.017805,0.040008,-0.003095,0.032975,-0.005618
340,2.833333,0.137613,-0.000662,0.032450,0.090657,0.018759,0.038403,-0.002799,0.032988,-0.005434
341,2.841667,0.139034,0.000474,0.030180,0.092103,0.019636,0.037150,-0.002552,0.032978,-0.005495
342,2.850000,0.140220,0.001423,0.028261,0.093277,0.020399,0.035995,-0.002282,0.032966,-0.005339
343,2.858333,0.141163,0.002221,0.026645,0.094250,0.020984,0.034982,-0.002092,0.032952,-0.005243
344,2.866667,0.141981,0.002870,0.025410,0.095015,0.021406,0.034123,-0.001954,0.032868,-0.005174
345,2.875000,0.142505,0.003316,0.024391,0.095535,0.021723,0.033651,-0.001886,0.032789,-0.005110
346,2.883333,0.142685,0.003489,0.023968,0.095705,0.021872,0.033400,-0.001922,0.032769,-0.005137
347,2.891667,0.142559,0.003423,0.024159,0.095509,0.021741,0.033536,-0.002053,0.032845,-0.005276
348,2.900000,0.141958,0.003008,0.025008,0.094846,0.021380,0.033960,-0.002267,0.033053,-0.005531
349,2.908333,0.140841,0.002216,0.026575,0.093703,0.020810,0.034831,-0.002522,0.033307,-0.006010
350,2.916667,0.139251,0.001102,0.028772,0.092169,0.020025,0.035943,-0.002802,0.033654,-0.006521
351,2.925000,0.137242,-0.000253,0.031362,0.090174,0.019031,0.037386,-0.003138,0.034033,-0.007177
352,2.933333,0.134512,-0.001950,0.034654,0.087609,0.017911,0.039184,-0.003522,0.034412,-0.008026
353,2.941667,0.131038,-0.003907,0.038592,0.084514,0.016722,0.041097,-0.003927,0.034935,-0.008929
354,2.950000,0.127060,-0.006067,0.042593,0.081017,0.015422,0.043092,-0.004403,0.035547,-0.009839
355,2.958333,0.122715,-0.008207,0.046598,0.077263,0.014094,0.044956,-0.004920,0.036131,-0.010566
356,2.966667,0.118116,-0.010311,0.050467,0.073417,0.012835,0.046795,-0.005403,0.036682,-0.011247
357,2.975000,0.113394,-0.012300,0.053997,0.069497,0.011721,0.048470,-0.005850,0.037231,-0.011771
358,2.983333,0.108563,-0.014197,0.057205,0.065532,0.010749,0.049930,-0.006273,0.037761,-0.012340
359,2.991667,0.103708,-0.015981,0.060066,0.061631,0.009830,0.051028,-0.006694,0.038309,-0.012908
360,3.000000,0.098916,-0.017610,0.062578,0.057840,0.009104,0.052130,-0.007084,0.038880,-0.013395
361,3.008333,0.094293,-0.019094,0.064777,0.054214,0.008566,0.052977,-0.007401,0.039414,-0.013740
362,3.016667,0.089907,-0.020412,0.066693,0.050845,0.008120,0.053799,-0.007679,0.039899,-0.014087
363,3.025000,0.085870,-0.021562,0.068305,0.047772,0.007726,0.054334,-0.007892,0.040268,-0.014409
364,3.033333,0.082303,-0.022547,0.069639,0.045071,0.007371,0.054724,-0.008075,0.040619,-0.014538
365,3.041667,0.079267,-0.023398,0.070613,0.042820,0.007124,0.055064,-0.008198,0.040861,-0.014705
366,3.050000,0.076899,-0.024004,0.071530,0.041117,0.006964,0.055352,-0.008261,0.041058,-0.014768
367,3.058333,0.075369,-0.024436,0.072035,0.039994,0.006886,0.055732,-0.008300,0.041161,-0.014758
368,3.066667,0.074759,-0.024630,0.072277,0.039558,0.006802,0.055891,-0.008285,0.041156,-0.014658
369,3.075000,0.075116,-0.024594,0.072249,0.039832,0.006796,0.056037,-0.008238,0.041019,-0.014545
370,3.083333,0.076462,-0.024338,0.072011,0.040880,0.007004,0.056266,-0.008181,0.040823,-0.014331
371,3.091667,0.078961,-0.023810,0.071532,0.042758,0.007230,0.056321,-0.008078,0.040565,-0.013958
372,3.100000,0.082498,-0.023045,0.070719,0.045381,0.007451,0.056250,-0.007962,0.040047,-0.013507
373,3.108333,0.086832,-0.022035,0.069554,0.048651,0.007772,0.056044,-0.007855,0.039433,-0.012820
374,3.116667,0.091846,-0.020767,0.067884,0.052488,0.008255,0.055694,-0.007687,0.038701,-0.012084
375,3.125000,0.097318,-0.019228,0.065617,0.056708,0.008942,0.055143,-0.007423,0.037918,-0.011215
376,3.133333,0.102990,-0.017420,0.062955,0.061095,0.009745,0.054135,-0.007086,0.037094,-0.010431
377,3.141667,0.108537,-0.015471,0.059675,0.065461,0.010651,0.052825,-0.006654,0.036356,-0.009605
378,3.150000,0.113656,-0.013425,0.056146,0.069626,0.011646,0.051195,-0.006191,0.035705,-0.009041
379,3.158333,0.118270,-0.011375,0.052444,0.073452,0.012788,0.049525,-0.005674,0.035187,-0.008554
380,3.166667,0.122243,-0.009427,0.048735,0.076873,0.013990,0.047742,-0.005163,0.034844,-0.008168
381,3.175000,0.125641,-0.007604,0.045340,0.079905,0.015177,0.045983,-0.004670,0.034624,-0.007768
382,3.183333,0.128623,-0.005922,0.042153,0.082602,0.016307,0.044273,-0.004256,0.034397,-0.007512
383,3.191667,0.131225,-0.004391,0.039164,0.084982,0.017298,0.042641,-0.003867,0.034159,-0.007114
384,3.200000,0.133471,-0.003002,0.036657,0.087090,0.018145,0.041239,-0.003534,0.033892,-0.006650
385,3.208333,0.135440,-0.001806,0.034154,0.088906,0.018838,0.039860,-0.003250,0.033557,-0.006257
386,3.216667,0.137033,-0.000764,0.032129,0.090388,0.019402,0.038708,-0.003007,0.033207,-0.005877
387,3.225000,0.138193,0.000045,0.030517,0.091496,0.019765,0.037855,-0.002818,0.032854,-0.005432
388,3.233333,0.138904,0.000591,0.029541,0.092217,0.020011,0.037324,-0.002749,0.032595,-0.005274
389,3.241667,0.139239,0.000856,0.028980,0.092557,0.020101,0.037051,-0.002783,0.032443,-0.005158
390,3.250000,0.139199,0.000872,0.029006,0.092501,0.019985,0.037111,-0.002952,0.032324,-0.005049
391,3.258333,0.138931,0.000736,0.029383,0.092166,0.019631,0.037409,-0.003174,0.032277,-0.004966
392,3.266667,0.138513,0.000503,0.029855,0.091604,0.019063,0.037698,-0.003425,0.032206,-0.005069
393,3.275000,0.137711,0.000001,0.030989,0.090683,0.018433,0.038209,-0.003711,0.032194,-0.005251
394,3.283333,0.136303,-0.000893,0.032751,0.089262,0.017688,0.039131,-0.004079,0.032459,-0.005682
395,3.291667,0.134287,-0.002142,0.035132,0.087288,0.016751,0.040354,-0.004463,0.032908,-0.006186
396,3.300000,0.131611,-0.003682,0.038119,0.084746,0.015606,0.041779,-0.004874,0.033431,-0.006972
397,3.308333,0.128069,-0.005610,0.041693,0.081457,0.014295,0.043423,-0.005336,0.034048,-0.007965
398,3.316667,0.123541,-0.007833,0.046056,0.077474,0.012947,0.045448,-0.005895,0.034797,-0.009192
399,3.325000,0.118242,-0.010306,0.050502,0.072981,0.011557,0.047441,-0.006460,0.035652,-0.010394
400,3.333333,0.112430,-0.012782,0.054799,0.068223,0.010372,0.049345,-0.007008,0.036491,-0.011282
401,3.341667,0.106509,-0.015139,0.058829,0.063554,0.009460,0.051247,-0.007532,0.037235,-0.011952
402,3.350000,0.100916,-0.017246,0.062176,0.059242,0.008698,0.052871,-0.007999,0.037779,-0.012320
403,3.358333,0.095941,-0.019036,0.064915,0.055362,0.008029,0.054252,-0.008420,0.038133,-0.012617
404,3.366667,0.091575,-0.020527,0.067295,0.051956,0.007385,0.055411,-0.008825,0.038403,-0.012731
405,3.375000,0.087983,-0.021704,0.068982,0.049233,0.006885,0.056283,-0.009186,0.038668,-0.012738
406,3.383333,0.085413,-0.022516,0.070135,0.047302,0.006572,0.056817,-0.009411,0.038833,-0.012731
407,3.391667,0.083972,-0.022965,0.070791,0.046201,0.006409,0.057146,-0.009555,0.038938,-0.012804
408,3.400000,0.083576,-0.023070,0.070934,0.045929,0.006379,0.057115,-0.009566,0.039008,-0.012814
409,3.408333,0.084030,-0.022920,0.070659,0.046314,0.006572,0.056927,-0.009430,0.039068,-0.012827
410,3.416667,0.085117,-0.022563,0.070014,0.047257,0.007112,0.056648,-0.009213,0.039165,-0.012891
411,3.425000,0.086995,-0.021972,0.069241,0.048758,0.007696,0.056319,-0.008934,0.039207,-0.012849
412,3.433333,0.089617,-0.021192,0.068286,0.050685,0.008166,0.055917,-0.008650,0.039019,-0.012825
413,3.441667,0.092635,-0.020244,0.067160,0.052907,0.008612,0.055529,-0.008360,0.038721,-0.012481
414,3.450000,0.095786,-0.019183,0.065922,0.055379,0.009117,0.055078,-0.008092,0.038270,-0.012084
415,3.458333,0.099194,-0.017989,0.064501,0.058053,0.009621,0.054783,-0.007857,0.037721,-0.011547
416,3.466667,0.102840,-0.016818,0.062862,0.060929,0.010079,0.054346,-0.007582,0.037084,-0.010756
417,3.475000,0.106506,-0.015846,0.060682,0.063889,0.010444,0.053779,-0.007359,0.036389,-0.010043
418,3.483333,0.109937,-0.014862,0.058451,0.066738,0.010651,0.053069,-0.007095,0.035696,-0.009190
419,3.491667,0.113022,-0.013663,0.056585,0.069349,0.011220,0.052355,-0.006843,0.035068,-0.008496
420,3.500000,0.115835,-0.012477,0.054525,0.071793,0.012017,0.051583,-0.006589,0.034639,-0.007868
421,3.508333,0.118682,-0.011288,0.052343,0.074235,0.012639,0.050575,-0.006380,0.034200,-0.007171
422,3.516667,0.121573,-0.010017,0.050065,0.076659,0.013232,0.049473,-0.006142,0.033658,-0.006606
423,3.525000,0.124477,-0.008608,0.047622,0.079134,0.013935,0.048121,-0.005884,0.033123,-0.005966
424,3.533333,0.127478,-0.007064,0.044732,0.081700,0.014747,0.046616,-0.005610,0.032565,-0.005233
425,3.541667,0.130585,-0.005349,0.041584,0.084374,0.015587,0.044849,-0.005301,0.031972,-0.004521
426,3.550000,0.133645,-0.003497,0.038046,0.086999,0.016494,0.042906,-0.004942,0.031385,-0.003875
427,3.558333,0.136422,-0.001648,0.034411,0.089445,0.017525,0.040792,-0.004602,0.030890,-0.003304
428,3.566667,0.138673,0.000098,0.030893,0.091564,0.018584,0.038756,-0.004297,0.030596,-0.003022
429,3.575000,0.140263,0.001567,0.027872,0.093215,0.019708,0.037026,-0.003999,0.030563,-0.002918
430,3.583333,0.141292,0.002656,0.025481,0.094393,0.020759,0.035614,-0.003807,0.030774,-0.003108
431,3.591667,0.141897,0.003425,0.023752,0.095215,0.021650,0.034537,-0.003677,0.031129,-0.003128
432,3.600000,0.142193,0.003889,0.022743,0.095689,0.022299,0.033785,-0.003640,0.031446,-0.003323
433,3.608333,0.142227,0.004059,0.022353,0.095821,0.022634,0.033544,-0.003690,0.031719,-0.003515
434,3.616667,0.141936,0.003853,0.022665,0.095534,0.022477,0.033797,-0.003843,0.031994,-0.003571
435,3.625000,0.141218,0.003284,0.023714,0.094789,0.021777,0.034325,-0.004029,0.032248,-0.003826
436,3.633333,0.140157,0.002433,0.025745,0.093576,0.020697,0.035334,-0.004254,0.032462,-0.004163
437,3.641667,0.138660,0.001236,0.028249,0.091919,0.019221,0.036543,-0.004564,0.032737,-0.004588
438,3.650000,0.136472,-0.000380,0.031467,0.089653,0.017590,0.038192,-0.004949,0.033070,-0.005183
439,3.658333,0.133456,-0.002318,0.035446,0.086748,0.015998,0.040190,-0.005340,0.033602,-0.006101
440,3.666667,0.129153,-0.004824,0.040190,0.082827,0.014563,0.042766,-0.005777,0.034334,-0.007562
441,3.675000,0.123155,-0.007845,0.045744,0.077748,0.013457,0.045470,-0.006257,0.035467,-0.009340
442,3.683333,0.115802,-0.011139,0.051557,0.071815,0.012560,0.048241,-0.006835,0.036979,-0.011225
443,3.691667,0.107672,-0.014297,0.056984,0.065492,0.011719,0.050779,-0.007389,0.038410,-0.012692
444,3.700000,0.099496,-0.017248,0.061650,0.059256,0.010896,0.053014,-0.007926,0.039557,-0.013632
445,3.708333,0.091901,-0.019771,0.065501,0.053398,0.009921,0.054801,-0.008407,0.040310,-0.014059
446,3.716667,0.084987,-0.021966,0.068718,0.048052,0.008995,0.056223,-0.008932,0.040780,-0.014345
447,3.725000,0.078747,-0.023891,0.071225,0.043326,0.008171,0.057308,-0.009410,0.041189,-0.014346
448,3.733333,0.073430,-0.025443,0.073235,0.039346,0.007506,0.058175,-0.009794,0.041521,-0.014257
449,3.741667,0.069280,-0.026541,0.074658,0.036309,0.007069,0.058693,-0.010053,0.041797,-0.014115
450,3.750000,0.066630,-0.027157,0.075533,0.034386,0.006811,0.059046,-0.010195,0.042030,-0.014015
451,3.758333,0.065637,-0.027268,0.075932,0.033616,0.006773,0.059170,-0.010156,0.042138,-0.013970
452,3.766667,0.066017,-0.026950,0.075887,0.033903,0.007014,0.059089,-0.009932,0.042225,-0.014015
453,3.775000,0.067764,-0.026046,0.075755,0.035158,0.007579,0.058909,-0.009574,0.042216,-0.014172
454,3.783333,0.070451,-0.024480,0.075641,0.037188,0.008730,0.058789,-0.009175,0.042235,-0.014245
455,3.791667,0.073695,-0.022419,0.075552,0.039673,0.010284,0.058867,-0.008751,0.042238,-0.014239
456,3.800000,0.077193,-0.020172,0.075440,0.042384,0.011912,0.058998,-0.008307,0.042208,-0.014003
457,3.808333,0.080850,-0.018033,0.075120,0.045241,0.013414,0.058952,-0.007926,0.042095,-0.013793
458,3.816667,0.084595,-0.016142,0.074604,0.048226,0.014741,0.058815,-0.007535,0.041945,-0.013394
459,3.825000,0.088453,-0.014484,0.073778,0.051278,0.015933,0.058726,-0.007183,0.041743,-0.012900
460,3.833333,0.092247,-0.013022,0.072646,0.054303,0.017027,0.058576,-0.006870,0.041505,-0.012444
461,3.841667,0.095743,-0.011681,0.071390,0.056981,0.018045,0.058331,-0.006681,0.041126,-0.012188
462,3.850000,0.098528,-0.010459,0.070209,0.059098,0.018983,0.057994,-0.006542,0.040858,-0.012007
463,3.858333,0.100351,-0.009416,0.069391,0.060555,0.019774,0.057591,-0.006427,0.040764,-0.012054
464,3.866667,0.101416,-0.008542,0.068830,0.061466,0.020502,0.057106,-0.006342,0.040790,-0.012193
465,3.875000,0.102033,-0.007777,0.068540,0.061955,0.021179,0.056954,-0.006359,0.040899,-0.012314
466,3.883333,0.102348,-0.007056,0.068553,0.062238,0.021779,0.056752,-0.006512,0.041003,-0.012420
467,3.891667,0.102565,-0.006456,0.068513,0.062385,0.022315,0.056718,-0.006711,0.041045,-0.012522
468,3.900000,0.102822,-0.005935,0.068532,0.062522,0.022704,0.056719,-0.006949,0.041002,-0.012450
469,3.908333,0.103215,-0.005532,0.068409,0.062742,0.022921,0.056535,-0.007221,0.040828,-0.012294
470,3.916667,0.103815,-0.005165,0.068095,0.063037,0.023019,0.056445,-0.007510,0.040569,-0.012186
471,3.925000,0.104626,-0.004772,0.067525,0.063484,0.023094,0.056077,-0.007782,0.040254,-0.012076
472,3.933333,0.105577,-0.004275,0.066903,0.064046,0.023248,0.055692,-0.007973,0.040027,-0.011895
473,3.941667,0.106516,-0.003704,0.066085,0.064633,0.023532,0.055343,-0.008152,0.039873,-0.011734
474,3.950000,0.107282,-0.003112,0.065288,0.065129,0.023891,0.055013,-0.008286,0.039814,-0.011656
475,3.958333,0.107870,-0.002539,0.064684,0.065549,0.024284,0.054615,-0.008393,0.039792,-0.011700
476,3.966667,0.108278,-0.002037,0.064221,0.065853,0.024660,0.054384,-0.008450,0.039767,-0.011711
477,3.975000,0.108587,-0.001594,0.063878,0.066087,0.025007,0.054076,-0.008488,0.039731,-0.011751
478,3.983333,0.108768,-0.001144,0.063873,0.066204,0.025355,0.054051,-0.008518,0.039725,-0.011793
479,3.991667,0.108855,-0.000767,0.063905,0.066267,0.025676,0.054013,-0.008518,0.039762,-0.011799
480,4.000000,0.108852,-0.000484,0.064026,0.066278,0.025943,0.054087,-0.008477,0.039821,-0.011769
481,4.008333,0.108799,-0.000350,0.064184,0.066261,0.026091,0.054142,-0.008441,0.039855,-0.011777
482,4.016667,0.108779,-0.000370,0.064335,0.066254,0.026103,0.054236,-0.008401,0.039827,-0.011695
483,4.025000,0.108808,-0.000479,0.064424,0.066279,0.026004,0.054302,-0.008367,0.039746,-0.011643
484,4.033333,0.108864,-0.000637,0.064430,0.066322,0.025870,0.054367,-0.008340,0.039647,-0.011483
485,4.041667,0.108935,-0.000758,0.064405,0.066357,0.025742,0.054368,-0.008337,0.039572,-0.011371
486,4.050000,0.109015,-0.000806,0.064361,0.066410,0.025699,0.054449,-0.008362,0.039534,-0.011267
487,4.058333,0.109114,-0.000821,0.064256,0.066480,0.025714,0.054477,-0.008395,0.039526,-0.011197
488,4.066667,0.109195,-0.000785,0.064195,0.066548,0.025753,0.054436,-0.008433,0.039530,-0.011189
489,4.075000,0.109280,-0.000732,0.064085,0.066616,0.025822,0.054375,-0.008475,0.039507,-0.011219
490,4.083333,0.109389,-0.000651,0.063986,0.066706,0.025877,0.054239,-0.008508,0.039456,-0.011238
491,4.091667,0.109524,-0.000566,0.063873,0.066790,0.025934,0.054094,-0.008534,0.039417,-0.011273
492,4.100000,0.109666,-0.000469,0.063654,0.066868,0.025957,0.053978,-0.008548,0.039387,-0.011294
493,4.108333,0.109817,-0.000372,0.063435,0.066932,0.025983,0.053935,-0.008570,0.039383,-0.011296
494,4.116667,0.109943,-0.000276,0.063315,0.066998,0.026008,0.053882,-0.008592,0.039383,-0.011313
495,4.125000,0.110073,-0.000218,0.063139,0.067057,0.026008,0.053832,-0.008613,0.039367,-0.011272
496,4.133333,0.110193,-0.000209,0.062937,0.067119,0.025980,0.053799,-0.008657,0.039298,-0.011198
497,4.141667,0.110328,-0.000221,0.062699,0.067187,0.025934,0.053740,-0.008703,0.039210,-0.011162
498,4.150000,0.110442,-0.000226,0.062609,0.067254,0.025900,0.053695,-0.008754,0.039117,-0.011102
499,4.158333,0.110567,-0.000225,0.062504,0.067344,0.025860,0.053721,-0.008800,0.039032,-0.011043
500,4.166667,0.110690,-0.000248,0.062368,0.067423,0.025789,0.053665,-0.008856,0.038963,-0.010986
501,4.175000,0.110830,-0.000325,0.062259,0.067496,0.025682,0.053649,-0.008886,0.038904,-0.010919
502,4.183333,0.110978,-0.000474,0.062064,0.067573,0.025513,0.053655,-0.008909,0.038800,-0.010811
503,4.191667,0.111145,-0.000643,0.061955,0.067694,0.025319,0.053671,-0.008919,0.038738,-0.010674
504,4.200000,0.111362,-0.000813,0.061811,0.067855,0.025108,0.053737,-0.008919,0.038634,-0.010502
505,4.208333,0.111683,-0.000987,0.061637,0.068045,0.024861,0.053774,-0.008874,0.038432,-0.010312
506,4.216667,0.111926,-0.001155,0.061534,0.068229,0.024649,0.053754,-0.008829,0.038275,-0.010197
507,4.225000,0.112124,-0.001330,0.061431,0.068394,0.024428,0.053679,-0.008785,0.038175,-0.010040
508,4.233333,0.112297,-0.001529,0.061263,0.068525,0.024202,0.053749,-0.008763,0.038064,-0.009969
509,4.241667,0.112472,-0.001743,0.061116,0.068656,0.023982,0.053821,-0.008744,0.037988,-0.009825
510,4.250000,0.112662,-0.001948,0.061159,0.068798,0.023762,0.053828,-0.008727,0.037888,-0.009733
511,4.258333,0.112845,-0.002171,0.061037,0.068959,0.023542,0.053915,-0.008689,0.037803,-0.009618
512,4.266667,0.112992,-0.002402,0.060957,0.069095,0.023317,0.053904,-0.008674,0.037755,-0.009530
513,4.275000,0.113104,-0.002647,0.060870,0.069222,0.023125,0.053867,-0.008676,0.037756,-0.009481
514,4.283333,0.113178,-0.002861,0.060843,0.069293,0.022944,0.053865,-0.008647,0.037812,-0.009457
515,4.291667,0.113182,-0.003038,0.060875,0.069333,0.022812,0.053875,-0.008554,0.037979,-0.009466
516,4.300000,0.113156,-0.003119,0.060930,0.069370,0.022813,0.053856,-0.008450,0.038214,-0.009687
517,4.308333,0.113159,-0.003079,0.061024,0.069443,0.022960,0.053821,-0.008288,0.038508,-0.009793
518,4.316667,0.113210,-0.002928,0.061101,0.069559,0.023200,0.053765,-0.008106,0.038893,-0.010004
519,4.325000,0.113359,-0.002695,0.061039,0.069758,0.023545,0.053715,-0.007910,0.039326,-0.010211
520,4.333333,0.113559,-0.002375,0.061056,0.070017,0.023949,0.053405,-0.007690,0.039823,-0.010495
521,4.341667,0.113825,-0.002078,0.060852,0.070315,0.024345,0.053213,-0.007456,0.040235,-0.010868
522,4.350000,0.114137,-0.001788,0.060588,0.070699,0.024749,0.052955,-0.007195,0.040622,-0.011051
523,4.358333,0.114534,-0.001488,0.060369,0.071075,0.025114,0.052733,-0.006922,0.040940,-0.011270
524,4.366667,0.114896,-0.001225,0.060082,0.071491,0.025466,0.052440,-0.006667,0.041228,-0.011433
525,4.375000,0.115244,-0.000989,0.059838,0.071885,0.025813,0.052267,-0.006431,0.041517,-0.011584
526,4.383333,0.115522,-0.000824,0.059732,0.072195,0.026065,0.052119,-0.006223,0.041769,-0.011671
527,4.391667,0.115693,-0.000759,0.059662,0.072428,0.026236,0.052088,-0.006030,0.041963,-0.011793
