Format Version,1.23,Take Name,jon dominant dragg,Take Notes,,Capture Frame Rate,120.000000,Export Frame Rate,120.000000,Capture Start Time,2024-03-05 11.30.14.891 AM,Capture Start Frame,468464,Total Frames in Take,529,Total Exported Frames,529,Rotation Type,Quaternion,Length Units,Meters,Coordinate Space,Global

,Type,Marker,Marker,Marker,Marker,Marker,Marker,Marker,Marker,Marker
,Name,Unlabeled 1121,Unlabeled 1121,Unlabeled 1121,Unlabeled 1122,Unlabeled 1122,Unlabeled 1122,Unlabeled 1123,Unlabeled 1123,Unlabeled 1123
,ID,"FBE50","FBE50","FBE50","FBE60","FBE60","FBE60","FBE70","FBE70","FBE70"
,,Position,Position,Position,Position,Position,Position,Position,Position,Position
Frame,Time (Seconds),X,Y,Z,X,Y,Z,X,Y,Z
0,0.000000,0.156424,0.060953,-0.002172,0.120143,0.030097,-0.033504,0.262734,0.047885,-0.027788
1,0.008333,0.156430,0.060948,-0.002160,0.120143,0.030094,-0.033490,0.262743,0.047886,-0.027803
2,0.016667,0.156434,0.060952,-0.002174,0.120141,0.030098,-0.033480,0.262736,0.047905,-0.027793
3,0.025000,0.156430,0.060959,-0.002165,0.120139,0.030104,-0.033479,0.262734,0.047916,-0.027791
4,0.033333,0.156429,0.060965,-0.002162,0.120139,0.030107,-0.033479,0.262728,0.047928,-0.027787
5,0.041667,0.156431,0.060964,-0.002168,0.120138,0.030104,-0.033477,0.262732,0.047937,-0.027797
6,0.050000,0.156434,0.060956,-0.002168,0.120140,0.030097,-0.033478,0.262731,0.047930,-0.027813
7,0.058333,0.156438,0.060947,-0.002178,0.120136,0.030091,-0.033470,0.262725,0.047936,-0.027817
8,0.066667,0.156436,0.060943,-0.002179,0.120134,0.030093,-0.033469,0.262718,0.047949,-0.027816
9,0.075000,0.156439,0.060943,-0.002171,0.120133,0.030095,-0.033456,0.262711,0.047971,-0.027826
10,0.083333,0.156436,0.060951,-0.002158,0.120131,0.030099,-0.033458,0.262701,0.048007,-0.027820
11,0.091667,0.156436,0.060958,-0.002169,0.120126,0.030104,-0.033448,0.262693,0.048033,-0.027820
12,0.100000,0.156438,0.060960,-0.002178,0.120128,0.030098,-0.033443,0.262696,0.048061,-0.027853
13,0.108333,0.156443,0.060957,-0.002175,0.120128,0.030093,-0.033438,0.262692,0.048088,-0.027875
14,0.116667,0.156444,0.060964,-0.002190,0.120127,0.030090,-0.033430,0.262688,0.048111,-0.027892
15,0.125000,0.156448,0.060972,-0.002197,0.120129,0.030089,-0.033405,0.262686,0.048139,-0.027913
16,0.133333,0.156450,0.060982,-0.002187,0.120125,0.030099,-0.033403,0.262686,0.048165,-0.027937
17,0.141667,0.156452,0.060989,-0.002189,0.120125,0.030102,-0.033406,0.262682,0.048189,-0.027945
18,0.150000,0.156453,0.060991,-0.002193,0.120125,0.030102,-0.033411,0.262682,0.048203,-0.027946
19,0.158333,0.156456,0.060989,-0.002193,0.120124,0.030101,-0.033392,0.262682,0.048205,-0.027945
20,0.166667,0.156462,0.060978,-0.002201,0.120124,0.030093,-0.033388,0.262684,0.048199,-0.027944
21,0.175000,0.156472,0.060970,-0.002215,0.120126,0.030089,-0.033392,0.262695,0.048190,-0.027949
22,0.183333,0.156494,0.060955,-0.002211,0.120130,0.030088,-0.033376,0.262698,0.048185,-0.027929
23,0.191667,0.156523,0.060935,-0.002220,0.120133,0.030095,-0.033360,0.262706,0.048176,-0.027919
24,0.200000,0.156548,0.060919,-0.002192,0.120137,0.030098,-0.033339,0.262717,0.048164,-0.027905
25,0.208333,0.156571,0.060900,-0.002172,0.120147,0.030093,-0.033336,0.262725,0.048148,-0.027895
26,0.216667,0.156599,0.060880,-0.002158,0.120154,0.030097,-0.033313,0.262731,0.048136,-0.027865
27,0.225000,0.156621,0.060863,-0.002169,0.120162,0.030093,-0.033294,0.262743,0.048130,-0.027886
28,0.233333,0.156639,0.060855,-0.002120,0.120165,0.030089,-0.033260,0.262736,0.048134,-0.027858
29,0.241667,0.156648,0.060854,-0.002114,0.120166,0.030092,-0.033243,0.262734,0.048144,-0.027867
30,0.250000,0.156657,0.060855,-0.002122,0.120171,0.030093,-0.033242,0.262730,0.048158,-0.027865
31,0.258333,0.156662,0.060854,-0.002109,0.120171,0.030090,-0.033217,0.262728,0.048173,-0.027878
32,0.266667,0.156677,0.060853,-0.002123,0.120176,0.030089,-0.033199,0.262723,0.048178,-0.027869
33,0.275000,0.156691,0.060848,-0.002097,0.120182,0.030085,-0.033185,0.262727,0.048186,-0.027883
34,0.283333,0.156710,0.060843,-0.002088,0.120187,0.030088,-0.033142,0.262728,0.048195,-0.027878
35,0.291667,0.156730,0.060840,-0.002059,0.120196,0.030088,-0.033114,0.262735,0.048200,-0.027884
36,0.300000,0.156750,0.060835,-0.002027,0.120206,0.030091,-0.033082,0.262746,0.048204,-0.027886
37,0.308333,0.156780,0.060816,-0.001983,0.120222,0.030090,-0.033041,0.262752,0.048203,-0.027872
38,0.316667,0.156823,0.060776,-0.001958,0.120237,0.030083,-0.032973,0.262761,0.048196,-0.027851
39,0.325000,0.156862,0.060733,-0.001872,0.120262,0.030071,-0.032893,0.262776,0.048183,-0.027847
40,0.333333,0.156916,0.060666,-0.001812,0.120285,0.030055,-0.032783,0.262788,0.048162,-0.027835
41,0.341667,0.156967,0.060603,-0.001781,0.120304,0.030052,-0.032732,0.262813,0.048142,-0.027843
42,0.350000,0.157025,0.060555,-0.001770,0.120318,0.030057,-0.032687,0.262825,0.048127,-0.027838
43,0.358333,0.157069,0.060514,-0.001749,0.120335,0.030057,-0.032629,0.262842,0.048122,-0.027839
44,0.366667,0.157118,0.060479,-0.001739,0.120352,0.030054,-0.032589,0.262847,0.048127,-0.027831
45,0.375000,0.157171,0.060445,-0.001751,0.120364,0.030050,-0.032553,0.262854,0.048141,-0.027829
46,0.383333,0.157207,0.060414,-0.001740,0.120381,0.030043,-0.032491,0.262861,0.048154,-0.027847
47,0.391667,0.157243,0.060395,-0.001754,0.120392,0.030036,-0.032428,0.262861,0.048171,-0.027855
48,0.400000,0.157283,0.060397,-0.001780,0.120404,0.030032,-0.032411,0.262867,0.048194,-0.027866
49,0.408333,0.157268,0.060425,-0.001800,0.120403,0.030037,-0.032397,0.262865,0.048208,-0.027842
50,0.416667,0.157194,0.060489,-0.001831,0.120395,0.030073,-0.032478,0.262854,0.048175,-0.027784
51,0.425000,0.156998,0.060644,-0.001882,0.120388,0.030238,-0.032828,0.262845,0.048058,-0.027678
52,0.433333,0.156646,0.060886,-0.002425,0.120312,0.030677,-0.033767,0.262771,0.047833,-0.027401
53,0.441667,0.156055,0.061168,-0.003083,0.120093,0.031341,-0.035200,0.262638,0.047558,-0.027076
54,0.450000,0.155251,0.061673,-0.004167,0.119826,0.032290,-0.037129,0.262424,0.047189,-0.026691
55,0.458333,0.154255,0.062389,-0.005546,0.119632,0.033478,-0.039737,0.262074,0.046746,-0.026168
56,0.466667,0.153115,0.063394,-0.007323,0.119587,0.034916,-0.042856,0.261672,0.046294,-0.025709
57,0.475000,0.151954,0.064574,-0.009282,0.119715,0.036441,-0.046197,0.261180,0.045860,-0.025160
58,0.483333,0.150869,0.065727,-0.011590,0.119972,0.038030,-0.049609,0.260606,0.045526,-0.024690
59,0.491667,0.149865,0.066937,-0.014147,0.120232,0.039627,-0.053172,0.259951,0.045228,-0.024196
60,0.500000,0.148987,0.068195,-0.016684,0.120465,0.041173,-0.056389,0.259361,0.045014,-0.023883
61,0.508333,0.148197,0.069477,-0.019020,0.120774,0.042570,-0.059631,0.258707,0.044911,-0.023425
62,0.516667,0.147517,0.070746,-0.021433,0.121162,0.043964,-0.062623,0.258072,0.044756,-0.022993
63,0.525000,0.146874,0.071891,-0.023620,0.121542,0.045347,-0.065707,0.257492,0.044588,-0.022665
64,0.533333,0.146369,0.072953,-0.025806,0.121938,0.046637,-0.068494,0.256891,0.044386,-0.022342
65,0.541667,0.145989,0.073913,-0.027806,0.122267,0.047829,-0.070962,0.256336,0.044220,-0.022055
66,0.550000,0.145671,0.074742,-0.029514,0.122593,0.048903,-0.073276,0.255875,0.044123,-0.021804
67,0.558333,0.145431,0.075490,-0.030934,0.122855,0.049759,-0.075160,0.255470,0.044037,-0.021598
68,0.566667,0.145258,0.076206,-0.032273,0.123087,0.050481,-0.076664,0.255141,0.043987,-0.021456
69,0.575000,0.145130,0.076791,-0.033394,0.123313,0.051144,-0.078036,0.254908,0.043958,-0.021451
70,0.583333,0.145015,0.077284,-0.034431,0.123563,0.051733,-0.079226,0.254635,0.043932,-0.021316
71,0.591667,0.144912,0.077763,-0.035325,0.123850,0.052322,-0.080439,0.254382,0.043902,-0.021181
72,0.600000,0.144826,0.078187,-0.036310,0.124169,0.052937,-0.081672,0.254187,0.043844,-0.021136
73,0.608333,0.144761,0.078566,-0.037296,0.124479,0.053508,-0.082910,0.253993,0.043744,-0.021073
74,0.616667,0.144741,0.078932,-0.038094,0.124755,0.054066,-0.084009,0.253831,0.043654,-0.021055
75,0.625000,0.144748,0.079228,-0.039017,0.125004,0.054629,-0.085048,0.253659,0.043571,-0.020955
76,0.633333,0.144761,0.079520,-0.039829,0.125279,0.055163,-0.086210,0.253527,0.043485,-0.020910
77,0.641667,0.144782,0.079815,-0.040544,0.125554,0.055666,-0.087146,0.253407,0.043433,-0.020891
78,0.650000,0.144838,0.080152,-0.041358,0.125853,0.056139,-0.088056,0.253313,0.043438,-0.020849
79,0.658333,0.144897,0.080475,-0.042047,0.126126,0.056562,-0.088945,0.253255,0.043491,-0.020850
80,0.666667,0.144939,0.080842,-0.042752,0.126378,0.056914,-0.089586,0.253179,0.043573,-0.020853
81,0.675000,0.144976,0.081244,-0.043304,0.126617,0.057209,-0.090174,0.253121,0.043696,-0.020876
82,0.683333,0.145003,0.081605,-0.043792,0.126810,0.057439,-0.090770,0.253048,0.043831,-0.020882
83,0.691667,0.145038,0.081914,-0.044243,0.126917,0.057672,-0.091180,0.252999,0.043915,-0.020942
84,0.700000,0.145047,0.082090,-0.044529,0.127014,0.057884,-0.091594,0.252952,0.043938,-0.020965
85,0.708333,0.145016,0.082062,-0.044610,0.127058,0.058012,-0.091815,0.252902,0.043839,-0.020946
86,0.716667,0.144971,0.081787,-0.044402,0.127029,0.058014,-0.091779,0.252919,0.043645,-0.020925
87,0.725000,0.144919,0.081281,-0.043827,0.126904,0.057886,-0.091431,0.253026,0.043342,-0.020927
88,0.733333,0.144872,0.080511,-0.042816,0.126585,0.057470,-0.090594,0.253210,0.042940,-0.020933
89,0.741667,0.144790,0.079506,-0.041129,0.126057,0.056685,-0.088931,0.253463,0.042537,-0.020866
90,0.750000,0.144721,0.078232,-0.038846,0.125306,0.055564,-0.086441,0.253879,0.042134,-0.020878
91,0.758333,0.144736,0.076668,-0.036079,0.124337,0.054064,-0.083320,0.254351,0.041764,-0.020864
92,0.766667,0.144845,0.074827,-0.032759,0.123211,0.052240,-0.079544,0.254952,0.041438,-0.020875
93,0.775000,0.145076,0.072723,-0.028998,0.121993,0.050121,-0.075200,0.255630,0.041159,-0.021036
94,0.783333,0.145514,0.070391,-0.024816,0.120727,0.047784,-0.070350,0.256260,0.040897,-0.021054
95,0.791667,0.146135,0.067903,-0.020577,0.119609,0.045311,-0.065209,0.256926,0.040650,-0.021126
96,0.800000,0.146948,0.065442,-0.016284,0.118687,0.042860,-0.059934,0.257600,0.040355,-0.021355
97,0.808333,0.147921,0.063069,-0.011999,0.118100,0.040523,-0.054751,0.258136,0.039993,-0.021372
98,0.816667,0.149029,0.060755,-0.008129,0.117726,0.038379,-0.049952,0.258650,0.039584,-0.021492
99,0.825000,0.150180,0.058493,-0.004515,0.117504,0.036393,-0.045553,0.259118,0.039103,-0.021568
100,0.833333,0.151331,0.056331,-0.001319,0.117353,0.034603,-0.041504,0.259531,0.038593,-0.021671
101,0.841667,0.152419,0.054245,0.001434,0.117239,0.033016,-0.037961,0.259837,0.038097,-0.021645
102,0.850000,0.153425,0.052417,0.003828,0.117114,0.031666,-0.034875,0.260151,0.037653,-0.021743
103,0.858333,0.154344,0.050802,0.005778,0.116943,0.030532,-0.032393,0.260383,0.037303,-0.021827
104,0.866667,0.155167,0.049352,0.007357,0.116751,0.029650,-0.030407,0.260544,0.037076,-0.021860
105,0.875000,0.155878,0.048132,0.008492,0.116601,0.028868,-0.028709,0.260691,0.036914,-0.021961
106,0.883333,0.156407,0.047163,0.009453,0.116397,0.028232,-0.027307,0.260789,0.036836,-0.022057
107,0.891667,0.156821,0.046456,0.009855,0.116272,0.027913,-0.026600,0.260852,0.036804,-0.022156
108,0.900000,0.156960,0.046174,0.009981,0.116178,0.027841,-0.026524,0.260861,0.036816,-0.022205
109,0.908333,0.156936,0.046273,0.009800,0.116106,0.027883,-0.026670,0.260830,0.036888,-0.022238
110,0.916667,0.156801,0.046693,0.009486,0.116053,0.027967,-0.026897,0.260766,0.037050,-0.022255
111,0.925000,0.156594,0.047286,0.009089,0.115969,0.028077,-0.027188,0.260708,0.037303,-0.022301
112,0.933333,0.156332,0.048046,0.008423,0.115864,0.028301,-0.027645,0.260653,0.037599,-0.022318
113,0.941667,0.155884,0.048903,0.007389,0.115767,0.028836,-0.028886,0.260566,0.037881,-0.022283
114,0.950000,0.155157,0.049891,0.006010,0.115573,0.029685,-0.030856,0.260456,0.038038,-0.022228
115,0.958333,0.154170,0.051012,0.004135,0.115331,0.030857,-0.033494,0.260276,0.038071,-0.022166
116,0.966667,0.153008,0.052315,0.001830,0.115151,0.032294,-0.036784,0.259951,0.038044,-0.021902
117,0.975000,0.151693,0.053887,-0.000857,0.115063,0.034020,-0.040586,0.259582,0.037989,-0.021677
118,0.983333,0.150321,0.055679,-0.003967,0.115121,0.036018,-0.044999,0.259106,0.037952,-0.021381
119,0.991667,0.149008,0.057664,-0.007401,0.115345,0.038201,-0.049800,0.258564,0.037972,-0.021195
120,1.000000,0.147904,0.059737,-0.011082,0.115725,0.040438,-0.054683,0.257922,0.038088,-0.020974
121,1.008333,0.146972,0.061771,-0.014717,0.116309,0.042638,-0.059436,0.257330,0.038339,-0.020887
122,1.016667,0.146278,0.063793,-0.018441,0.116956,0.044749,-0.064134,0.256764,0.038722,-0.020875
123,1.025000,0.145764,0.065837,-0.022147,0.117649,0.046740,-0.068399,0.256155,0.039224,-0.020859
124,1.033333,0.145369,0.067863,-0.025474,0.118435,0.048576,-0.072426,0.255612,0.039792,-0.020913
125,1.041667,0.145122,0.069761,-0.028697,0.119212,0.050261,-0.075981,0.255073,0.040396,-0.020931
126,1.050000,0.144971,0.071473,-0.031497,0.119909,0.051717,-0.079107,0.254573,0.041030,-0.020993
127,1.058333,0.144858,0.072953,-0.033729,0.120504,0.052872,-0.081556,0.254212,0.041662,-0.021133
128,1.066667,0.144805,0.074159,-0.035514,0.120966,0.053719,-0.083460,0.253963,0.042211,-0.021335
129,1.075000,0.144737,0.075094,-0.036836,0.121284,0.054309,-0.084757,0.253703,0.042661,-0.021339
130,1.083333,0.144655,0.075742,-0.037640,0.121483,0.054696,-0.085686,0.253510,0.042922,-0.021346
131,1.091667,0.144593,0.076106,-0.038216,0.121618,0.054956,-0.086206,0.253371,0.043000,-0.021312
132,1.100000,0.144507,0.076206,-0.038367,0.121673,0.055065,-0.086426,0.253268,0.042902,-0.021266
133,1.108333,0.144419,0.076066,-0.038258,0.121679,0.055087,-0.086421,0.253200,0.042666,-0.021171
134,1.116667,0.144340,0.075761,-0.037920,0.121652,0.055057,-0.086238,0.253163,0.042305,-0.021072
135,1.125000,0.144249,0.075330,-0.037389,0.121603,0.054983,-0.086006,0.253150,0.041902,-0.020987
136,1.133333,0.144199,0.074795,-0.036822,0.121542,0.054886,-0.085724,0.253181,0.041498,-0.020897
137,1.141667,0.144166,0.074256,-0.036159,0.121445,0.054683,-0.085177,0.253265,0.041141,-0.020840
138,1.150000,0.144183,0.073683,-0.035336,0.121280,0.054320,-0.084291,0.253387,0.040888,-0.020720
139,1.158333,0.144232,0.073097,-0.034298,0.121027,0.053760,-0.083105,0.253586,0.040724,-0.020691
140,1.166667,0.144309,0.072409,-0.033006,0.120704,0.053089,-0.081653,0.253856,0.040584,-0.020692
141,1.175000,0.144436,0.071597,-0.031518,0.120316,0.052275,-0.079918,0.254189,0.040485,-0.020796
142,1.183333,0.144616,0.070668,-0.029804,0.119849,0.051301,-0.077890,0.254547,0.040444,-0.020799
143,1.191667,0.144848,0.069622,-0.027719,0.119336,0.050117,-0.075428,0.255004,0.040471,-0.020915
144,1.200000,0.145198,0.068506,-0.025324,0.118796,0.048668,-0.072418,0.255485,0.040559,-0.021061
145,1.208333,0.145706,0.067274,-0.022521,0.118264,0.046996,-0.068842,0.256018,0.040713,-0.021210
146,1.216667,0.146350,0.065889,-0.019469,0.117731,0.045076,-0.064789,0.256640,0.040908,-0.021502
147,1.225000,0.147235,0.064325,-0.016146,0.117292,0.043026,-0.060364,0.257270,0.041127,-0.021754
148,1.233333,0.148327,0.062650,-0.012695,0.116961,0.040907,-0.055693,0.257930,0.041333,-0.022095
149,1.241667,0.149555,0.060881,-0.009391,0.116806,0.038779,-0.051086,0.258627,0.041460,-0.022489
150,1.250000,0.150869,0.059118,-0.006205,0.116787,0.036849,-0.046730,0.259234,0.041457,-0.022794
151,1.258333,0.152114,0.057504,-0.003453,0.116926,0.035180,-0.042954,0.259719,0.041300,-0.022969
152,1.266667,0.153237,0.056034,-0.001063,0.117142,0.033778,-0.039726,0.260131,0.041018,-0.023144
153,1.275000,0.154177,0.054734,0.001054,0.117364,0.032659,-0.037100,0.260461,0.040678,-0.023263
154,1.283333,0.154947,0.053488,0.002730,0.117539,0.031772,-0.035013,0.260686,0.040343,-0.023242
155,1.291667,0.155566,0.052447,0.003927,0.117661,0.031088,-0.033491,0.260860,0.039986,-0.023192
156,1.300000,0.155950,0.051635,0.004821,0.117708,0.030681,-0.032497,0.261008,0.039681,-0.023185
157,1.308333,0.156147,0.051098,0.005306,0.117716,0.030464,-0.032009,0.261110,0.039435,-0.023193
158,1.316667,0.156188,0.050885,0.005490,0.117709,0.030442,-0.031903,0.261142,0.039274,-0.023158
159,1.325000,0.156101,0.050999,0.005326,0.117666,0.030513,-0.032092,0.261127,0.039229,-0.023113
160,1.333333,0.155941,0.051388,0.004926,0.117588,0.030612,-0.032319,0.261070,0.039286,-0.023049
161,1.341667,0.155691,0.051935,0.004389,0.117474,0.030821,-0.032780,0.261004,0.039410,-0.023016
162,1.350000,0.155237,0.052588,0.003450,0.117338,0.031320,-0.033986,0.260884,0.039538,-0.022880
163,1.358333,0.154563,0.053379,0.002131,0.117152,0.032141,-0.035893,0.260733,0.039550,-0.022760
164,1.366667,0.153630,0.054331,0.000358,0.116967,0.033293,-0.038441,0.260514,0.039422,-0.022589
165,1.375000,0.152495,0.055513,-0.001847,0.116858,0.034748,-0.041753,0.260204,0.039194,-0.022294
166,1.383333,0.151207,0.056902,-0.004408,0.116842,0.036488,-0.045519,0.259729,0.038907,-0.021859
167,1.391667,0.149946,0.058555,-0.007370,0.117054,0.038405,-0.049815,0.259225,0.038639,-0.021563
168,1.400000,0.148848,0.060351,-0.010531,0.117422,0.040384,-0.054225,0.258633,0.038482,-0.021292
169,1.408333,0.147874,0.062212,-0.013803,0.117939,0.042400,-0.058505,0.258004,0.038461,-0.021019
170,1.416667,0.147077,0.064059,-0.017251,0.118482,0.044429,-0.062977,0.257402,0.038525,-0.020912
171,1.425000,0.146438,0.065886,-0.020797,0.119096,0.046462,-0.067388,0.256763,0.038696,-0.020797
172,1.433333,0.145951,0.067749,-0.024315,0.119772,0.048419,-0.071728,0.256090,0.038931,-0.020720
173,1.441667,0.145588,0.069539,-0.027736,0.120515,0.050303,-0.075657,0.255474,0.039241,-0.020689
174,1.450000,0.145329,0.071204,-0.030884,0.121293,0.052056,-0.079473,0.254892,0.039553,-0.020736
175,1.458333,0.145167,0.072708,-0.033694,0.122066,0.053630,-0.082640,0.254308,0.039907,-0.020703
176,1.466667,0.145069,0.073997,-0.035928,0.122752,0.054914,-0.085411,0.253904,0.040283,-0.020798
177,1.475000,0.144998,0.075006,-0.037658,0.123304,0.055837,-0.087334,0.253546,0.040647,-0.020822
178,1.483333,0.144966,0.075700,-0.038805,0.123640,0.056433,-0.088498,0.253355,0.040914,-0.020913
179,1.491667,0.144892,0.076087,-0.039393,0.123805,0.056654,-0.089082,0.253242,0.041048,-0.020983
180,1.500000,0.144816,0.076138,-0.039361,0.123815,0.056638,-0.089069,0.253201,0.041041,-0.020936
181,1.508333,0.144752,0.075833,-0.038972,0.123738,0.056548,-0.088782,0.253243,0.040929,-0.020909
182,1.516667,0.144704,0.075314,-0.038246,0.123589,0.056314,-0.088184,0.253337,0.040730,-0.020817
183,1.525000,0.144690,0.074631,-0.037195,0.123375,0.055822,-0.087102,0.253511,0.040488,-0.020746
184,1.533333,0.144722,0.073797,-0.035618,0.123018,0.055055,-0.085401,0.253816,0.040242,-0.020735
185,1.541667,0.144814,0.072808,-0.033652,0.122553,0.053942,-0.083045,0.254204,0.039993,-0.020777
186,1.550000,0.144996,0.071651,-0.031126,0.121989,0.052539,-0.080147,0.254683,0.039798,-0.020775
187,1.558333,0.145267,0.070345,-0.028102,0.121379,0.050848,-0.076550,0.255237,0.039654,-0.020846
188,1.566667,0.145719,0.068852,-0.024734,0.120740,0.048884,-0.072384,0.255890,0.039599,-0.020933
189,1.575000,0.146347,0.067170,-0.020918,0.120142,0.046720,-0.067685,0.256603,0.039623,-0.021130
190,1.583333,0.147200,0.065299,-0.017033,0.119606,0.044440,-0.062736,0.257316,0.039683,-0.021299
191,1.591667,0.148297,0.063284,-0.013035,0.119236,0.042121,-0.057633,0.258044,0.039745,-0.021445
192,1.600000,0.149554,0.061146,-0.009163,0.119046,0.039867,-0.052625,0.258785,0.039737,-0.021756
193,1.608333,0.150937,0.059097,-0.005585,0.119040,0.037770,-0.048060,0.259503,0.039621,-0.022063
194,1.616667,0.152274,0.057211,-0.002344,0.119211,0.035958,-0.043746,0.260056,0.039386,-0.022217
195,1.625000,0.153509,0.055552,0.000302,0.119491,0.034434,-0.040273,0.260507,0.039064,-0.022316
196,1.633333,0.154489,0.054132,0.002503,0.119786,0.033271,-0.037580,0.260853,0.038701,-0.022367
197,1.641667,0.155206,0.052961,0.004165,0.120013,0.032436,-0.035709,0.261142,0.038329,-0.022391
198,1.650000,0.155725,0.052107,0.005216,0.120159,0.031882,-0.034439,0.261312,0.038000,-0.022330
199,1.658333,0.156043,0.051564,0.005968,0.120258,0.031533,-0.033638,0.261409,0.037762,-0.022269
200,1.666667,0.156242,0.051267,0.006284,0.120329,0.031335,-0.033234,0.261488,0.037664,-0.022295
201,1.675000,0.156390,0.051240,0.006239,0.120360,0.031284,-0.033131,0.261534,0.037744,-0.022354
202,1.683333,0.156435,0.051429,0.006053,0.120362,0.031309,-0.033168,0.261557,0.037958,-0.022464
203,1.691667,0.156394,0.051854,0.005780,0.120370,0.031374,-0.033333,0.261550,0.038256,-0.022574
204,1.700000,0.156294,0.052484,0.005344,0.120412,0.031516,-0.033586,0.261549,0.038631,-0.022773
205,1.708333,0.156062,0.053264,0.004807,0.120461,0.031793,-0.034126,0.261495,0.039015,-0.022863
206,1.716667,0.155654,0.054129,0.003680,0.120427,0.032331,-0.035279,0.261428,0.039300,-0.022932
207,1.725000,0.154913,0.055023,0.002189,0.120237,0.033223,-0.037405,0.261277,0.039422,-0.022874
208,1.733333,0.153951,0.056026,0.000123,0.119973,0.034439,-0.040115,0.261035,0.039382,-0.022734
209,1.741667,0.152844,0.057245,-0.002199,0.119781,0.035894,-0.043421,0.260687,0.039254,-0.022475
210,1.750000,0.151686,0.058605,-0.004803,0.119674,0.037550,-0.047052,0.260321,0.039118,-0.022274
211,1.758333,0.150552,0.060177,-0.007724,0.119695,0.039316,-0.051052,0.259809,0.038991,-0.021886
212,1.766667,0.149476,0.061878,-0.010908,0.119836,0.041201,-0.055234,0.259310,0.038909,-0.021687
213,1.775000,0.148516,0.063640,-0.014413,0.120120,0.043089,-0.059401,0.258665,0.038912,-0.021409
214,1.783333,0.147708,0.065387,-0.017650,0.120510,0.044926,-0.063580,0.258017,0.039019,-0.021168
215,1.791667,0.147102,0.067136,-0.020660,0.121008,0.046621,-0.067313,0.257453,0.039254,-0.021157
216,1.800000,0.146647,0.068765,-0.023563,0.121518,0.048125,-0.070591,0.256894,0.039600,-0.021087
217,1.808333,0.146254,0.070252,-0.025996,0.121981,0.049415,-0.073375,0.256426,0.039948,-0.021109
218,1.816667,0.145949,0.071577,-0.028163,0.122405,0.050566,-0.075885,0.255959,0.040266,-0.021070
219,1.825000,0.145693,0.072700,-0.030011,0.122810,0.051540,-0.077982,0.255522,0.040498,-0.021065
220,1.833333,0.145504,0.073576,-0.031455,0.123122,0.052338,-0.079668,0.255146,0.040682,-0.021044
221,1.841667,0.145344,0.074246,-0.032583,0.123350,0.052942,-0.080929,0.254860,0.040819,-0.021025
222,1.850000,0.145236,0.074646,-0.033242,0.123527,0.053297,-0.081730,0.254644,0.040870,-0.021001
223,1.858333,0.145144,0.074801,-0.033529,0.123594,0.053437,-0.082042,0.254523,0.040838,-0.020970
224,1.866667,0.145087,0.074700,-0.033366,0.123579,0.053402,-0.081964,0.254511,0.040741,-0.020955
225,1.875000,0.145059,0.074314,-0.032934,0.123514,0.053300,-0.081612,0.254553,0.040575,-0.020880
226,1.883333,0.145065,0.073755,-0.032229,0.123393,0.053026,-0.080967,0.254701,0.040385,-0.020901
227,1.891667,0.145144,0.073050,-0.031016,0.123149,0.052467,-0.079702,0.254945,0.040205,-0.020936
228,1.900000,0.145309,0.072142,-0.029310,0.122823,0.051518,-0.077746,0.255255,0.040046,-0.020936
229,1.908333,0.145571,0.071023,-0.026932,0.122367,0.050249,-0.075057,0.255708,0.039945,-0.021042
230,1.916667,0.145965,0.069672,-0.023913,0.121806,0.048548,-0.071488,0.256220,0.039904,-0.021167
231,1.925000,0.146579,0.068067,-0.020547,0.121179,0.046518,-0.067054,0.256857,0.039951,-0.021340
232,1.933333,0.147425,0.066168,-0.016515,0.120597,0.044213,-0.062074,0.257584,0.040052,-0.021619
233,1.941667,0.148553,0.064088,-0.012348,0.120185,0.041778,-0.056688,0.258321,0.040155,-0.021851
234,1.950000,0.149890,0.061907,-0.008160,0.119986,0.039347,-0.051254,0.259051,0.040169,-0.022125
235,1.958333,0.151361,0.059722,-0.004293,0.120033,0.037131,-0.046231,0.259727,0.040035,-0.022374
236,1.966667,0.152786,0.057571,-0.000876,0.120244,0.035233,-0.041947,0.260314,0.039764,-0.022598
237,1.975000,0.154076,0.055696,0.001980,0.120531,0.033644,-0.038366,0.260734,0.039370,-0.022632
238,1.983333,0.155193,0.054058,0.004398,0.120859,0.032371,-0.035425,0.261115,0.038937,-0.022766
239,1.991667,0.156106,0.052643,0.006434,0.121123,0.031346,-0.033027,0.261359,0.038536,-0.022725
240,2.000000,0.156837,0.051498,0.007895,0.121327,0.030593,-0.031225,0.261557,0.038194,-0.022689
241,2.008333,0.157404,0.050655,0.008856,0.121473,0.030058,-0.029924,0.261706,0.037946,-0.022691
242,2.016667,0.157747,0.050171,0.009475,0.121539,0.029708,-0.029243,0.261824,0.037811,-0.022754
243,2.025000,0.157887,0.050002,0.009685,0.121577,0.029584,-0.028872,0.261871,0.037799,-0.022771
244,2.033333,0.157831,0.050261,0.009395,0.121540,0.029649,-0.029130,0.261870,0.037898,-0.022805
245,2.041667,0.157611,0.050850,0.008902,0.121497,0.029813,-0.029562,0.261807,0.038081,-0.022812
246,2.050000,0.157220,0.051725,0.008084,0.121393,0.030198,-0.030360,0.261713,0.038336,-0.022779
247,2.058333,0.156546,0.052774,0.006703,0.121180,0.030924,-0.031868,0.261589,0.038567,-0.022748
248,2.066667,0.155574,0.053953,0.004770,0.120849,0.032019,-0.034488,0.261383,0.038700,-0.022658
249,2.075000,0.154394,0.055241,0.002273,0.120478,0.033445,-0.037816,0.261106,0.038749,-0.022557
250,2.083333,0.153056,0.056735,-0.000478,0.120223,0.035075,-0.041524,0.260699,0.038762,-0.022330
251,2.091667,0.151715,0.058477,-0.003540,0.120081,0.036905,-0.045664,0.260300,0.038804,-0.022223
252,2.100000,0.150507,0.060401,-0.006863,0.120137,0.038782,-0.049836,0.259761,0.038941,-0.021989
253,2.108333,0.149444,0.062434,-0.010200,0.120315,0.040692,-0.054074,0.259264,0.039192,-0.021884
254,2.116667,0.148519,0.064380,-0.013601,0.120581,0.042584,-0.058304,0.258692,0.039516,-0.021734
255,2.125000,0.147716,0.066234,-0.017085,0.120881,0.044450,-0.062439,0.258093,0.039841,-0.021541
256,2.133333,0.147027,0.068049,-0.020501,0.121218,0.046289,-0.066534,0.257527,0.040118,-0.021577
257,2.141667,0.146507,0.069817,-0.023805,0.121675,0.048035,-0.070385,0.256894,0.040360,-0.021467
258,2.150000,0.146100,0.071367,-0.026720,0.122192,0.049649,-0.073930,0.256271,0.040612,-0.021361
259,2.158333,0.145769,0.072696,-0.029288,0.122700,0.051122,-0.077082,0.255794,0.040823,-0.021445
260,2.166667,0.145539,0.073858,-0.031490,0.123216,0.052357,-0.079625,0.255286,0.041040,-0.021362
261,2.175000,0.145398,0.074788,-0.033223,0.123616,0.053309,-0.081597,0.254950,0.041218,-0.021435
262,2.183333,0.145280,0.075448,-0.034379,0.123899,0.053969,-0.082946,0.254660,0.041346,-0.021405
263,2.191667,0.145142,0.075857,-0.035065,0.124036,0.054294,-0.083678,0.254420,0.041403,-0.021331
264,2.200000,0.145029,0.076024,-0.035329,0.124062,0.054426,-0.083990,0.254290,0.041358,-0.021309
265,2.208333,0.144928,0.075981,-0.035326,0.124058,0.054440,-0.084012,0.254203,0.041192,-0.021268
266,2.216667,0.144856,0.075689,-0.035053,0.124035,0.054387,-0.083864,0.254172,0.040963,-0.021175
267,2.225000,0.144827,0.075184,-0.034608,0.123978,0.054294,-0.083584,0.254208,0.040682,-0.021106
268,2.233333,0.144818,0.074481,-0.033801,0.123863,0.054070,-0.082982,0.254318,0.040393,-0.021061
269,2.241667,0.144886,0.073687,-0.032555,0.123651,0.053534,-0.081783,0.254524,0.040136,-0.021024
270,2.250000,0.145004,0.072783,-0.030988,0.123315,0.052641,-0.079859,0.254865,0.039932,-0.021114
271,2.258333,0.145222,0.071659,-0.028873,0.122838,0.051426,-0.077480,0.255253,0.039795,-0.021128
272,2.266667,0.145545,0.070354,-0.026183,0.122207,0.049965,-0.074311,0.255794,0.039773,-0.021260
273,2.275000,0.146019,0.068873,-0.023008,0.121553,0.048143,-0.070465,0.256349,0.039844,-0.021386
274,2.283333,0.146728,0.067240,-0.019399,0.120903,0.046059,-0.065938,0.257014,0.039982,-0.021531
275,2.291667,0.147633,0.065473,-0.015647,0.120438,0.043809,-0.061082,0.257738,0.040122,-0.021819
276,2.300000,0.148765,0.063645,-0.011678,0.120173,0.041503,-0.055965,0.258429,0.040203,-0.022081
277,2.308333,0.150054,0.061717,-0.007818,0.120106,0.039266,-0.050852,0.259062,0.040220,-0.022325
278,2.316667,0.151480,0.059723,-0.004172,0.120234,0.037140,-0.046227,0.259668,0.040114,-0.022591
279,2.325000,0.152862,0.057730,-0.000848,0.120411,0.035297,-0.042008,0.260217,0.039866,-0.022886
280,2.333333,0.154042,0.055958,0.001781,0.120649,0.033813,-0.038657,0.260574,0.039491,-0.022870
281,2.341667,0.154925,0.054433,0.003891,0.120854,0.032755,-0.036110,0.260819,0.038997,-0.022754
282,2.350000,0.155522,0.053192,0.005405,0.121004,0.031990,-0.034420,0.261022,0.038464,-0.022676
283,2.358333,0.155865,0.052228,0.006535,0.121080,0.031555,-0.033382,0.261166,0.037971,-0.022578
284,2.366667,0.156062,0.051642,0.007142,0.121097,0.031256,-0.032790,0.261241,0.037579,-0.022468
285,2.375000,0.156145,0.051286,0.007392,0.121117,0.031169,-0.032609,0.261278,0.037362,-0.022407
286,2.383333,0.156092,0.051357,0.007245,0.121089,0.031218,-0.032749,0.261290,0.037297,-0.022377
287,2.391667,0.155913,0.051829,0.006751,0.121041,0.031378,-0.033083,0.261249,0.037348,-0.022324
288,2.400000,0.155473,0.052556,0.005879,0.120951,0.031879,-0.034059,0.261168,0.037457,-0.022215
289,2.408333,0.154745,0.053504,0.004396,0.120767,0.032763,-0.036077,0.260993,0.037541,-0.022058
290,2.416667,0.153737,0.054714,0.002290,0.120575,0.034022,-0.038914,0.260726,0.037521,-0.021877
291,2.425000,0.152513,0.056165,-0.000404,0.120455,0.035622,-0.042572,0.260401,0.037444,-0.021755
292,2.433333,0.151223,0.057942,-0.003467,0.120434,0.037532,-0.046745,0.259929,0.037411,-0.021527
293,2.441667,0.150046,0.059891,-0.006844,0.120635,0.039517,-0.051179,0.259445,0.037521,-0.021417
294,2.450000,0.149034,0.061986,-0.010379,0.120986,0.041475,-0.055476,0.258898,0.037841,-0.021278
295,2.458333,0.148223,0.064161,-0.013833,0.121421,0.043341,-0.059488,0.258435,0.038297,-0.021350
296,2.466667,0.147557,0.066255,-0.017142,0.121918,0.045102,-0.063359,0.257875,0.038859,-0.021254
297,2.475000,0.147046,0.068249,-0.020453,0.122398,0.046777,-0.067085,0.257397,0.039421,-0.021371
298,2.483333,0.146629,0.070074,-0.023591,0.122894,0.048303,-0.070508,0.256866,0.039912,-0.021363
299,2.491667,0.146314,0.071699,-0.026357,0.123372,0.049710,-0.073682,0.256339,0.040347,-0.021353
300,2.500000,0.146056,0.073047,-0.028817,0.123786,0.051019,-0.076404,0.255907,0.040673,-0.021417
301,2.508333,0.145876,0.074131,-0.030905,0.124255,0.052145,-0.078878,0.255494,0.040877,-0.021392
302,2.516667,0.145729,0.074937,-0.032433,0.124622,0.053028,-0.080650,0.255150,0.041004,-0.021345
303,2.525000,0.145620,0.075440,-0.033368,0.124913,0.053567,-0.081708,0.254924,0.041004,-0.021326
304,2.533333,0.145514,0.075615,-0.033808,0.125080,0.053859,-0.082330,0.254756,0.040880,-0.021257
305,2.541667,0.145408,0.075530,-0.033812,0.125126,0.053940,-0.082504,0.254649,0.040643,-0.021178
306,2.550000,0.145287,0.075222,-0.033470,0.125107,0.053878,-0.082317,0.254584,0.040311,-0.021038
307,2.558333,0.145224,0.074716,-0.033005,0.125055,0.053796,-0.082033,0.254613,0.039934,-0.020935
308,2.566667,0.145176,0.074114,-0.032410,0.124990,0.053681,-0.081682,0.254671,0.039534,-0.020855
309,2.575000,0.145192,0.073456,-0.031569,0.124868,0.053357,-0.080939,0.254809,0.039188,-0.020818
310,2.583333,0.145273,0.072746,-0.030260,0.124656,0.052741,-0.079653,0.255025,0.038940,-0.020818
311,2.591667,0.145418,0.071931,-0.028692,0.124257,0.051844,-0.077720,0.255301,0.038800,-0.020750
312,2.600000,0.145656,0.070972,-0.026644,0.123728,0.050662,-0.075269,0.255735,0.038749,-0.020844
313,2.608333,0.145989,0.069875,-0.024155,0.123112,0.049198,-0.072207,0.256152,0.038794,-0.020891
314,2.616667,0.146500,0.068625,-0.021368,0.122443,0.047492,-0.068514,0.256706,0.038947,-0.021049
315,2.625000,0.147172,0.067163,-0.018055,0.121823,0.045550,-0.064486,0.257291,0.039170,-0.021231
316,2.633333,0.148039,0.065481,-0.014563,0.121324,0.043471,-0.059929,0.257923,0.039399,-0.021414
317,2.641667,0.149098,0.063619,-0.011245,0.120957,0.041453,-0.055505,0.258608,0.039553,-0.021706
318,2.650000,0.150213,0.061640,-0.007907,0.120780,0.039554,-0.051295,0.259246,0.039530,-0.021928
319,2.658333,0.151316,0.059741,-0.004883,0.120756,0.037866,-0.047508,0.259746,0.039321,-0.022028
320,2.666667,0.152275,0.058027,-0.002281,0.120862,0.036483,-0.044403,0.260177,0.038924,-0.022091
321,2.675000,0.153040,0.056529,-0.000096,0.121030,0.035377,-0.041808,0.260440,0.038416,-0.021977
322,2.683333,0.153673,0.055198,0.001651,0.121155,0.034531,-0.039957,0.260638,0.037910,-0.021862
323,2.691667,0.154109,0.054095,0.003040,0.121209,0.033874,-0.038432,0.260792,0.037423,-0.021751
324,2.700000,0.154460,0.053212,0.004103,0.121283,0.033370,-0.037371,0.260921,0.037009,-0.021731
325,2.708333,0.154708,0.052569,0.004823,0.121332,0.032962,-0.036512,0.261002,0.036727,-0.021691
326,2.716667,0.154859,0.052232,0.005283,0.121355,0.032719,-0.035950,0.261051,0.036595,-0.021686
327,2.725000,0.154904,0.052130,0.005524,0.121334,0.032614,-0.035714,0.261048,0.036599,-0.021668
328,2.733333,0.154865,0.052357,0.005425,0.121302,0.032600,-0.035666,0.261019,0.036699,-0.021671
329,2.741667,0.154742,0.052780,0.005098,0.121273,0.032712,-0.035951,0.260962,0.036864,-0.021645
330,2.750000,0.154543,0.053432,0.004642,0.121235,0.032891,-0.036300,0.260905,0.037061,-0.021667
331,2.758333,0.154228,0.054222,0.004014,0.121243,0.033226,-0.037007,0.260827,0.037262,-0.021658
332,2.766667,0.153779,0.055088,0.002788,0.121220,0.033878,-0.038330,0.260705,0.037405,-0.021582
333,2.775000,0.153083,0.056041,0.001155,0.121136,0.034853,-0.040643,0.260534,0.037425,-0.021496
334,2.783333,0.152200,0.057207,-0.001004,0.121063,0.036178,-0.043463,0.260315,0.037342,-0.021444
335,2.791667,0.151245,0.058507,-0.003623,0.121081,0.037747,-0.046921,0.259971,0.037240,-0.021238
336,2.800000,0.150268,0.060071,-0.006609,0.121211,0.039498,-0.050731,0.259571,0.037169,-0.021081
337,2.808333,0.149367,0.061802,-0.009801,0.121485,0.041348,-0.054862,0.259144,0.037176,-0.020992
338,2.816667,0.148570,0.063657,-0.013137,0.121940,0.043223,-0.059024,0.258645,0.037320,-0.020840
339,2.825000,0.147914,0.065581,-0.016611,0.122502,0.045080,-0.063163,0.258150,0.037612,-0.020853
340,2.833333,0.147372,0.067555,-0.020122,0.123114,0.046954,-0.067111,0.257608,0.038037,-0.020827
341,2.841667,0.146948,0.069480,-0.023423,0.123758,0.048753,-0.071118,0.257027,0.038501,-0.020818
342,2.850000,0.146611,0.071288,-0.026695,0.124358,0.050449,-0.074683,0.256506,0.039004,-0.020926
343,2.858333,0.146382,0.072899,-0.029699,0.124943,0.051982,-0.078062,0.255972,0.039526,-0.020969
344,2.866667,0.146182,0.074316,-0.032129,0.125476,0.053265,-0.080803,0.255487,0.040016,-0.021042
345,2.875000,0.146040,0.075477,-0.034091,0.125941,0.054258,-0.083014,0.255093,0.040459,-0.021112
346,2.883333,0.145901,0.076338,-0.035467,0.126223,0.054947,-0.084447,0.254789,0.040787,-0.021221
347,2.891667,0.145750,0.076851,-0.036318,0.126359,0.055310,-0.085299,0.254517,0.040937,-0.021184
348,2.900000,0.145591,0.077009,-0.036516,0.126373,0.055401,-0.085529,0.254382,0.040915,-0.021192
349,2.908333,0.145427,0.076748,-0.036315,0.126329,0.055355,-0.085356,0.254297,0.040710,-0.021091
350,2.916667,0.145253,0.076132,-0.035606,0.126257,0.055253,-0.085018,0.254300,0.040327,-0.020992
351,2.925000,0.145134,0.075176,-0.034692,0.126115,0.055043,-0.084456,0.254385,0.039820,-0.020880
352,2.933333,0.145086,0.074084,-0.033310,0.125846,0.054497,-0.083309,0.254569,0.039276,-0.020788
353,2.941667,0.145108,0.072881,-0.031288,0.125431,0.053515,-0.081164,0.254869,0.038785,-0.020760
354,2.950000,0.145257,0.071538,-0.028628,0.124801,0.052093,-0.078055,0.255245,0.038352,-0.020672
355,2.958333,0.145507,0.069955,-0.025110,0.123981,0.050210,-0.074136,0.255787,0.038027,-0.020681
356,2.966667,0.145972,0.068117,-0.021387,0.123010,0.047938,-0.069410,0.256366,0.037832,-0.020661
357,2.975000,0.146675,0.065971,-0.016913,0.122065,0.045436,-0.064010,0.257054,0.037763,-0.020757
358,2.983333,0.147702,0.063594,-0.012476,0.121274,0.042794,-0.058325,0.257797,0.037808,-0.020919
359,2.991667,0.149047,0.061027,-0.007834,0.120738,0.040088,-0.052388,0.258574,0.037922,-0.021273
360,3.000000,0.150670,0.058467,-0.003301,0.120475,0.037390,-0.046564,0.259326,0.037994,-0.021611
361,3.008333,0.152388,0.055885,0.000884,0.120411,0.034885,-0.040987,0.259961,0.037954,-0.021791
362,3.016667,0.153992,0.053567,0.004442,0.120525,0.032774,-0.036224,0.260500,0.037745,-0.021948
363,3.025000,0.155284,0.051615,0.007295,0.120715,0.031161,-0.032561,0.260879,0.037387,-0.022010
364,3.033333,0.156190,0.050059,0.009365,0.120917,0.030048,-0.030094,0.261141,0.036942,-0.021997
365,3.041667,0.156725,0.048890,0.010694,0.121016,0.029456,-0.028676,0.261287,0.036462,-0.021880
366,3.050000,0.156899,0.048109,0.011307,0.121080,0.029183,-0.028104,0.261347,0.036019,-0.021734
367,3.058333,0.156907,0.047762,0.011555,0.121096,0.029129,-0.028010,0.261367,0.035717,-0.021662
368,3.066667,0.156866,0.047841,0.011497,0.121088,0.029164,-0.028125,0.261371,0.035645,-0.021640
369,3.075000,0.156767,0.048291,0.011200,0.121077,0.029263,-0.028327,0.261366,0.035800,-0.021684
370,3.083333,0.156565,0.049108,0.010704,0.121071,0.029480,-0.028710,0.261333,0.036136,-0.021749
371,3.091667,0.156222,0.050279,0.009956,0.121212,0.029847,-0.029578,0.261275,0.036546,-0.021816
372,3.100000,0.155720,0.051706,0.008692,0.121326,0.030523,-0.030936,0.261169,0.036998,-0.021858
373,3.108333,0.154939,0.053215,0.006852,0.121320,0.031548,-0.033182,0.260999,0.037366,-0.021876
374,3.116667,0.153901,0.054763,0.004466,0.121170,0.032870,-0.036197,0.260744,0.037603,-0.021812
375,3.125000,0.152714,0.056479,0.001578,0.121067,0.034469,-0.039907,0.260445,0.037778,-0.021782
376,3.133333,0.151499,0.058513,-0.001558,0.121093,0.036265,-0.043951,0.260062,0.037980,-0.021654
377,3.141667,0.150372,0.060716,-0.004893,0.121320,0.038202,-0.048031,0.259638,0.038254,-0.021583
378,3.150000,0.149393,0.062895,-0.008531,0.121690,0.040206,-0.052416,0.259211,0.038616,-0.021554
379,3.158333,0.148558,0.065049,-0.012030,0.122133,0.042153,-0.056766,0.258727,0.039036,-0.021487
380,3.166667,0.147923,0.067088,-0.015547,0.122671,0.043990,-0.060666,0.258264,0.039547,-0.021487
381,3.175000,0.147432,0.069030,-0.018708,0.123269,0.045660,-0.064421,0.257823,0.040074,-0.021539
382,3.183333,0.147012,0.070812,-0.021783,0.123860,0.047194,-0.067817,0.257409,0.040557,-0.021601
383,3.191667,0.146686,0.072422,-0.024508,0.124413,0.048618,-0.070894,0.256958,0.040942,-0.021565
384,3.200000,0.146405,0.073839,-0.026957,0.124932,0.049954,-0.073708,0.256525,0.041230,-0.021592
385,3.208333,0.146167,0.075023,-0.029150,0.125448,0.051143,-0.076195,0.256054,0.041383,-0.021502
386,3.216667,0.145964,0.075922,-0.030954,0.125884,0.052144,-0.078295,0.255677,0.041411,-0.021510
387,3.225000,0.145757,0.076559,-0.032307,0.126243,0.052960,-0.080019,0.255255,0.041326,-0.021312
388,3.233333,0.145599,0.076953,-0.033388,0.126518,0.053543,-0.081278,0.254973,0.041133,-0.021264
389,3.241667,0.145383,0.077098,-0.033837,0.126709,0.053900,-0.082090,0.254695,0.040866,-0.021145
390,3.250000,0.145165,0.077043,-0.033887,0.126777,0.054040,-0.082315,0.254486,0.040545,-0.021031
391,3.258333,0.144996,0.076774,-0.033665,0.126767,0.054024,-0.082257,0.254366,0.040170,-0.020892
392,3.266667,0.144850,0.076276,-0.033230,0.126709,0.053946,-0.082025,0.254304,0.039727,-0.020786
393,3.275000,0.144730,0.075610,-0.032604,0.126635,0.053835,-0.081714,0.254315,0.039274,-0.020659
394,3.283333,0.144662,0.074775,-0.031605,0.126465,0.053552,-0.081027,0.254407,0.038817,-0.020558
395,3.291667,0.144665,0.073899,-0.030120,0.126129,0.052881,-0.079538,0.254646,0.038442,-0.020531
396,3.300000,0.144797,0.072823,-0.027929,0.125618,0.051718,-0.077105,0.255003,0.038163,-0.020582
397,3.308333,0.145038,0.071456,-0.025106,0.124896,0.050129,-0.073737,0.255432,0.037992,-0.020509
398,3.316667,0.145470,0.069737,-0.021582,0.124040,0.048137,-0.069609,0.256023,0.037878,-0.020645
399,3.325000,0.146157,0.067670,-0.017545,0.123102,0.045797,-0.064499,0.256696,0.037818,-0.020732
400,3.333333,0.147129,0.065203,-0.012956,0.122301,0.043168,-0.058817,0.257432,0.037793,-0.020927
401,3.341667,0.148428,0.062481,-0.007939,0.121683,0.040367,-0.052665,0.258170,0.037740,-0.021044
402,3.350000,0.150001,0.059606,-0.002990,0.121400,0.037568,-0.046600,0.258896,0.037584,-0.021187
403,3.358333,0.151800,0.056725,0.001669,0.121438,0.034880,-0.040645,0.259558,0.037291,-0.021356
404,3.366667,0.153575,0.053934,0.005903,0.121597,0.032515,-0.035382,0.260150,0.036872,-0.021497
405,3.375000,0.155148,0.051350,0.009312,0.121808,0.030584,-0.031019,0.260611,0.036324,-0.021463
406,3.383333,0.156223,0.049237,0.011724,0.121911,0.029275,-0.027940,0.260977,0.035674,-0.021403
407,3.391667,0.156656,0.047783,0.013083,0.121891,0.028651,-0.026726,0.261165,0.034972,-0.021207
408,3.400000,0.156595,0.047068,0.013527,0.121877,0.028554,-0.026587,0.261205,0.034334,-0.021008
409,3.408333,0.156282,0.047205,0.013289,0.121792,0.028706,-0.026991,0.261189,0.033895,-0.020912
410,3.416667,0.155758,0.047875,0.012595,0.121680,0.029130,-0.027841,0.261107,0.033776,-0.020796
411,3.425000,0.154886,0.048888,0.010902,0.121372,0.030070,-0.030022,0.260976,0.033866,-0.020694
412,3.433333,0.153653,0.050482,0.008165,0.121000,0.031583,-0.033381,0.260723,0.034069,-0.020634
413,3.441667,0.152225,0.052641,0.004722,0.120823,0.033557,-0.037727,0.260386,0.034441,-0.020642
414,3.450000,0.150697,0.055390,0.000853,0.120880,0.035840,-0.042839,0.259919,0.034946,-0.020620
415,3.458333,0.149270,0.058425,-0.003744,0.121151,0.038358,-0.048349,0.259385,0.035601,-0.020698
416,3.466667,0.148031,0.061655,-0.008736,0.121577,0.041012,-0.054153,0.258700,0.036455,-0.020699
417,3.475000,0.147085,0.064816,-0.013896,0.122166,0.043616,-0.060041,0.257988,0.037459,-0.020859
418,3.483333,0.146405,0.067893,-0.018905,0.122803,0.046149,-0.065544,0.257346,0.038520,-0.021007
419,3.491667,0.146014,0.070761,-0.023576,0.123621,0.048522,-0.070788,0.256766,0.039569,-0.021268
420,3.500000,0.145874,0.073330,-0.027615,0.124551,0.050559,-0.075072,0.256218,0.040546,-0.021376
421,3.508333,0.145963,0.075273,-0.030716,0.125400,0.052098,-0.078387,0.255960,0.041392,-0.021682
422,3.516667,0.146128,0.076467,-0.032515,0.125987,0.053049,-0.080437,0.255927,0.042099,-0.021859
423,3.525000,0.146408,0.076944,-0.033221,0.126280,0.053329,-0.081039,0.256069,0.042572,-0.021975
424,3.533333,0.146631,0.076682,-0.032737,0.126268,0.053061,-0.080354,0.256360,0.042746,-0.022003
425,3.541667,0.146830,0.075732,-0.031221,0.125989,0.052329,-0.078673,0.256761,0.042639,-0.022054
426,3.550000,0.147078,0.074257,-0.028881,0.125581,0.051207,-0.076270,0.257141,0.042259,-0.021858
427,3.558333,0.147395,0.072334,-0.025754,0.125015,0.049751,-0.072988,0.257677,0.041651,-0.021829
428,3.566667,0.147844,0.070023,-0.022121,0.124415,0.047976,-0.069084,0.258193,0.040929,-0.021628
429,3.575000,0.148509,0.067390,-0.017905,0.123765,0.045822,-0.064501,0.258771,0.040147,-0.021559
430,3.583333,0.149449,0.064506,-0.013019,0.123050,0.043262,-0.058799,0.259449,0.039419,-0.021637
431,3.591667,0.150713,0.061470,-0.008007,0.122432,0.040386,-0.052619,0.260125,0.038807,-0.021691
432,3.600000,0.152328,0.058393,-0.002902,0.122045,0.037396,-0.046205,0.260732,0.038363,-0.021733
433,3.608333,0.154275,0.055425,0.002044,0.122008,0.034462,-0.039615,0.261369,0.038131,-0.022008
434,3.616667,0.156454,0.052717,0.006819,0.122369,0.031629,-0.033213,0.261965,0.038065,-0.022370
435,3.625000,0.158654,0.050428,0.011002,0.122939,0.029105,-0.027377,0.262417,0.038037,-0.022583
436,3.633333,0.160459,0.048676,0.014270,0.123561,0.027055,-0.022513,0.262807,0.037880,-0.022745
437,3.641667,0.161530,0.047573,0.016339,0.123980,0.025802,-0.019625,0.263041,0.037580,-0.022654
438,3.650000,0.161736,0.047145,0.017243,0.124022,0.025406,-0.018604,0.263117,0.037191,-0.022465
439,3.658333,0.161310,0.047296,0.016921,0.123787,0.025730,-0.019330,0.263049,0.036816,-0.022274
440,3.666667,0.160450,0.048117,0.015746,0.123123,0.027024,-0.021055,0.262927,0.036548,-0.022115
441,3.675000,0.159393,0.049712,0.014070,0.122176,0.029132,-0.023365,0.262716,0.036438,-0.021929
442,3.683333,0.158329,0.052089,0.012009,0.121423,0.031729,-0.025905,0.262459,0.036604,-0.021830
443,3.691667,0.157263,0.055178,0.009723,0.120907,0.034702,-0.028696,0.262195,0.037040,-0.021862
444,3.700000,0.156218,0.058816,0.007117,0.120575,0.037982,-0.031608,0.261885,0.037641,-0.021946
445,3.708333,0.155207,0.062673,0.004203,0.120387,0.041342,-0.035047,0.261482,0.038380,-0.021945
446,3.716667,0.154231,0.066396,0.001147,0.120335,0.044571,-0.038770,0.261144,0.039207,-0.022089
447,3.725000,0.153487,0.069803,-0.002412,0.120428,0.047449,-0.042717,0.260771,0.040075,-0.022132
448,3.733333,0.152859,0.072667,-0.005750,0.120613,0.049916,-0.046679,0.260508,0.040949,-0.022317
449,3.741667,0.152408,0.074944,-0.008912,0.120880,0.051839,-0.050129,0.260302,0.041785,-0.022586
450,3.750000,0.152101,0.076698,-0.011662,0.121124,0.053298,-0.053199,0.260148,0.042499,-0.022851
451,3.758333,0.151886,0.077996,-0.013940,0.121397,0.054363,-0.055751,0.259988,0.043064,-0.022945
452,3.766667,0.151751,0.078873,-0.015710,0.121692,0.055060,-0.057799,0.259900,0.043461,-0.023018
453,3.775000,0.151682,0.079369,-0.016801,0.121930,0.055381,-0.059095,0.259881,0.043740,-0.023093
454,3.783333,0.151646,0.079503,-0.017639,0.122119,0.055425,-0.059880,0.259883,0.043866,-0.023084
455,3.791667,0.151616,0.079373,-0.017980,0.122303,0.055272,-0.060361,0.259917,0.043845,-0.023003
456,3.800000,0.151601,0.079016,-0.017984,0.122461,0.054984,-0.060595,0.259985,0.043659,-0.022955
457,3.808333,0.151596,0.078532,-0.017895,0.122593,0.054625,-0.060610,0.260015,0.043343,-0.022830
458,3.816667,0.151561,0.077955,-0.017568,0.122697,0.054240,-0.060633,0.260029,0.042974,-0.022678
459,3.825000,0.151544,0.077401,-0.017143,0.122767,0.053881,-0.060404,0.260059,0.042575,-0.022565
460,3.833333,0.151543,0.076971,-0.016717,0.122837,0.053640,-0.060141,0.260060,0.042219,-0.022366
461,3.841667,0.151552,0.076647,-0.016258,0.122864,0.053517,-0.059773,0.260039,0.041877,-0.022167
462,3.850000,0.151546,0.076458,-0.015862,0.122866,0.053475,-0.059345,0.260033,0.041580,-0.022069
463,3.858333,0.151559,0.076345,-0.015469,0.122844,0.053487,-0.058979,0.260016,0.041353,-0.021974
464,3.866667,0.151587,0.076288,-0.015108,0.122800,0.053503,-0.058647,0.259996,0.041179,-0.021904
465,3.875000,0.151630,0.076277,-0.014872,0.122749,0.053490,-0.058253,0.259983,0.041079,-0.021839
466,3.883333,0.151655,0.076277,-0.014606,0.122697,0.053439,-0.057956,0.259981,0.041039,-0.021824
467,3.891667,0.151680,0.076278,-0.014465,0.122636,0.053355,-0.057657,0.259976,0.041049,-0.021820
468,3.900000,0.151693,0.076258,-0.014401,0.122601,0.053236,-0.057469,0.259980,0.041095,-0.021845
469,3.908333,0.151702,0.076225,-0.014332,0.122587,0.053097,-0.057380,0.259982,0.041155,-0.021870
470,3.916667,0.151706,0.076191,-0.014331,0.122568,0.052987,-0.057301,0.259981,0.041205,-0.021902
471,3.925000,0.151713,0.076184,-0.014374,0.122553,0.052915,-0.057277,0.259966,0.041255,-0.021909
472,3.933333,0.151700,0.076176,-0.014441,0.122549,0.052868,-0.057324,0.259953,0.041284,-0.021923
473,3.941667,0.151684,0.076145,-0.014526,0.122551,0.052812,-0.057418,0.259947,0.041319,-0.021930
474,3.950000,0.151637,0.076118,-0.014569,0.122555,0.052745,-0.057506,0.259942,0.041360,-0.021948
475,3.958333,0.151590,0.076117,-0.014734,0.122561,0.052702,-0.057625,0.259930,0.041392,-0.021945
476,3.966667,0.151557,0.076108,-0.014879,0.122579,0.052672,-0.057805,0.259913,0.041424,-0.021944
477,3.975000,0.151524,0.076092,-0.015009,0.122595,0.052621,-0.057937,0.259903,0.041463,-0.021970
478,3.983333,0.151494,0.076056,-0.015083,0.122616,0.052531,-0.058053,0.259900,0.041514,-0.022013
479,3.991667,0.151464,0.076009,-0.015178,0.122645,0.052398,-0.058185,0.259895,0.041564,-0.022051
480,4.000000,0.151432,0.075967,-0.015297,0.122675,0.052264,-0.058351,0.259878,0.041617,-0.022040
481,4.008333,0.151391,0.075932,-0.015407,0.122709,0.052184,-0.058514,0.259858,0.041652,-0.022023
482,4.016667,0.151344,0.075893,-0.015493,0.122747,0.052100,-0.058671,0.259836,0.041676,-0.022023
483,4.025000,0.151311,0.075830,-0.015580,0.122782,0.052010,-0.058803,0.259821,0.041690,-0.022026
484,4.033333,0.151296,0.075775,-0.015670,0.122807,0.051932,-0.058883,0.259810,0.041682,-0.022018
485,4.041667,0.151286,0.075763,-0.015707,0.122819,0.051896,-0.058905,0.259804,0.041663,-0.022032
486,4.050000,0.151278,0.075808,-0.015677,0.122822,0.051910,-0.058882,0.259796,0.041656,-0.022022
487,4.058333,0.151288,0.075854,-0.015630,0.122822,0.051938,-0.058808,0.259788,0.041652,-0.022017
488,4.066667,0.151302,0.075865,-0.015575,0.122814,0.051939,-0.058732,0.259788,0.041659,-0.022027
489,4.075000,0.151313,0.075855,-0.015531,0.122814,0.051925,-0.058675,0.259783,0.041662,-0.022012
490,4.083333,0.151323,0.075836,-0.015490,0.122815,0.051894,-0.058641,0.259782,0.041659,-0.021996
491,4.091667,0.151326,0.075814,-0.015481,0.122826,0.051843,-0.058588,0.259788,0.041645,-0.021998
492,4.100000,0.151328,0.075782,-0.015548,0.122843,0.051782,-0.058606,0.259788,0.041627,-0.021990
493,4.108333,0.151300,0.075757,-0.015582,0.122868,0.051729,-0.058644,0.259779,0.041606,-0.021979
494,4.116667,0.151270,0.075748,-0.015667,0.122908,0.051675,-0.058805,0.259772,0.041596,-0.021975
495,4.125000,0.151234,0.075751,-0.015733,0.122934,0.051627,-0.058870,0.259764,0.041589,-0.021964
496,4.133333,0.151200,0.075763,-0.015807,0.122950,0.051587,-0.058940,0.259754,0.041586,-0.021965
497,4.141667,0.151159,0.075787,-0.015917,0.122966,0.051555,-0.059029,0.259745,0.041571,-0.021958
498,4.150000,0.151140,0.075780,-0.016022,0.123000,0.051510,-0.059131,0.259734,0.041563,-0.021955
499,4.158333,0.151127,0.075749,-0.016128,0.123035,0.051436,-0.059179,0.259732,0.041575,-0.021962
500,4.166667,0.151127,0.075714,-0.016145,0.123059,0.051349,-0.059159,0.259735,0.041600,-0.021966
501,4.175000,0.151140,0.075684,-0.016114,0.123065,0.051263,-0.059081,0.259737,0.041633,-0.021977
502,4.183333,0.151126,0.075674,-0.016102,0.123061,0.051197,-0.059013,0.259735,0.041664,-0.021970
503,4.191667,0.151118,0.075674,-0.016004,0.123058,0.051155,-0.058959,0.259733,0.041686,-0.021984
504,4.200000,0.151117,0.075666,-0.016042,0.123054,0.051128,-0.058920,0.259730,0.041709,-0.022011
505,4.208333,0.151111,0.075672,-0.016024,0.123053,0.051109,-0.058900,0.259725,0.041731,-0.022018
506,4.216667,0.151113,0.075718,-0.015974,0.123040,0.051111,-0.058872,0.259721,0.041749,-0.022036
507,4.225000,0.151108,0.075779,-0.016030,0.123026,0.051138,-0.058838,0.259719,0.041779,-0.022045
508,4.233333,0.151098,0.075850,-0.016081,0.123020,0.051161,-0.058834,0.259711,0.041820,-0.022035
509,4.241667,0.151090,0.075906,-0.016131,0.123017,0.051170,-0.058837,0.259707,0.041872,-0.022047
510,4.250000,0.151070,0.075947,-0.016143,0.123016,0.051140,-0.058848,0.259700,0.041921,-0.022054
511,4.258333,0.151054,0.075973,-0.016184,0.123009,0.051093,-0.058853,0.259706,0.041977,-0.022094
512,4.266667,0.151036,0.075995,-0.016250,0.123009,0.051035,-0.058897,0.259710,0.042026,-0.022119
513,4.275000,0.151012,0.076019,-0.016308,0.123010,0.050990,-0.058911,0.259703,0.042072,-0.022116
514,4.283333,0.150996,0.076040,-0.016344,0.123001,0.050942,-0.058932,0.259704,0.042134,-0.022135
515,4.291667,0.150984,0.076063,-0.016350,0.122990,0.050906,-0.058883,0.259700,0.042188,-0.022147
516,4.300000,0.150974,0.076097,-0.016346,0.122961,0.050901,-0.058843,0.259696,0.042233,-0.022151
517,4.308333,0.150964,0.076128,-0.016335,0.122928,0.050906,-0.058791,0.259697,0.042269,-0.022171
518,4.316667,0.150942,0.076150,-0.016314,0.122886,0.050912,-0.058832,0.259682,0.042295,-0.022169
519,4.325000,0.150912,0.076172,-0.016299,0.122847,0.050905,-0.058835,0.259669,0.042324,-0.022182
520,4.333333,0.150880,0.076198,-0.016311,0.122813,0.050895,-0.058815,0.259652,0.042360,-0.022180
521,4.341667,0.150863,0.076234,-0.016332,0.122779,0.050878,-0.058793,0.259639,0.042410,-0.022196
522,4.350000,0.150844,0.076289,-0.016305,0.122738,0.050861,-0.058709,0.259630,0.042469,-0.022207
523,4.358333,0.150836,0.076345,-0.016321,0.122726,0.050844,-0.058691,0.259629,0.042525,-0.022236
524,4.366667,0.150840,0.076403,-0.016363,0.122716,0.050835,-0.058647,0.259629,0.042568,-0.022248
525,4.375000,0.150845,0.076454,-0.016421,0.122717,0.050827,-0.058630,0.259632,0.042610,-0.022264
526,4.383333,0.150849,0.076497,-0.016456,0.122719,0.050813,-0.058625,0.259640,0.042657,-0.022284
527,4.391667,0.150847,0.076535,-0.016484,0.122728,0.050778,-0.058631,0.259656,0.042704,-0.022304
528,4.400000,0.150849,0.076556,-0.016524,0.122739,0.050736,-0.058602,0.259659,0.042751,-0.022322
