Format Version,1.22,,,Capture Frame Rate,120,Export Frame Rate,120
,,,,,,,
,,Marker,Marker,Marker,,,
,,MarkerSet 01:index,MarkerSet 01:index,MarkerSet 01:index,,,
,,93A035E647D911E8FE02933ACAB89BAE,93A035E647D911E8FE02933ACAB89BAE,93A035E647D911E8FE02933ACAB89BAE,,,
,,Position,Position,Position,,,
Frame,Time (Seconds),X,Y,Z,,,
0,0,-0.009218,0.047395,0.003184,,,
1,0.008333,-0.009204,0.047411,0.003161,,,
2,0.016667,-0.009207,0.047406,0.003143,,,
3,0.025,-0.009193,0.047423,0.003125,,,
4,0.033333,-0.009196,0.047418,0.003105,,,
5,0.041667,-0.009187,0.047439,0.003091,,,
6,0.05,-0.009192,0.047438,0.003078,,,
7,0.058333,-0.00919,0.047435,0.003072,,,
8,0.066667,-0.009178,0.047441,0.003065,,,
9,0.075,-0.009181,0.047413,0.003068,,,
10,0.083333,-0.009188,0.047367,0.003072,,,
11,0.091667,-0.009177,0.047358,0.003077,,,
12,0.1,-0.009177,0.047352,0.003088,,,
13,0.108333,-0.009168,0.047339,0.003099,,,
14,0.116667,-0.009158,0.047338,0.003111,,,
15,0.125,-0.009163,0.047311,0.003125,,,
16,0.133333,-0.009148,0.047299,0.003141,,,
17,0.141667,-0.009146,0.047287,0.003159,,,
18,0.15,-0.009142,0.047274,0.003194,,,
19,0.158333,-0.009152,0.047243,0.003241,,,
20,0.166667,-0.009147,0.047212,0.003276,,,
21,0.175,-0.009111,0.047249,0.003317,,,
22,0.183333,-0.009098,0.047242,0.003355,,,
23,0.191667,-0.009091,0.047234,0.00339,,,
24,0.2,-0.009093,0.0472,0.003421,,,
25,0.208333,-0.009083,0.047176,0.003445,,,
26,0.216667,-0.009077,0.047165,0.003465,,,
27,0.225,-0.009076,0.047138,0.003486,,,
28,0.233333,-0.009074,0.047116,0.003506,,,
29,0.241667,-0.00908,0.047099,0.00353,,,
30,0.25,-0.009079,0.047081,0.003556,,,
31,0.258333,-0.009073,0.047083,0.003563,,,
32,0.266667,-0.009074,0.04708,0.00357,,,
33,0.275,-0.009065,0.047082,0.003581,,,
34,0.283333,-0.009066,0.047077,0.003598,,,
35,0.291667,-0.009047,0.047084,0.003617,,,
36,0.3,-0.00904,0.047064,0.003631,,,
37,0.308333,-0.00904,0.047046,0.003648,,,
38,0.316667,-0.009036,0.047027,0.003671,,,
39,0.325,-0.009016,0.047057,0.003708,,,
40,0.333333,-0.009025,0.047065,0.003737,,,
41,0.341667,-0.009044,0.047011,0.003791,,,
42,0.35,-0.009056,0.046991,0.003839,,,
43,0.358333,-0.009069,0.046964,0.003888,,,
44,0.366667,-0.009045,0.046904,0.003935,,,
45,0.375,-0.009045,0.046845,0.003979,,,
46,0.383333,-0.009055,0.046738,0.004017,,,
47,0.391667,-0.009048,0.046634,0.004052,,,
48,0.4,-0.009066,0.046529,0.004086,,,
49,0.408333,-0.009064,0.046447,0.004108,,,
50,0.416667,-0.009065,0.046462,0.004131,,,
51,0.425,-0.009043,0.046481,0.004164,,,
52,0.433333,-0.009076,0.046473,0.004211,,,
53,0.441667,-0.009077,0.046483,0.004251,,,
54,0.45,-0.009107,0.046414,0.004237,,,
55,0.458333,-0.009093,0.04642,0.004234,,,
56,0.466667,-0.009074,0.046422,0.004253,,,
57,0.475,-0.009097,0.046346,0.004246,,,
58,0.483333,-0.009094,0.046275,0.004244,,,
59,0.491667,-0.009108,0.046166,0.004242,,,
60,0.5,-0.009115,0.046078,0.004265,,,
61,0.508333,-0.009105,0.046022,0.004358,,,
62,0.516667,-0.009151,0.045887,0.004488,,,
63,0.525,-0.009196,0.045734,0.004642,,,
64,0.533333,-0.009226,0.045595,0.004941,,,
65,0.541667,-0.009328,0.045406,0.00536,,,
66,0.55,-0.009355,0.045354,0.005866,,,
67,0.558333,-0.009433,0.045181,0.006354,,,
68,0.566667,-0.009534,0.044873,0.006796,,,
69,0.575,-0.00963,0.044539,0.007204,,,
70,0.583333,-0.009637,0.044242,0.00765,,,
71,0.591667,-0.009752,0.043753,0.008155,,,
72,0.6,-0.009817,0.043368,0.008719,,,
73,0.608333,-0.009972,0.042814,0.009309,,,
74,0.616667,-0.010082,0.042272,0.009921,,,
75,0.625,-0.010145,0.041816,0.010703,,,
76,0.633333,-0.010261,0.041376,0.011631,,,
77,0.641667,-0.010531,0.040801,0.012701,,,
78,0.65,-0.010794,0.040262,0.013841,,,
79,0.658333,-0.011156,0.039699,0.014981,,,
80,0.666667,-0.011508,0.039219,0.016079,,,
81,0.675,-0.01186,0.038913,0.016969,,,
82,0.683333,-0.01204,0.039014,0.017611,,,
83,0.691667,-0.012198,0.03925,0.018291,,,
84,0.7,-0.012601,0.0391,0.019305,,,
85,0.708333,-0.013022,0.038724,0.020024,,,
86,0.716667,-0.013075,0.038659,0.020148,,,
87,0.725,-0.012935,0.038754,0.019919,,,
88,0.733333,-0.012925,0.038708,0.020001,,,
89,0.741667,-0.013068,0.038716,0.020369,,,
90,0.75,-0.01309,0.038992,0.020527,,,
91,0.758333,-0.013031,0.039509,0.020392,,,
92,0.766667,-0.013076,0.040136,0.02008,,,
93,0.775,-0.013204,0.041055,0.019717,,,
94,0.783333,-0.013385,0.042336,0.019384,,,
95,0.791667,-0.013544,0.044064,0.019016,,,
96,0.8,-0.013767,0.045974,0.018537,,,
97,0.808333,-0.014066,0.047965,0.01788,,,
98,0.816667,-0.014453,0.050022,0.017005,,,
99,0.825,-0.014864,0.052237,0.016085,,,
100,0.833333,-0.015349,0.054581,0.015175,,,
101,0.841667,-0.015957,0.056923,0.014267,,,
102,0.85,-0.016534,0.059453,0.013246,,,
103,0.858333,-0.017129,0.062018,0.012106,,,
104,0.866667,-0.017734,0.064528,0.010955,,,
105,0.875,-0.018376,0.067061,0.00987,,,
106,0.883333,-0.019103,0.069501,0.008805,,,
107,0.891667,-0.019737,0.072059,0.007748,,,
108,0.9,-0.020365,0.074523,0.00669,,,
109,0.908333,-0.021029,0.076777,0.005676,,,
110,0.916667,-0.021656,0.078948,0.004715,,,
111,0.925,-0.022322,0.080829,0.003798,,,
112,0.933333,-0.02291,0.082562,0.002921,,,
113,0.941667,-0.023538,0.083998,0.002113,,,
114,0.95,-0.024113,0.085308,0.001385,,,
115,0.958333,-0.024688,0.086412,0.000748,,,
116,0.966667,-0.025038,0.087603,0.000223,,,
117,0.975,-0.025459,0.088459,-0.000312,,,
118,0.983333,-0.025777,0.089261,-0.00073,,,
119,0.991667,-0.026133,0.089813,-0.001102,,,
120,1,-0.026337,0.09036,-0.001415,,,
121,1.008333,-0.026541,0.090829,-0.001639,,,
122,1.016667,-0.026743,0.091143,-0.001831,,,
123,1.025,-0.026843,0.091523,-0.00199,,,
124,1.033333,-0.026916,0.091764,-0.002083,,,
125,1.041667,-0.026949,0.091963,-0.002119,,,
126,1.05,-0.026985,0.09208,-0.002104,,,
127,1.058333,-0.026987,0.092112,-0.002034,,,
128,1.066667,-0.026933,0.092074,-0.001867,,,
129,1.075,-0.026907,0.091908,-0.001698,,,
130,1.083333,-0.026746,0.091789,-0.001484,,,
131,1.091667,-0.026603,0.091523,-0.001231,,,
132,1.1,-0.026442,0.091171,-0.000942,,,
133,1.108333,-0.026214,0.090874,-0.000659,,,
134,1.116667,-0.02599,0.090478,-0.000266,,,
135,1.125,-0.0257,0.090118,0.000082,,,
136,1.133333,-0.025496,0.089641,0.000501,,,
137,1.141667,-0.025199,0.089195,0.000876,,,
138,1.15,-0.024934,0.08869,0.001293,,,
139,1.158333,-0.024624,0.088242,0.001738,,,
140,1.166667,-0.024293,0.087719,0.002181,,,
141,1.175,-0.023987,0.087093,0.002645,,,
142,1.183333,-0.023609,0.086486,0.003096,,,
143,1.191667,-0.023141,0.085886,0.003558,,,
144,1.2,-0.022737,0.085087,0.004049,,,
145,1.208333,-0.022226,0.084305,0.004543,,,
146,1.216667,-0.02171,0.083495,0.005023,,,
147,1.225,-0.021198,0.082618,0.005515,,,
148,1.233333,-0.020799,0.081502,0.005979,,,
149,1.241667,-0.020174,0.080711,0.006435,,,
150,1.25,-0.019708,0.079686,0.006856,,,
151,1.258333,-0.019148,0.078788,0.007326,,,
152,1.266667,-0.018564,0.077924,0.007717,,,
153,1.275,-0.018049,0.076972,0.008087,,,
154,1.283333,-0.017434,0.076154,0.008437,,,
155,1.291667,-0.016878,0.075231,0.008738,,,
156,1.3,-0.016307,0.074322,0.00899,,,
157,1.308333,-0.015781,0.073292,0.009216,,,
158,1.316667,-0.015216,0.07231,0.009359,,,
159,1.325,-0.014629,0.071298,0.009458,,,
160,1.333333,-0.014165,0.07009,0.009587,,,
161,1.341667,-0.01364,0.069031,0.009698,,,
162,1.35,-0.01318,0.067978,0.009802,,,
163,1.358333,-0.012746,0.066862,0.009941,,,
164,1.366667,-0.012318,0.065759,0.010043,,,
165,1.375,-0.011903,0.064644,0.010135,,,
166,1.383333,-0.011503,0.06353,0.010226,,,
167,1.391667,-0.011146,0.062221,0.010388,,,
168,1.4,-0.010673,0.061009,0.010504,,,
169,1.408333,-0.010304,0.059628,0.010644,,,
170,1.416667,-0.009957,0.058278,0.010761,,,
171,1.425,-0.00953,0.057035,0.010864,,,
172,1.433333,-0.009234,0.055624,0.011026,,,
173,1.441667,-0.008918,0.054331,0.011175,,,
174,1.45,-0.008597,0.053062,0.011325,,,
175,1.458333,-0.008364,0.051738,0.011494,,,
176,1.466667,-0.008127,0.050458,0.011699,,,
177,1.475,-0.0079,0.049185,0.011965,,,
178,1.483333,-0.007756,0.047864,0.012246,,,
179,1.491667,-0.00761,0.046557,0.012529,,,
180,1.5,-0.007529,0.045212,0.012838,,,
181,1.508333,-0.007491,0.043828,0.013136,,,
182,1.516667,-0.007477,0.042384,0.013436,,,
183,1.525,-0.007485,0.040965,0.01373,,,
184,1.533333,-0.007667,0.040083,0.01417,,,
185,1.541667,-0.007558,0.040126,0.014587,,,
186,1.55,-0.00736,0.040757,0.014837,,,
187,1.558333,-0.007435,0.041149,0.015085,,,
188,1.566667,-0.007826,0.040816,0.01524,,,
189,1.575,-0.007986,0.040651,0.015029,,,
190,1.583333,-0.007888,0.040783,0.014894,,,
191,1.591667,-0.007929,0.040795,0.015191,,,
192,1.6,-0.008077,0.040947,0.015529,,,
193,1.608333,-0.008337,0.041052,0.015595,,,
194,1.616667,-0.008586,0.041063,0.015493,,,
195,1.625,-0.008687,0.0412,0.015208,,,
196,1.633333,-0.008667,0.041747,0.01476,,,
197,1.641667,-0.008627,0.042209,0.014064,,,
198,1.65,-0.008532,0.04274,0.012864,,,
199,1.658333,-0.00828,0.043619,0.01109,,,
200,1.666667,-0.007815,0.044929,0.009093,,,
201,1.675,-0.007207,0.046125,0.007197,,,
202,1.683333,-0.006613,0.046934,0.005135,,,
203,1.691667,-0.005918,0.047788,0.002745,,,
204,1.7,-0.005446,0.0483,0.00034,,,
205,1.708333,-0.00519,0.048565,-0.001775,,,
206,1.716667,-0.004993,0.048841,-0.003705,,,
207,1.725,-0.00479,0.049278,-0.005568,,,
208,1.733333,-0.004737,0.049565,-0.007295,,,
209,1.741667,-0.004738,0.050018,-0.008891,,,
210,1.75,-0.004822,0.050592,-0.010263,,,
211,1.758333,-0.005005,0.051077,-0.011451,,,
212,1.766667,-0.005168,0.051688,-0.01244,,,
213,1.775,-0.005403,0.052224,-0.013354,,,
214,1.783333,-0.005628,0.052738,-0.014142,,,
215,1.791667,-0.005906,0.053289,-0.014786,,,
216,1.8,-0.006137,0.053932,-0.015272,,,
217,1.808333,-0.006349,0.054561,-0.015639,,,
218,1.816667,-0.006636,0.05508,-0.015955,,,
219,1.825,-0.006903,0.055601,-0.016162,,,
220,1.833333,-0.007108,0.056166,-0.016296,,,
221,1.841667,-0.007335,0.056633,-0.01634,,,
222,1.85,-0.007546,0.057084,-0.016317,,,
223,1.858333,-0.00777,0.057457,-0.01617,,,
224,1.866667,-0.007891,0.057901,-0.015886,,,
225,1.875,-0.008145,0.058171,-0.015552,,,
226,1.883333,-0.008306,0.058503,-0.015061,,,
227,1.891667,-0.008498,0.058867,-0.014527,,,
228,1.9,-0.008721,0.059173,-0.013997,,,
229,1.908333,-0.008944,0.0595,-0.013433,,,
230,1.916667,-0.009088,0.059898,-0.012884,,,
231,1.925,-0.009314,0.06002,-0.012393,,,
232,1.933333,-0.009472,0.060279,-0.011901,,,
233,1.941667,-0.009588,0.060508,-0.01137,,,
234,1.95,-0.009808,0.060513,-0.010873,,,
235,1.958333,-0.009832,0.060761,-0.010348,,,
236,1.966667,-0.009913,0.060843,-0.009816,,,
237,1.975,-0.010059,0.060771,-0.00935,,,
238,1.983333,-0.010092,0.060799,-0.00886,,,
239,1.991667,-0.010129,0.060726,-0.008406,,,
240,2,-0.010155,0.060661,-0.008033,,,
241,2.008333,-0.010198,0.060446,-0.007681,,,
242,2.016667,-0.010126,0.060441,-0.007352,,,
243,2.025,-0.010156,0.060239,-0.007034,,,
244,2.033333,-0.01014,0.060071,-0.006728,,,
245,2.041667,-0.010045,0.059905,-0.00647,,,
246,2.05,-0.010095,0.059533,-0.006271,,,
247,2.058333,-0.010022,0.059324,-0.006068,,,
248,2.066667,-0.009948,0.059208,-0.005843,,,
249,2.075,-0.009942,0.058988,-0.00563,,,
250,2.083333,-0.009942,0.058721,-0.005454,,,
251,2.091667,-0.009937,0.058411,-0.005319,,,
252,2.1,-0.00989,0.058159,-0.005174,,,
253,2.108333,-0.00991,0.057843,-0.004991,,,
254,2.116667,-0.009892,0.057628,-0.004749,,,
255,2.125,-0.009834,0.057393,-0.004496,,,
256,2.133333,-0.009868,0.057055,-0.004292,,,
257,2.141667,-0.00983,0.056773,-0.004085,,,
258,2.15,-0.009852,0.056433,-0.003905,,,
259,2.158333,-0.009864,0.056057,-0.003675,,,
260,2.166667,-0.009869,0.055545,-0.003447,,,
261,2.175,-0.009939,0.054985,-0.003192,,,
262,2.183333,-0.010018,0.054432,-0.002868,,,
263,2.191667,-0.009977,0.053898,-0.002433,,,
264,2.2,-0.010035,0.053224,-0.001891,,,
265,2.208333,-0.010056,0.052529,-0.001201,,,
266,2.216667,-0.010106,0.051681,-0.000458,,,
267,2.225,-0.010163,0.050722,0.000231,,,
268,2.233333,-0.0102,0.049728,0.000875,,,
269,2.241667,-0.010197,0.048682,0.001572,,,
270,2.25,-0.010149,0.047711,0.002377,,,
271,2.258333,-0.010201,0.046619,0.003315,,,
272,2.266667,-0.010244,0.045478,0.004299,,,
273,2.275,-0.010355,0.04418,0.005342,,,
274,2.283333,-0.010523,0.042942,0.006525,,,
275,2.291667,-0.010658,0.041896,0.007888,,,
276,2.3,-0.010887,0.040794,0.009289,,,
277,2.308333,-0.011149,0.039718,0.010623,,,
278,2.316667,-0.011432,0.038736,0.011858,,,
279,2.325,-0.011728,0.037855,0.012973,,,
280,2.333333,-0.012107,0.037206,0.013672,,,
281,2.341667,-0.012175,0.037372,0.014134,,,
282,2.35,-0.012074,0.037855,0.014729,,,
283,2.358333,-0.012463,0.03787,0.015954,,,
284,2.366667,-0.013143,0.03766,0.017353,,,
285,2.375,-0.013745,0.037476,0.018277,,,
286,2.383333,-0.014163,0.037441,0.018896,,,
287,2.391667,-0.014544,0.037321,0.019371,,,
288,2.4,-0.014572,0.03755,0.019562,,,
289,2.408333,-0.014475,0.037894,0.01955,,,
290,2.416667,-0.014693,0.037929,0.019587,,,
291,2.425,-0.014978,0.038179,0.019739,,,
292,2.433333,-0.015166,0.03865,0.019927,,,
293,2.441667,-0.015191,0.039682,0.020069,,,
294,2.45,-0.015354,0.040934,0.020227,,,
295,2.458333,-0.015781,0.042134,0.0203,,,
296,2.466667,-0.016236,0.043391,0.020196,,,
297,2.475,-0.016474,0.045061,0.020011,,,
298,2.483333,-0.016773,0.046706,0.019862,,,
299,2.491667,-0.017185,0.048463,0.019739,,,
300,2.5,-0.017726,0.05016,0.019516,,,
301,2.508333,-0.018292,0.051932,0.019145,,,
302,2.516667,-0.018789,0.053873,0.018713,,,
303,2.525,-0.019301,0.055763,0.01835,,,
304,2.533333,-0.019883,0.057707,0.017988,,,
305,2.541667,-0.020474,0.059738,0.017558,,,
306,2.55,-0.021058,0.06186,0.017108,,,
307,2.558333,-0.021594,0.064002,0.016678,,,
308,2.566667,-0.022158,0.066057,0.016329,,,
309,2.575,-0.022819,0.067889,0.016039,,,
310,2.583333,-0.023381,0.069722,0.015689,,,
311,2.591667,-0.023955,0.071279,0.015295,,,
312,2.6,-0.024546,0.07255,0.014975,,,
313,2.608333,-0.024955,0.073937,0.014646,,,
314,2.616667,-0.025408,0.075005,0.014408,,,
315,2.625,-0.025715,0.07601,0.014125,,,
316,2.633333,-0.026087,0.076662,0.01387,,,
317,2.641667,-0.026348,0.077165,0.013513,,,
318,2.65,-0.02654,0.077597,0.013204,,,
319,2.658333,-0.026605,0.078138,0.01289,,,
320,2.666667,-0.026841,0.078392,0.012593,,,
321,2.675,-0.026962,0.078716,0.012337,,,
322,2.683333,-0.026904,0.07918,0.012078,,,
323,2.691667,-0.026982,0.079405,0.0118,,,
324,2.7,-0.027036,0.079645,0.011479,,,
325,2.708333,-0.027074,0.079932,0.011233,,,
326,2.716667,-0.027084,0.080213,0.010995,,,
327,2.725,-0.027128,0.080409,0.010722,,,
328,2.733333,-0.027192,0.080533,0.010519,,,
329,2.741667,-0.027241,0.080625,0.010339,,,
330,2.75,-0.027178,0.080812,0.010128,,,
331,2.758333,-0.027121,0.08095,0.009923,,,
332,2.766667,-0.027186,0.080855,0.009748,,,
333,2.775,-0.027175,0.080821,0.009627,,,
334,2.783333,-0.027119,0.080865,0.009497,,,
335,2.791667,-0.027059,0.080898,0.009375,,,
336,2.8,-0.026967,0.080981,0.009255,,,
337,2.808333,-0.026943,0.080983,0.009181,,,
338,2.816667,-0.026973,0.080897,0.009099,,,
339,2.825,-0.026958,0.080876,0.009045,,,
340,2.833333,-0.026951,0.080805,0.008991,,,
341,2.841667,-0.026921,0.080722,0.008969,,,
342,2.85,-0.026843,0.080661,0.008958,,,
343,2.858333,-0.026724,0.080549,0.008947,,,
344,2.866667,-0.026563,0.080382,0.009,,,
345,2.875,-0.02641,0.080134,0.009053,,,
346,2.883333,-0.026286,0.079813,0.009114,,,
347,2.891667,-0.026043,0.079569,0.009222,,,
348,2.9,-0.0259,0.079205,0.00934,,,
349,2.908333,-0.025729,0.078794,0.009511,,,
350,2.916667,-0.025505,0.07849,0.009665,,,
351,2.925,-0.025264,0.078124,0.009821,,,
352,2.933333,-0.0251,0.077587,0.010017,,,
353,2.941667,-0.024858,0.077109,0.01022,,,
354,2.95,-0.02453,0.076688,0.010455,,,
355,2.958333,-0.024222,0.076075,0.01075,,,
356,2.966667,-0.023863,0.075427,0.010993,,,
357,2.975,-0.02349,0.07466,0.011251,,,
358,2.983333,-0.023115,0.073782,0.011512,,,
359,2.991667,-0.022542,0.073058,0.011767,,,
360,3,-0.022085,0.072048,0.012049,,,
361,3.008333,-0.02148,0.071146,0.012253,,,
362,3.016667,-0.020912,0.070081,0.012504,,,
363,3.025,-0.02035,0.068978,0.01272,,,
364,3.033333,-0.019678,0.067996,0.012924,,,
365,3.041667,-0.019149,0.066772,0.013124,,,
366,3.05,-0.018467,0.065728,0.013282,,,
367,3.058333,-0.017779,0.064686,0.013439,,,
368,3.066667,-0.017197,0.063513,0.013651,,,
369,3.075,-0.016489,0.062471,0.013807,,,
370,3.083333,-0.015785,0.061401,0.013954,,,
371,3.091667,-0.015146,0.060162,0.014063,,,
372,3.1,-0.014538,0.058913,0.014128,,,
373,3.108333,-0.013817,0.057793,0.014135,,,
374,3.116667,-0.013214,0.056543,0.01412,,,
375,3.125,-0.012569,0.055389,0.014125,,,
376,3.133333,-0.012008,0.054202,0.014144,,,
377,3.141667,-0.011483,0.053097,0.014183,,,
378,3.15,-0.010996,0.051916,0.014291,,,
379,3.158333,-0.01053,0.050656,0.014374,,,
380,3.166667,-0.010114,0.049423,0.014406,,,
381,3.175,-0.009699,0.048079,0.014439,,,
382,3.183333,-0.009319,0.046603,0.014539,,,
383,3.191667,-0.009053,0.045036,0.014677,,,
384,3.2,-0.00887,0.043398,0.014877,,,
385,3.208333,-0.008664,0.042292,0.015109,,,
386,3.216667,-0.008387,0.0418,0.015211,,,
387,3.225,-0.007873,0.042174,0.015286,,,
388,3.233333,-0.007602,0.0427,0.015308,,,
389,3.241667,-0.007886,0.042495,0.015313,,,
390,3.25,-0.008095,0.042187,0.014971,,,
391,3.258333,-0.007973,0.042235,0.01441,,,
392,3.266667,-0.007836,0.041976,0.014097,,,
393,3.275,-0.007643,0.041587,0.01383,,,
394,3.283333,-0.007597,0.041351,0.013312,,,
395,3.291667,-0.007553,0.04136,0.012508,,,
396,3.3,-0.00745,0.041436,0.011536,,,
397,3.308333,-0.0071,0.041862,0.010413,,,
398,3.316667,-0.006632,0.042473,0.008974,,,
399,3.325,-0.006002,0.043406,0.007247,,,
400,3.333333,-0.005457,0.044242,0.005466,,,
401,3.341667,-0.004931,0.045091,0.003726,,,
402,3.35,-0.004595,0.045766,0.002181,,,
403,3.358333,-0.004404,0.046344,0.000799,,,
404,3.366667,-0.004323,0.046795,-0.000519,,,
405,3.375,-0.004191,0.047301,-0.001765,,,
406,3.383333,-0.004101,0.047765,-0.002941,,,
407,3.391667,-0.004091,0.04819,-0.004015,,,
408,3.4,-0.004176,0.048668,-0.004972,,,
409,3.408333,-0.004208,0.049245,-0.005883,,,
410,3.416667,-0.004326,0.049672,-0.00672,,,
411,3.425,-0.004411,0.050185,-0.007472,,,
412,3.433333,-0.00453,0.050701,-0.008165,,,
413,3.441667,-0.004625,0.051302,-0.008778,,,
414,3.45,-0.004868,0.051744,-0.009328,,,
415,3.458333,-0.00495,0.052374,-0.009782,,,
416,3.466667,-0.005163,0.052861,-0.010196,,,
417,3.475,-0.005282,0.053405,-0.010502,,,
418,3.483333,-0.00547,0.053894,-0.010732,,,
419,3.491667,-0.005579,0.054328,-0.010909,,,
420,3.5,-0.005753,0.054668,-0.011067,,,
421,3.508333,-0.005833,0.05503,-0.011126,,,
422,3.516667,-0.005965,0.055218,-0.011141,,,
423,3.525,-0.006033,0.055467,-0.011086,,,
424,3.533333,-0.006056,0.05568,-0.011008,,,
425,3.541667,-0.0061,0.055736,-0.01094,,,
426,3.55,-0.006148,0.055722,-0.010861,,,
427,3.558333,-0.006217,0.055646,-0.010773,,,
428,3.566667,-0.006267,0.055605,-0.01066,,,
429,3.575,-0.006312,0.055554,-0.010515,,,
430,3.583333,-0.006348,0.055511,-0.010359,,,
431,3.591667,-0.006299,0.055578,-0.010169,,,
432,3.6,-0.006314,0.055529,-0.009992,,,
433,3.608333,-0.00638,0.055451,-0.009831,,,
434,3.616667,-0.006438,0.055434,-0.009662,,,
435,3.625,-0.00641,0.055549,-0.009498,,,
436,3.633333,-0.006381,0.055684,-0.009353,,,
437,3.641667,-0.006457,0.055648,-0.009241,,,
438,3.65,-0.006466,0.055708,-0.009098,,,
439,3.658333,-0.00649,0.055705,-0.008993,,,
440,3.666667,-0.006531,0.055689,-0.008902,,,
441,3.675,-0.006551,0.055691,-0.008832,,,
442,3.683333,-0.006552,0.055708,-0.008777,,,
443,3.691667,-0.006494,0.055803,-0.008706,,,
444,3.7,-0.006473,0.055813,-0.00866,,,
445,3.708333,-0.006476,0.055781,-0.008622,,,
446,3.716667,-0.006488,0.055726,-0.008606,,,
447,3.725,-0.006468,0.055718,-0.00861,,,
448,3.733333,-0.006451,0.055708,-0.008594,,,
449,3.741667,-0.006451,0.055662,-0.008575,,,
450,3.75,-0.006448,0.055659,-0.008553,,,
451,3.758333,-0.006479,0.055624,-0.008542,,,
452,3.766667,-0.006491,0.055618,-0.008538,,,
453,3.775,-0.0065,0.055625,-0.008533,,,
454,3.783333,-0.006513,0.055616,-0.008526,,,
455,3.791667,-0.006527,0.055611,-0.008515,,,
456,3.8,-0.006548,0.055571,-0.008507,,,
457,3.808333,-0.006558,0.055537,-0.008487,,,
458,3.816667,-0.006568,0.055487,-0.008455,,,
459,3.825,-0.006561,0.055441,-0.008412,,,
460,3.833333,-0.006592,0.055342,-0.008375,,,
461,3.841667,-0.00657,0.055334,-0.008337,,,
462,3.85,-0.006569,0.055306,-0.008307,,,
463,3.858333,-0.006579,0.055254,-0.008256,,,
464,3.866667,-0.006613,0.055179,-0.008198,,,
465,3.875,-0.006631,0.055141,-0.008149,,,
466,3.883333,-0.006658,0.055096,-0.008078,,,
467,3.891667,-0.006643,0.05507,-0.00799,,,
468,3.9,-0.00662,0.055046,-0.00789,,,
469,3.908333,-0.006552,0.055041,-0.007754,,,
470,3.916667,-0.006558,0.054874,-0.007636,,,
471,3.925,-0.006544,0.05475,-0.007512,,,
472,3.933333,-0.006574,0.054534,-0.007379,,,
473,3.941667,-0.00658,0.054382,-0.007231,,,
474,3.95,-0.006572,0.054264,-0.007059,,,
475,3.958333,-0.006552,0.054188,-0.006863,,,
476,3.966667,-0.006562,0.054064,-0.006678,,,
477,3.975,-0.00652,0.05402,-0.00649,,,
478,3.983333,-0.006556,0.053881,-0.006277,,,
479,3.991667,-0.006577,0.053739,-0.006039,,,
480,4,-0.006532,0.053727,-0.005785,,,
481,4.008333,-0.006577,0.053534,-0.005573,,,
482,4.016667,-0.006595,0.053433,-0.005325,,,
483,4.025,-0.00653,0.053466,-0.00502,,,
484,4.033333,-0.006585,0.053289,-0.004754,,,
485,4.041667,-0.006616,0.053166,-0.004434,,,
486,4.05,-0.006566,0.053172,-0.004099,,,
487,4.058333,-0.0066,0.05303,-0.003795,,,
488,4.066667,-0.00658,0.052968,-0.003432,,,
489,4.075,-0.006591,0.052822,-0.003059,,,
490,4.083333,-0.006615,0.052618,-0.002671,,,
491,4.091667,-0.006629,0.052403,-0.002229,,,
492,4.1,-0.006599,0.052265,-0.001739,,,
493,4.108333,-0.006648,0.052021,-0.001136,,,
494,4.116667,-0.006657,0.051991,-0.000322,,,
495,4.125,-0.006677,0.052018,0.000625,,,
496,4.133333,-0.006702,0.052059,0.00155,,,
497,4.141667,-0.006751,0.052002,0.002362,,,
498,4.15,-0.006838,0.051758,0.003138,,,
499,4.158333,-0.006887,0.051506,0.003987,,,
500,4.166667,-0.007004,0.051155,0.004921,,,
501,4.175,-0.007071,0.050795,0.005865,,,
502,4.183333,-0.007134,0.050349,0.006806,,,
503,4.191667,-0.007217,0.049617,0.007851,,,
504,4.2,-0.007315,0.048919,0.009011,,,
505,4.208333,-0.007501,0.047861,0.010302,,,
506,4.216667,-0.007746,0.046684,0.011557,,,
507,4.225,-0.007963,0.04527,0.012577,,,
508,4.233333,-0.008151,0.043922,0.013385,,,
509,4.241667,-0.008437,0.042579,0.014076,,,
510,4.25,-0.008683,0.04137,0.014877,,,
511,4.258333,-0.009116,0.040242,0.015982,,,
512,4.266667,-0.009604,0.039256,0.017117,,,
513,4.275,-0.010025,0.038552,0.017842,,,
514,4.283333,-0.010279,0.038301,0.018053,,,
515,4.291667,-0.010318,0.038354,0.018056,,,
516,4.3,-0.010526,0.038189,0.018319,,,
517,4.308333,-0.011033,0.037789,0.018815,,,
518,4.316667,-0.011551,0.037487,0.019078,,,
519,4.325,-0.011641,0.037673,0.019306,,,
520,4.333333,-0.011749,0.037807,0.019816,,,
521,4.341667,-0.012069,0.037855,0.020319,,,
522,4.35,-0.012403,0.038324,0.020553,,,
523,4.358333,-0.012738,0.03908,0.020591,,,
524,4.366667,-0.013,0.040056,0.020646,,,
525,4.375,-0.01318,0.041374,0.02072,,,
526,4.383333,-0.013426,0.042901,0.02066,,,
527,4.391667,-0.01369,0.044675,0.020477,,,
528,4.4,-0.014043,0.046556,0.020257,,,
529,4.408333,-0.014324,0.048623,0.019965,,,
530,4.416667,-0.014594,0.050712,0.019537,,,
531,4.425,-0.014951,0.052839,0.019072,,,
532,4.433333,-0.015301,0.055113,0.01864,,,
533,4.441667,-0.015635,0.057396,0.018312,,,
534,4.45,-0.01609,0.059375,0.018057,,,
535,4.458333,-0.016458,0.061352,0.017679,,,
536,4.466667,-0.016907,0.063109,0.017181,,,
537,4.475,-0.01736,0.064788,0.016655,,,
538,4.483333,-0.017845,0.066259,0.016195,,,
539,4.491667,-0.018423,0.067479,0.015808,,,
540,4.5,-0.018851,0.068803,0.015342,,,
541,4.508333,-0.019313,0.070006,0.014894,,,
542,4.516667,-0.019829,0.071052,0.014501,,,
543,4.525,-0.020278,0.072064,0.014104,,,
544,4.533333,-0.020723,0.073011,0.013775,,,
545,4.541667,-0.021066,0.073919,0.01349,,,
546,4.55,-0.021347,0.074833,0.013193,,,
547,4.558333,-0.021714,0.075518,0.012873,,,
548,4.566667,-0.022072,0.076128,0.012549,,,
549,4.575,-0.022308,0.076762,0.01227,,,
550,4.583333,-0.022476,0.077282,0.012037,,,
551,4.591667,-0.022586,0.077755,0.011738,,,
552,4.6,-0.022805,0.077925,0.011494,,,
553,4.608333,-0.022845,0.078241,0.011264,,,
554,4.616667,-0.022842,0.078559,0.011052,,,
555,4.625,-0.022929,0.078639,0.010869,,,
556,4.633333,-0.023008,0.078608,0.010663,,,
557,4.641667,-0.022924,0.078742,0.010429,,,
558,4.65,-0.022851,0.078792,0.010207,,,
559,4.658333,-0.022858,0.078722,0.010054,,,
560,4.666667,-0.022878,0.0786,0.009887,,,
561,4.675,-0.022781,0.078625,0.009756,,,
562,4.683333,-0.022682,0.078601,0.00963,,,
563,4.691667,-0.022593,0.078574,0.00953,,,
564,4.7,-0.022546,0.078508,0.00947,,,
565,4.708333,-0.022513,0.078386,0.009432,,,
566,4.716667,-0.022471,0.078268,0.009397,,,
567,4.725,-0.022399,0.078136,0.009356,,,
568,4.733333,-0.022366,0.077977,0.00934,,,
569,4.741667,-0.022319,0.077843,0.009341,,,
570,4.75,-0.022306,0.077672,0.009351,,,
571,4.758333,-0.022273,0.077548,0.009386,,,
572,4.766667,-0.022186,0.077478,0.009438,,,
573,4.775,-0.022189,0.077271,0.009493,,,
574,4.783333,-0.022152,0.077086,0.009553,,,
575,4.791667,-0.022165,0.076845,0.009637,,,
576,4.8,-0.02206,0.076746,0.009715,,,
577,4.808333,-0.021986,0.076552,0.00981,,,
578,4.816667,-0.021901,0.076353,0.009886,,,
579,4.825,-0.021785,0.076102,0.009978,,,
580,4.833333,-0.021722,0.075743,0.010095,,,
581,4.841667,-0.021716,0.075325,0.010217,,,
582,4.85,-0.021539,0.075055,0.010335,,,
583,4.858333,-0.021415,0.074664,0.010445,,,
584,4.866667,-0.021151,0.074387,0.010559,,,
585,4.875,-0.020998,0.073895,0.01071,,,
586,4.883333,-0.020803,0.073354,0.01088,,,
587,4.891667,-0.020488,0.072855,0.011027,,,
588,4.9,-0.020211,0.072189,0.011201,,,
589,4.908333,-0.019977,0.071291,0.011416,,,
590,4.916667,-0.019673,0.070324,0.011619,,,
591,4.925,-0.019347,0.069227,0.011841,,,
592,4.933333,-0.018924,0.068089,0.01211,,,
593,4.941667,-0.0186,0.066656,0.012429,,,
594,4.95,-0.018058,0.06542,0.012723,,,
595,4.958333,-0.017635,0.06393,0.01301,,,
596,4.966667,-0.017057,0.06255,0.013248,,,
597,4.975,-0.016613,0.061002,0.013504,,,
598,4.983333,-0.016056,0.059658,0.013747,,,
599,4.991667,-0.015643,0.058223,0.014024,,,
600,5,-0.01516,0.056934,0.014271,,,
601,5.008333,-0.014775,0.055621,0.014523,,,
602,5.016667,-0.014316,0.054469,0.014708,,,
603,5.025,-0.01397,0.053166,0.014903,,,
604,5.033333,-0.01358,0.05208,0.015048,,,
605,5.041667,-0.013258,0.051022,0.015178,,,
606,5.05,-0.012955,0.04999,0.015355,,,
607,5.058333,-0.012625,0.049035,0.015562,,,
608,5.066667,-0.012363,0.047993,0.015801,,,
609,5.075,-0.01208,0.046943,0.016062,,,
610,5.083333,-0.011881,0.045824,0.016353,,,
611,5.091667,-0.011676,0.04471,0.016682,,,
612,5.1,-0.011538,0.043471,0.017031,,,
613,5.108333,-0.011422,0.042235,0.017358,,,
614,5.116667,-0.011387,0.041391,0.017726,,,
615,5.125,-0.011188,0.040961,0.017888,,,
616,5.133333,-0.010808,0.041009,0.017836,,,
617,5.141667,-0.010653,0.040937,0.01765,,,
618,5.15,-0.010731,0.040508,0.017497,,,
619,5.158333,-0.010808,0.039738,0.017229,,,
620,5.166667,-0.010791,0.038983,0.016882,,,
621,5.175,-0.010681,0.038276,0.016339,,,
622,5.183333,-0.010428,0.037918,0.015534,,,
623,5.191667,-0.0099,0.037976,0.014542,,,
624,5.2,-0.009381,0.037856,0.01341,,,
625,5.208333,-0.00882,0.037652,0.012197,,,
626,5.216667,-0.008284,0.037563,0.010854,,,
627,5.225,-0.007654,0.037728,0.009451,,,
628,5.233333,-0.007199,0.037788,0.008137,,,
629,5.241667,-0.006708,0.037866,0.006965,,,
630,5.25,-0.006368,0.037924,0.005834,,,
631,5.258333,-0.00608,0.038087,0.004791,,,
632,5.266667,-0.005913,0.038215,0.003892,,,
633,5.275,-0.005755,0.03846,0.003123,,,
634,5.283333,-0.005601,0.038767,0.002446,,,
635,5.291667,-0.005554,0.039055,0.001858,,,
636,5.3,-0.005455,0.03948,0.001312,,,
637,5.308333,-0.005448,0.03982,0.000819,,,
638,5.316667,-0.005485,0.040142,0.000388,,,
639,5.325,-0.005497,0.040402,0.000026,,,
640,5.333333,-0.005491,0.040676,-0.000281,,,
641,5.341667,-0.005503,0.040885,-0.000558,,,
642,5.35,-0.005551,0.04109,-0.000856,,,
643,5.358333,-0.00558,0.041374,-0.001098,,,
644,5.366667,-0.00561,0.04162,-0.001333,,,
645,5.375,-0.005625,0.041864,-0.001502,,,
646,5.383333,-0.005631,0.042146,-0.001633,,,
647,5.391667,-0.005684,0.04238,-0.00172,,,
648,5.4,-0.005757,0.042628,-0.001765,,,
649,5.408333,-0.005768,0.04294,-0.001791,,,
650,5.416667,-0.005758,0.043228,-0.001792,,,
651,5.425,-0.005814,0.043402,-0.001784,,,
652,5.433333,-0.005853,0.043595,-0.00178,,,
653,5.441667,-0.005918,0.043742,-0.001766,,,
654,5.45,-0.005962,0.043897,-0.001746,,,
655,5.458333,-0.006005,0.044026,-0.001723,,,
656,5.466667,-0.006006,0.044216,-0.001691,,,
657,5.475,-0.006031,0.04437,-0.001638,,,
658,5.483333,-0.006082,0.044496,-0.001577,,,
659,5.491667,-0.006164,0.044591,-0.001505,,,
660,5.5,-0.006289,0.044658,-0.001423,,,
661,5.508333,-0.006336,0.044836,-0.001347,,,
662,5.516667,-0.006386,0.045001,-0.001264,,,
663,5.525,-0.006441,0.045113,-0.001182,,,
664,5.533333,-0.00655,0.045122,-0.001086,,,
665,5.541667,-0.006594,0.045211,-0.000983,,,
666,5.55,-0.006627,0.045289,-0.000901,,,
667,5.558333,-0.006657,0.04535,-0.00082,,,
668,5.566667,-0.006687,0.045364,-0.000755,,,
669,5.575,-0.006704,0.045381,-0.000694,,,
670,5.583333,-0.006698,0.045405,-0.000619,,,
671,5.591667,-0.006717,0.045351,-0.000542,,,
672,5.6,-0.006751,0.045285,-0.000469,,,
673,5.608333,-0.00674,0.045273,-0.000418,,,
674,5.616667,-0.00674,0.045241,-0.000385,,,
675,5.625,-0.006739,0.045232,-0.000368,,,
676,5.633333,-0.006747,0.045232,-0.000348,,,
677,5.641667,-0.006778,0.045214,-0.00031,,,
678,5.65,-0.006808,0.045277,-0.000288,,,
679,5.658333,-0.006846,0.045318,-0.000284,,,
680,5.666667,-0.006866,0.045386,-0.000288,,,
681,5.675,-0.006882,0.045458,-0.000306,,,
682,5.683333,-0.006912,0.045497,-0.000323,,,
683,5.691667,-0.006915,0.045596,-0.000362,,,
684,5.7,-0.00694,0.045616,-0.000407,,,
685,5.708333,-0.006955,0.045644,-0.000446,,,
686,5.716667,-0.006981,0.045652,-0.000483,,,
687,5.725,-0.006997,0.045669,-0.000499,,,
688,5.733333,-0.006996,0.045707,-0.000494,,,
689,5.741667,-0.007018,0.045678,-0.000503,,,
690,5.75,-0.007027,0.045652,-0.000508,,,
691,5.758333,-0.00704,0.045604,-0.000515,,,
692,5.766667,-0.007062,0.045515,-0.000524,,,
693,5.775,-0.007085,0.04542,-0.00052,,,
694,5.783333,-0.007077,0.045368,-0.000501,,,
695,5.791667,-0.007079,0.045264,-0.000474,,,
696,5.8,-0.007124,0.04511,-0.000426,,,
697,5.808333,-0.007137,0.044991,-0.00039,,,
698,5.816667,-0.007166,0.044881,-0.000348,,,
699,5.825,-0.007176,0.044803,-0.000321,,,
700,5.833333,-0.007182,0.044782,-0.0003,,,
701,5.841667,-0.007156,0.044818,-0.000272,,,
702,5.85,-0.007161,0.044804,-0.00023,,,
703,5.858333,-0.007161,0.044781,-0.000192,,,
704,5.866667,-0.007158,0.044758,-0.000146,,,
705,5.875,-0.007154,0.044705,-0.000114,,,
706,5.883333,-0.007142,0.044676,-0.000077,,,
707,5.891667,-0.007131,0.044659,-0.000025,,,
708,5.9,-0.007151,0.044585,0.000051,,,
709,5.908333,-0.007139,0.044573,0.000108,,,
710,5.916667,-0.007131,0.044551,0.000155,,,
711,5.925,-0.007146,0.044514,0.00021,,,
712,5.933333,-0.007152,0.044508,0.000252,,,
713,5.941667,-0.007181,0.044485,0.000309,,,
714,5.95,-0.007203,0.044467,0.00035,,,
715,5.958333,-0.007178,0.044516,0.00041,,,
716,5.966667,-0.007183,0.044496,0.000466,,,
717,5.975,-0.007176,0.044478,0.00052,,,
718,5.983333,-0.007176,0.044478,0.00052,,,
719,5.991667,-0.007151,0.044461,0.000584,,,
720,6,-0.007167,0.044392,0.000675,,,
721,6.008333,-0.007226,0.044237,0.000793,,,
722,6.016667,-0.007207,0.044192,0.00092,,,
723,6.025,-0.007225,0.044087,0.001065,,,
724,6.033333,-0.007286,0.043958,0.001214,,,
725,6.041667,-0.007263,0.043918,0.001398,,,
726,6.05,-0.007321,0.043775,0.00161,,,
727,6.058333,-0.007355,0.04368,0.001853,,,
728,6.066667,-0.007431,0.043494,0.002107,,,
729,6.075,-0.007433,0.04341,0.002387,,,
730,6.083333,-0.007476,0.043272,0.00274,,,
731,6.091667,-0.007518,0.043156,0.003206,,,
732,6.1,-0.007627,0.042925,0.003869,,,
733,6.108333,-0.007696,0.042796,0.004705,,,
734,6.116667,-0.007762,0.042724,0.005768,,,
735,6.125,-0.007947,0.042579,0.007144,,,
736,6.133333,-0.008214,0.042392,0.008838,,,
737,6.141667,-0.008603,0.042067,0.010661,,,
738,6.15,-0.00899,0.041584,0.01228,,,
739,6.158333,-0.009341,0.040948,0.013569,,,
740,6.166667,-0.009697,0.040083,0.01463,,,
741,6.175,-0.010039,0.03919,0.015685,,,
742,6.183333,-0.010435,0.038383,0.016926,,,
743,6.191667,-0.010932,0.037528,0.018247,,,
744,6.2,-0.011411,0.036802,0.01945,,,
745,6.208333,-0.01184,0.036378,0.020339,,,
746,6.216667,-0.012165,0.03629,0.021032,,,
747,6.225,-0.012353,0.036419,0.021698,,,
748,6.233333,-0.012535,0.036406,0.022429,,,
749,6.241667,-0.012786,0.036227,0.023051,,,
750,6.25,-0.013018,0.036175,0.023417,,,
751,6.258333,-0.013295,0.036147,0.0236,,,
752,6.266667,-0.013595,0.036201,0.023825,,,
753,6.275,-0.013808,0.036415,0.024237,,,
754,6.283333,-0.014076,0.036794,0.024641,,,
755,6.291667,-0.014237,0.037651,0.024987,,,
756,6.3,-0.014632,0.038537,0.025173,,,
757,6.308333,-0.014996,0.039648,0.025314,,,
758,6.316667,-0.015423,0.040799,0.025352,,,
759,6.325,-0.01583,0.042107,0.025246,,,
760,6.333333,-0.016273,0.043494,0.025088,,,
761,6.341667,-0.016784,0.045074,0.024921,,,
762,6.35,-0.017242,0.04683,0.024767,,,
763,6.358333,-0.017654,0.04872,0.024669,,,
764,6.366667,-0.018066,0.050629,0.024509,,,
765,6.375,-0.018471,0.052559,0.024204,,,
766,6.383333,-0.018909,0.054475,0.023818,,,
767,6.391667,-0.019364,0.056492,0.023428,,,
768,6.4,-0.019868,0.05833,0.023013,,,
769,6.408333,-0.020275,0.060273,0.022512,,,
770,6.416667,-0.020712,0.062035,0.021972,,,
771,6.425,-0.021258,0.063672,0.021482,,,
772,6.433333,-0.021782,0.065205,0.021012,,,
773,6.441667,-0.022322,0.066553,0.020561,,,
774,6.45,-0.022835,0.067856,0.020068,,,
775,6.458333,-0.023348,0.069072,0.019539,,,
776,6.466667,-0.023797,0.070375,0.019049,,,
777,6.475,-0.024298,0.071537,0.01857,,,
778,6.483333,-0.024832,0.072505,0.018136,,,
779,6.491667,-0.025112,0.07362,0.017662,,,
780,6.5,-0.025532,0.074446,0.01714,,,
781,6.508333,-0.025771,0.075294,0.016693,,,
782,6.516667,-0.026001,0.075977,0.01627,,,
783,6.525,-0.026147,0.076587,0.015834,,,
784,6.533333,-0.026286,0.077042,0.015464,,,
785,6.541667,-0.026405,0.077401,0.015059,,,
786,6.55,-0.026455,0.077728,0.014763,,,
787,6.558333,-0.026332,0.078118,0.014449,,,
788,6.566667,-0.026423,0.078057,0.014168,,,
789,6.575,-0.026342,0.078181,0.01389,,,
790,6.583333,-0.026188,0.078325,0.013627,,,
791,6.591667,-0.026208,0.078162,0.013418,,,
792,6.6,-0.026092,0.07811,0.013241,,,
793,6.608333,-0.025909,0.078067,0.013109,,,
794,6.616667,-0.025746,0.077971,0.013022,,,
795,6.625,-0.025548,0.077848,0.012934,,,
796,6.633333,-0.025396,0.077652,0.012892,,,
797,6.641667,-0.025294,0.077414,0.012887,,,
798,6.65,-0.025087,0.077266,0.012896,,,
799,6.658333,-0.024967,0.077009,0.012932,,,
800,6.666667,-0.024808,0.076773,0.012983,,,
801,6.675,-0.024661,0.076528,0.013037,,,
802,6.683333,-0.024522,0.076251,0.013088,,,
803,6.691667,-0.024348,0.075998,0.01318,,,
804,6.7,-0.024214,0.075684,0.01327,,,
805,6.708333,-0.02398,0.075434,0.013375,,,
806,6.716667,-0.023754,0.075148,0.013455,,,
807,6.725,-0.023513,0.074825,0.013563,,,
808,6.733333,-0.023349,0.074391,0.013686,,,
809,6.741667,-0.023124,0.07396,0.013803,,,
810,6.75,-0.022868,0.073557,0.01392,,,
811,6.758333,-0.022628,0.073121,0.014006,,,
812,6.766667,-0.022277,0.072747,0.014103,,,
813,6.775,-0.021933,0.072307,0.014237,,,
814,6.783333,-0.021663,0.071683,0.014366,,,
815,6.791667,-0.021345,0.071081,0.014463,,,
816,6.8,-0.021005,0.070438,0.014549,,,
817,6.808333,-0.020579,0.069819,0.014616,,,
818,6.816667,-0.02018,0.069054,0.014687,,,
819,6.825,-0.019826,0.068086,0.014811,,,
820,6.833333,-0.019382,0.067126,0.014913,,,
821,6.841667,-0.0189,0.066058,0.015007,,,
822,6.85,-0.01836,0.064962,0.015089,,,
823,6.858333,-0.017945,0.06363,0.01521,,,
824,6.866667,-0.017437,0.062362,0.015331,,,
825,6.875,-0.016926,0.061108,0.01545,,,
826,6.883333,-0.016446,0.059696,0.015591,,,
827,6.891667,-0.015935,0.058445,0.015694,,,
828,6.9,-0.015474,0.057192,0.015787,,,
829,6.908333,-0.015038,0.055827,0.015994,,,
830,6.916667,-0.014543,0.054576,0.01622,,,
831,6.925,-0.014107,0.053105,0.016487,,,
832,6.933333,-0.013583,0.051689,0.016689,,,
833,6.941667,-0.013094,0.050218,0.01685,,,
834,6.95,-0.01263,0.048752,0.017019,,,
835,6.958333,-0.012215,0.04734,0.017175,,,
836,6.966667,-0.011826,0.04594,0.017367,,,
837,6.975,-0.011422,0.044687,0.017519,,,
838,6.983333,-0.01109,0.043407,0.017671,,,
839,6.991667,-0.010797,0.042129,0.01784,,,
840,7,-0.010494,0.040923,0.018016,,,
841,7.008333,-0.010204,0.03977,0.018176,,,
842,7.016667,-0.01007,0.038459,0.018381,,,
843,7.025,-0.009892,0.037505,0.018632,,,
844,7.033333,-0.009743,0.037205,0.018949,,,
845,7.041667,-0.009401,0.03735,0.01922,,,
846,7.05,-0.009117,0.037713,0.019282,,,
847,7.058333,-0.009268,0.037634,0.019117,,,
848,7.066667,-0.009353,0.037539,0.018758,,,
849,7.075,-0.009266,0.037457,0.018281,,,
850,7.083333,-0.008945,0.037771,0.017897,,,
851,7.091667,-0.008747,0.037961,0.017425,,,
852,7.1,-0.008557,0.038291,0.016705,,,
853,7.108333,-0.008309,0.038677,0.015667,,,
854,7.116667,-0.007987,0.039077,0.014405,,,
855,7.125,-0.007465,0.039734,0.012995,,,
856,7.133333,-0.00687,0.04052,0.011498,,,
857,7.141667,-0.006285,0.041321,0.010044,,,
858,7.15,-0.005917,0.041853,0.008694,,,
859,7.158333,-0.005659,0.0422,0.007399,,,
860,7.166667,-0.005438,0.042456,0.006104,,,
861,7.175,-0.005173,0.042662,0.00488,,,
862,7.183333,-0.004981,0.042713,0.003758,,,
863,7.191667,-0.004798,0.042883,0.002786,,,
864,7.2,-0.004748,0.042951,0.001934,,,
865,7.208333,-0.00471,0.043043,0.00114,,,
866,7.216667,-0.004676,0.043153,0.000413,,,
867,7.225,-0.004632,0.043292,-0.000207,,,
868,7.233333,-0.004647,0.043364,-0.000756,,,
869,7.241667,-0.004674,0.043487,-0.001199,,,
870,7.25,-0.004724,0.04364,-0.001605,,,
871,7.258333,-0.004751,0.043829,-0.001923,,,
872,7.266667,-0.004889,0.043873,-0.0022,,,
873,7.275,-0.004928,0.044119,-0.002367,,,
874,7.283333,-0.00501,0.044275,-0.002467,,,
875,7.291667,-0.005064,0.044421,-0.002455,,,
876,7.3,-0.005129,0.044542,-0.002401,,,
877,7.308333,-0.005283,0.044536,-0.0023,,,
878,7.316667,-0.005389,0.044564,-0.002155,,,
879,7.325,-0.005429,0.044642,-0.002007,,,
880,7.333333,-0.005552,0.044562,-0.001845,,,
881,7.341667,-0.005661,0.044476,-0.00168,,,
882,7.35,-0.005746,0.044409,-0.001519,,,
883,7.358333,-0.005831,0.044345,-0.001376,,,
884,7.366667,-0.005857,0.044382,-0.001252,,,
885,7.375,-0.005925,0.044356,-0.001159,,,
886,7.383333,-0.005971,0.044367,-0.0011,,,
887,7.391667,-0.006015,0.044408,-0.001054,,,
888,7.4,-0.006057,0.044435,-0.001013,,,
889,7.408333,-0.00607,0.044556,-0.00098,,,
890,7.416667,-0.006101,0.044667,-0.000974,,,
891,7.425,-0.006136,0.044838,-0.00099,,,
892,7.433333,-0.006178,0.044978,-0.000988,,,
893,7.441667,-0.006252,0.045101,-0.000981,,,
894,7.45,-0.006283,0.045252,-0.000962,,,
895,7.458333,-0.00635,0.045299,-0.000946,,,
896,7.466667,-0.006374,0.045402,-0.000931,,,
897,7.475,-0.006381,0.04549,-0.00092,,,
898,7.483333,-0.006408,0.045538,-0.000911,,,
899,7.491667,-0.006443,0.045554,-0.000896,,,
900,7.5,-0.006494,0.045538,-0.000897,,,
901,7.508333,-0.006523,0.045528,-0.000895,,,
902,7.516667,-0.006559,0.0455,-0.000895,,,
903,7.525,-0.006576,0.04549,-0.000882,,,
904,7.533333,-0.006585,0.045483,-0.000852,,,
905,7.541667,-0.006596,0.045465,-0.000817,,,
906,7.55,-0.006631,0.045382,-0.000779,,,
907,7.558333,-0.006671,0.045262,-0.00074,,,
908,7.566667,-0.0067,0.045144,-0.000709,,,
909,7.575,-0.006736,0.045009,-0.000659,,,
910,7.583333,-0.006756,0.044891,-0.000604,,,
911,7.591667,-0.006768,0.044799,-0.00055,,,
912,7.6,-0.006748,0.044757,-0.000485,,,
913,7.608333,-0.006748,0.044713,-0.000455,,,
914,7.616667,-0.006764,0.044657,-0.000433,,,
915,7.625,-0.006758,0.044657,-0.000424,,,
916,7.633333,-0.006784,0.044616,-0.000393,,,
917,7.641667,-0.006794,0.044645,-0.000337,,,
918,7.65,-0.00681,0.044668,-0.000298,,,
919,7.658333,-0.006834,0.044683,-0.000263,,,
920,7.666667,-0.006845,0.044714,-0.000243,,,
921,7.675,-0.006847,0.044762,-0.000217,,,
922,7.683333,-0.006846,0.044822,-0.000183,,,
923,7.691667,-0.006851,0.04487,-0.000156,,,
924,7.7,-0.00686,0.044896,-0.000148,,,
925,7.708333,-0.00688,0.044899,-0.00015,,,
926,7.716667,-0.006881,0.044918,-0.000147,,,
927,7.725,-0.006885,0.044935,-0.000137,,,
928,7.733333,-0.006891,0.04494,-0.000123,,,
929,7.741667,-0.006893,0.044956,-0.000103,,,
930,7.75,-0.006909,0.044935,-0.000097,,,
931,7.758333,-0.00692,0.044919,-0.000095,,,
932,7.766667,-0.006941,0.044891,-0.000095,,,
933,7.775,-0.006952,0.044883,-0.000073,,,
934,7.783333,-0.006968,0.044864,-0.000051,,,
935,7.791667,-0.006962,0.044895,-0.000023,,,
936,7.8,-0.006964,0.044908,0.000008,,,
937,7.808333,-0.006991,0.04489,0.000037,,,
938,7.816667,-0.007009,0.044868,0.000061,,,
939,7.825,-0.007038,0.044835,0.000095,,,
940,7.833333,-0.007037,0.044844,0.000115,,,
941,7.841667,-0.00704,0.044855,0.000137,,,
942,7.85,-0.007022,0.044877,0.000173,,,
943,7.858333,-0.00704,0.044861,0.000202,,,
944,7.866667,-0.007052,0.044835,0.000231,,,
945,7.875,-0.007032,0.044841,0.000261,,,
946,7.883333,-0.007025,0.044835,0.00031,,,
947,7.891667,-0.007005,0.044836,0.000358,,,
948,7.9,-0.007032,0.044774,0.000421,,,
949,7.908333,-0.007043,0.044714,0.000501,,,
950,7.916667,-0.007029,0.044707,0.000586,,,
951,7.925,-0.006999,0.044727,0.000678,,,
952,7.933333,-0.007052,0.044643,0.000787,,,
953,7.941667,-0.007068,0.044576,0.000923,,,
954,7.95,-0.007068,0.044555,0.001051,,,
955,7.958333,-0.007096,0.044497,0.001274,,,
956,7.966667,-0.00705,0.044598,0.001602,,,
957,7.975,-0.007115,0.044598,0.002147,,,
958,7.983333,-0.007166,0.044693,0.002843,,,
959,7.991667,-0.007253,0.044792,0.003656,,,
960,8,-0.007372,0.044832,0.00452,,,
961,8.008333,-0.007503,0.044816,0.005325,,,
962,8.016667,-0.007641,0.044737,0.005998,,,
963,8.025,-0.007786,0.044538,0.006631,,,
964,8.033333,-0.007884,0.044328,0.007245,,,
965,8.041667,-0.007994,0.044028,0.007955,,,
966,8.05,-0.00819,0.043743,0.008854,,,
967,8.058333,-0.008429,0.043417,0.009903,,,
968,8.066667,-0.008669,0.043031,0.010978,,,
969,8.075,-0.008981,0.042517,0.01206,,,
970,8.083333,-0.009293,0.041906,0.013184,,,
971,8.091667,-0.009715,0.041179,0.014436,,,
972,8.1,-0.01013,0.040461,0.015717,,,
973,8.108333,-0.010629,0.039538,0.016946,,,
974,8.116667,-0.011253,0.038396,0.018117,,,
975,8.125,-0.0119,0.037132,0.019136,,,
976,8.133333,-0.012664,0.035982,0.019817,,,
977,8.141667,-0.013308,0.035331,0.020274,,,
978,8.15,-0.013776,0.035075,0.020619,,,
979,8.158333,-0.013914,0.035247,0.020938,,,
980,8.166667,-0.013884,0.03562,0.021095,,,
981,8.175,-0.014074,0.035658,0.021104,,,
982,8.183333,-0.014358,0.035612,0.021131,,,
983,8.191667,-0.014483,0.035847,0.021294,,,
984,8.2,-0.014556,0.036384,0.021699,,,
985,8.208333,-0.014678,0.037235,0.02216,,,
986,8.216667,-0.01483,0.038463,0.02251,,,
987,8.225,-0.015068,0.039799,0.022604,,,
988,8.233333,-0.015269,0.041384,0.022632,,,
989,8.241667,-0.015554,0.043065,0.022705,,,
990,8.25,-0.01583,0.045241,0.022846,,,
991,8.258333,-0.016198,0.047502,0.022936,,,
992,8.266667,-0.016597,0.049726,0.022907,,,
993,8.275,-0.017041,0.051796,0.022718,,,
994,8.283333,-0.017477,0.053754,0.022489,,,
995,8.291667,-0.017994,0.055685,0.022249,,,
996,8.3,-0.018527,0.057601,0.022027,,,
997,8.308333,-0.019152,0.059231,0.021816,,,
998,8.316667,-0.019631,0.06091,0.021485,,,
999,8.325,-0.020232,0.06236,0.021141,,,
1000,8.333333,-0.020773,0.063954,0.020803,,,
1001,8.341667,-0.021414,0.065361,0.020508,,,
1002,8.35,-0.022007,0.066853,0.020235,,,
1003,8.358333,-0.022563,0.068307,0.019948,,,
1004,8.366667,-0.023032,0.069749,0.019653,,,
1005,8.375,-0.023567,0.071139,0.01928,,,
1006,8.383333,-0.02415,0.072402,0.01894,,,
1007,8.391667,-0.024609,0.073777,0.01857,,,
1008,8.4,-0.025031,0.075148,0.01819,,,
1009,8.408333,-0.025533,0.076315,0.017828,,,
1010,8.416667,-0.025964,0.077399,0.017416,,,
1011,8.425,-0.026303,0.078431,0.017044,,,
1012,8.433333,-0.026652,0.079236,0.01671,,,
1013,8.441667,-0.02689,0.079989,0.016373,,,
1014,8.45,-0.027187,0.080472,0.016048,,,
1015,8.458333,-0.027348,0.081001,0.015745,,,
1016,8.466667,-0.0275,0.081413,0.015467,,,
1017,8.475,-0.027651,0.081693,0.015219,,,
1018,8.483333,-0.027775,0.081914,0.014973,,,
1019,8.491667,-0.027787,0.082157,0.014798,,,
1020,8.5,-0.027813,0.082283,0.014638,,,
1021,8.508333,-0.027818,0.082412,0.014479,,,
1022,8.516667,-0.0278,0.08247,0.014355,,,
1023,8.525,-0.027761,0.082501,0.014268,,,
1024,8.533333,-0.027669,0.082509,0.014201,,,
1025,8.541667,-0.027614,0.082441,0.014166,,,
1026,8.55,-0.027565,0.082357,0.014154,,,
1027,8.558333,-0.027425,0.082297,0.014138,,,
1028,8.566667,-0.027309,0.082165,0.014133,,,
1029,8.575,-0.027174,0.082038,0.014136,,,
1030,8.583333,-0.027071,0.081842,0.014146,,,
1031,8.591667,-0.026986,0.081656,0.014155,,,
1032,8.6,-0.026827,0.081532,0.014175,,,
1033,8.608333,-0.026771,0.081283,0.014225,,,
1034,8.616667,-0.026661,0.081075,0.014287,,,
1035,8.625,-0.026583,0.080819,0.01435,,,
1036,8.633333,-0.026454,0.080591,0.014434,,,
1037,8.641667,-0.026324,0.080329,0.014497,,,
1038,8.65,-0.026131,0.080116,0.014601,,,
1039,8.658333,-0.025972,0.079789,0.014712,,,
1040,8.666667,-0.025778,0.079386,0.014859,,,
1041,8.675,-0.025581,0.078883,0.01503,,,
1042,8.683333,-0.025357,0.078273,0.015212,,,
1043,8.691667,-0.025056,0.077679,0.015407,,,
1044,8.7,-0.024793,0.076813,0.01565,,,
1045,8.708333,-0.024379,0.076019,0.015883,,,
1046,8.716667,-0.023982,0.075012,0.016179,,,
1047,8.725,-0.023449,0.074055,0.016485,,,
1048,8.733333,-0.022953,0.072801,0.016827,,,
1049,8.741667,-0.022408,0.071522,0.017133,,,
1050,8.75,-0.021913,0.070063,0.017518,,,
1051,8.758333,-0.021445,0.06853,0.017916,,,
1052,8.766667,-0.020854,0.067197,0.018286,,,
1053,8.775,-0.020426,0.065708,0.018651,,,
1054,8.783333,-0.019887,0.064344,0.018987,,,
1055,8.791667,-0.019391,0.063015,0.019313,,,
1056,8.8,-0.018971,0.061506,0.019655,,,
1057,8.808333,-0.018437,0.060207,0.020013,,,
1058,8.816667,-0.017914,0.058757,0.020412,,,
1059,8.825,-0.0175,0.057089,0.020786,,,
1060,8.833333,-0.016961,0.055493,0.021114,,,
1061,8.841667,-0.016492,0.053549,0.02143,,,
1062,8.85,-0.016014,0.051569,0.021696,,,
1063,8.858333,-0.015525,0.049616,0.021945,,,
1064,8.866667,-0.015154,0.04749,0.022236,,,
1065,8.875,-0.014758,0.045401,0.022514,,,
1066,8.883333,-0.014396,0.043235,0.022817,,,
1067,8.891667,-0.014117,0.040962,0.02306,,,
1068,8.9,-0.013817,0.038779,0.023263,,,
1069,8.908333,-0.013536,0.036704,0.023145,,,
1070,8.916667,-0.013398,0.035552,0.022863,,,
1071,8.925,-0.013015,0.035668,0.022473,,,
1072,8.933333,-0.012403,0.036306,0.022092,,,
1073,8.941667,-0.011965,0.036444,0.021609,,,
1074,8.95,-0.011963,0.035874,0.020787,,,
1075,8.958333,-0.011785,0.035468,0.019644,,,
1076,8.966667,-0.011423,0.035497,0.018594,,,
1077,8.975,-0.011103,0.035588,0.017733,,,
1078,8.983333,-0.010505,0.035953,0.016731,,,
1079,8.991667,-0.009842,0.036252,0.015407,,,
1080,9,-0.009185,0.036608,0.013799,,,
1081,9.008333,-0.008573,0.036896,0.012119,,,
1082,9.016667,-0.007999,0.037233,0.010407,,,
1083,9.025,-0.007351,0.037903,0.008706,,,
1084,9.033333,-0.00679,0.038592,0.00711,,,
1085,9.041667,-0.006369,0.039194,0.005739,,,
1086,9.05,-0.006101,0.039726,0.004536,,,
1087,9.058333,-0.00595,0.040153,0.003598,,,
1088,9.066667,-0.005849,0.040576,0.002851,,,
1089,9.075,-0.005758,0.041088,0.002174,,,
1090,9.083333,-0.005723,0.041572,0.00151,,,
1091,9.091667,-0.005721,0.042008,0.000957,,,
1092,9.1,-0.005745,0.04247,0.000493,,,
1093,9.108333,-0.005712,0.043002,0.000114,,,
1094,9.116667,-0.005696,0.043419,-0.000231,,,
1095,9.125,-0.005733,0.043714,-0.000541,,,
1096,9.133333,-0.005761,0.04402,-0.000831,,,
1097,9.141667,-0.005781,0.044289,-0.001067,,,
1098,9.15,-0.005792,0.044483,-0.001234,,,
1099,9.158333,-0.005829,0.044585,-0.001333,,,
1100,9.166667,-0.005899,0.044619,-0.001382,,,
1101,9.175,-0.005916,0.044694,-0.001329,,,
1102,9.183333,-0.005933,0.044728,-0.00121,,,
1103,9.191667,-0.006004,0.044673,-0.001046,,,
1104,9.2,-0.006046,0.044691,-0.000902,,,
1105,9.208333,-0.006085,0.044732,-0.000797,,,
1106,9.216667,-0.00614,0.044757,-0.00073,,,
1107,9.225,-0.006149,0.044844,-0.00067,,,
1108,9.233333,-0.00619,0.044879,-0.000613,,,
1109,9.241667,-0.006194,0.044942,-0.000528,,,
1110,9.25,-0.006183,0.045003,-0.000462,,,
1111,9.258333,-0.006195,0.045042,-0.000419,,,
1112,9.266667,-0.006192,0.045116,-0.000387,,,
1113,9.275,-0.006217,0.04519,-0.000376,,,
1114,9.283333,-0.006208,0.045302,-0.000359,,,
1115,9.291667,-0.006239,0.045375,-0.000336,,,
1116,9.3,-0.006266,0.045445,-0.000313,,,
1117,9.308333,-0.006284,0.045514,-0.000294,,,
1118,9.316667,-0.006321,0.045548,-0.000287,,,
1119,9.325,-0.006339,0.045586,-0.000262,,,
1120,9.333333,-0.006382,0.045582,-0.000226,,,
1121,9.341667,-0.006424,0.045548,-0.000184,,,
1122,9.35,-0.006448,0.045532,-0.000139,,,
1123,9.358333,-0.006443,0.045533,-0.000081,,,
1124,9.366667,-0.006477,0.045473,-0.000031,,,
1125,9.375,-0.006496,0.045419,-0.000002,,,
1126,9.383333,-0.006519,0.045346,0.000011,,,
1127,9.391667,-0.00654,0.045275,0.000022,,,
1128,9.4,-0.006552,0.045222,0.000038,,,
1129,9.408333,-0.006586,0.045171,0.000042,,,
1130,9.416667,-0.00659,0.045191,0.00003,,,
1131,9.425,-0.006593,0.045244,0.000014,,,
1132,9.433333,-0.006608,0.045306,0.000008,,,
1133,9.441667,-0.006617,0.045404,0.000003,,,
1134,9.45,-0.006661,0.045441,-0.000008,,,
1135,9.458333,-0.006697,0.045521,-0.000016,,,
1136,9.466667,-0.006705,0.045594,-0.000019,,,
1137,9.475,-0.006727,0.045632,-0.000012,,,
1138,9.483333,-0.006739,0.045658,0.000004,,,
1139,9.491667,-0.006769,0.045637,0.000035,,,
1140,9.5,-0.006783,0.045625,0.000058,,,
1141,9.508333,-0.006805,0.045557,0.000079,,,
1142,9.516667,-0.006792,0.045536,0.000088,,,
1143,9.525,-0.006802,0.045471,0.000103,,,
1144,9.533333,-0.006798,0.045399,0.000136,,,
1145,9.541667,-0.006793,0.045345,0.000163,,,
1146,9.55,-0.006771,0.045304,0.000176,,,
1147,9.558333,-0.006757,0.045277,0.000174,,,
1148,9.566667,-0.006754,0.045267,0.000173,,,
1149,9.575,-0.006749,0.045248,0.000185,,,
1150,9.583333,-0.006784,0.045173,0.000209,,,
1151,9.591667,-0.006764,0.045194,0.000241,,,
1152,9.6,-0.006764,0.04518,0.000261,,,
1153,9.608333,-0.006751,0.045173,0.000281,,,
1154,9.616667,-0.006754,0.045146,0.000299,,,
1155,9.625,-0.006753,0.045105,0.000323,,,
1156,9.633333,-0.006758,0.045063,0.000345,,,
1157,9.641667,-0.006753,0.04505,0.000359,,,
1158,9.65,-0.006762,0.045004,0.000375,,,
1159,9.658333,-0.006752,0.045007,0.000403,,,
1160,9.666667,-0.006771,0.044973,0.000435,,,
1161,9.675,-0.006795,0.044936,0.000463,,,
1162,9.683333,-0.006796,0.044933,0.000478,,,
1163,9.691667,-0.006798,0.044924,0.000496,,,
1164,9.7,-0.006797,0.044911,0.000514,,,
1165,9.708333,-0.006807,0.044874,0.000531,,,
1166,9.716667,-0.006808,0.044828,0.000549,,,
1167,9.725,-0.0068,0.044798,0.00056,,,
1168,9.733333,-0.006793,0.044768,0.000568,,,
1169,9.741667,-0.006788,0.044736,0.00059,,,
1170,9.75,-0.006803,0.044674,0.000623,,,
1171,9.758333,-0.006789,0.044647,0.000658,,,
1172,9.766667,-0.006801,0.044593,0.000685,,,
1173,9.775,-0.006803,0.044543,0.000721,,,
1174,9.783333,-0.006815,0.044474,0.000763,,,
1175,9.791667,-0.006814,0.044428,0.000803,,,
1176,9.8,-0.006873,0.044286,0.000853,,,
1177,9.808333,-0.006857,0.044282,0.000887,,,
1178,9.816667,-0.006847,0.044279,0.000914,,,
1179,9.825,-0.006842,0.04428,0.000936,,,
1180,9.833333,-0.006839,0.044273,0.000956,,,
1181,9.841667,-0.006846,0.044251,0.000969,,,
1182,9.85,-0.006845,0.044244,0.00097,,,
1183,9.858333,-0.006842,0.044232,0.000968,,,
1184,9.866667,-0.006835,0.044224,0.000965,,,
1185,9.875,-0.006835,0.044208,0.000961,,,
1186,9.883333,-0.006829,0.044205,0.000956,,,
1187,9.891667,-0.006836,0.044195,0.000954,,,
1188,9.9,-0.006829,0.044207,0.000962,,,
1189,9.908333,-0.006829,0.044214,0.000971,,,
1190,9.916667,-0.006835,0.044219,0.000979,,,
1191,9.925,-0.006831,0.044222,0.00099,,,
1192,9.933333,-0.006828,0.044223,0.000998,,,
1193,9.941667,-0.006824,0.044213,0.001007,,,
1194,9.95,-0.006809,0.04422,0.001022,,,
1195,9.958333,-0.006807,0.044196,0.001038,,,
1196,9.966667,-0.006799,0.044178,0.001051,,,
1197,9.975,-0.006792,0.044181,0.001056,,,
1198,9.983333,-0.006778,0.044176,0.001064,,,
1199,9.991667,-0.006773,0.044155,0.001085,,,
1200,10,-0.00678,0.044129,0.001112,,,
1201,10.008333,-0.0068,0.044086,0.001143,,,
1202,10.016667,-0.006809,0.04409,0.001154,,,
1203,10.025,-0.006802,0.044134,0.001169,,,
1204,10.033333,-0.00683,0.044157,0.001184,,,
1205,10.041667,-0.006845,0.044168,0.001198,,,
1206,10.05,-0.006828,0.044245,0.001224,,,
1207,10.058333,-0.006835,0.044263,0.001222,,,
1208,10.066667,-0.006828,0.044297,0.001214,,,
1209,10.075,-0.006831,0.044288,0.001216,,,
1210,10.083333,-0.006831,0.044293,0.001215,,,
1211,10.091667,-0.006861,0.044261,0.001195,,,
1212,10.1,-0.006858,0.044275,0.00118,,,
1213,10.108333,-0.006852,0.044302,0.00116,,,
1214,10.116667,-0.006839,0.044367,0.001129,,,
1215,10.125,-0.006852,0.044397,0.001098,,,
1216,10.133333,-0.006852,0.044441,0.001074,,,
1217,10.141667,-0.006857,0.044474,0.001054,,,
1218,10.15,-0.00685,0.044516,0.001039,,,
1219,10.158333,-0.006871,0.044524,0.001028,,,
1220,10.166667,-0.00687,0.044567,0.001028,,,
1221,10.175,-0.006879,0.044579,0.00103,,,
1222,10.183333,-0.006885,0.044609,0.001039,,,
1223,10.191667,-0.006886,0.044638,0.001045,,,
1224,10.2,-0.006885,0.044662,0.001065,,,
1225,10.208333,-0.006892,0.044647,0.001083,,,
1226,10.216667,-0.006884,0.044649,0.001091,,,
1227,10.225,-0.006889,0.044635,0.001102,,,
1228,10.233333,-0.006892,0.044611,0.001117,,,
1229,10.241667,-0.006892,0.044601,0.001134,,,
1230,10.25,-0.006866,0.044649,0.001164,,,
1231,10.258333,-0.006886,0.044628,0.001191,,,
1232,10.266667,-0.006894,0.044634,0.001204,,,
1233,10.275,-0.006888,0.044647,0.001213,,,
1234,10.283333,-0.006883,0.044667,0.001219,,,
1235,10.291667,-0.006892,0.044675,0.001227,,,
1236,10.3,-0.00688,0.044688,0.001232,,,
1237,10.308333,-0.006888,0.044681,0.001234,,,
1238,10.316667,-0.006899,0.044665,0.001225,,,
1239,10.325,-0.006893,0.044662,0.00122,,,
1240,10.333333,-0.006894,0.044652,0.001209,,,
1241,10.341667,-0.00688,0.044682,0.001192,,,
1242,10.35,-0.006884,0.0447,0.001172,,,
1243,10.358333,-0.006884,0.044724,0.001146,,,
1244,10.366667,-0.006907,0.044701,0.001122,,,
1245,10.375,-0.006917,0.044725,0.001112,,,
1246,10.383333,-0.006926,0.044749,0.001108,,,
1247,10.391667,-0.006929,0.044782,0.001105,,,
1248,10.4,-0.00693,0.044837,0.001108,,,
1249,10.408333,-0.006923,0.044906,0.001124,,,
1250,10.416667,-0.006921,0.044963,0.001133,,,
1251,10.425,-0.006956,0.044974,0.001133,,,
1252,10.433333,-0.006967,0.045022,0.001132,,,
1253,10.441667,-0.006981,0.045083,0.001135,,,
1254,10.45,-0.006972,0.045158,0.001151,,,
1255,10.458333,-0.006978,0.045178,0.001164,,,
1256,10.466667,-0.00698,0.045201,0.001173,,,
1257,10.475,-0.006979,0.045199,0.001182,,,
1258,10.483333,-0.006976,0.045185,0.001186,,,
1259,10.491667,-0.006973,0.045177,0.00119,,,
1260,10.5,-0.006969,0.045162,0.001186,,,
1261,10.508333,-0.006959,0.045157,0.001175,,,
1262,10.516667,-0.006974,0.045139,0.001163,,,
1263,10.525,-0.006978,0.045096,0.001145,,,
1264,10.533333,-0.006971,0.045082,0.001143,,,
1265,10.541667,-0.006959,0.0451,0.00116,,,
1266,10.55,-0.00697,0.045066,0.001156,,,
1267,10.558333,-0.006965,0.045059,0.001145,,,
1268,10.566667,-0.006966,0.04507,0.001132,,,
1269,10.575,-0.006973,0.045061,0.001123,,,
1270,10.583333,-0.006972,0.045069,0.001117,,,
1271,10.591667,-0.006959,0.045096,0.00111,,,
1272,10.6,-0.006965,0.045072,0.001115,,,
1273,10.608333,-0.006959,0.045065,0.001118,,,
1274,10.616667,-0.006915,0.045071,0.001117,,,
1275,10.625,-0.006916,0.045048,0.001125,,,
1276,10.633333,-0.006922,0.045034,0.001134,,,
1277,10.641667,-0.006914,0.045033,0.001138,,,
1278,10.65,-0.006915,0.045042,0.001157,,,
1279,10.658333,-0.006911,0.04504,0.001171,,,
1280,10.666667,-0.006911,0.045055,0.001188,,,
1281,10.675,-0.006914,0.045045,0.001199,,,
1282,10.683333,-0.006904,0.045047,0.001204,,,
1283,10.691667,-0.006906,0.045044,0.001215,,,
1284,10.7,-0.006887,0.045084,0.001248,,,
1285,10.708333,-0.006882,0.045097,0.001278,,,
1286,10.716667,-0.006911,0.045063,0.001305,,,
1287,10.725,-0.006909,0.04508,0.001314,,,
1288,10.733333,-0.006908,0.045096,0.001323,,,
1289,10.741667,-0.006898,0.045117,0.001345,,,
1290,10.75,-0.006906,0.045121,0.001374,,,
1291,10.758333,-0.006908,0.045116,0.001394,,,
1292,10.766667,-0.006926,0.045069,0.001416,,,
1293,10.775,-0.00693,0.045038,0.001421,,,
1294,10.783333,-0.006922,0.045029,0.001418,,,
1295,10.791667,-0.006908,0.045061,0.001402,,,
1296,10.8,-0.006922,0.04506,0.001391,,,
1297,10.808333,-0.006922,0.045079,0.001383,,,
1298,10.816667,-0.006922,0.045121,0.001369,,,
1299,10.825,-0.006919,0.045136,0.001346,,,
1300,10.833333,-0.006945,0.045131,0.001319,,,
1301,10.841667,-0.006957,0.045119,0.001295,,,
1302,10.85,-0.006925,0.045151,0.001269,,,
1303,10.858333,-0.006926,0.045148,0.001249,,,
1304,10.866667,-0.006939,0.045125,0.00123,,,
1305,10.875,-0.006923,0.045138,0.001217,,,
1306,10.883333,-0.006936,0.04514,0.001199,,,
1307,10.891667,-0.006938,0.045147,0.001185,,,
1308,10.9,-0.006947,0.045177,0.001166,,,
1309,10.908333,-0.006939,0.045208,0.001157,,,
1310,10.916667,-0.00695,0.045207,0.001157,,,
1311,10.925,-0.006945,0.045238,0.001156,,,
1312,10.933333,-0.006933,0.045285,0.001149,,,
1313,10.941667,-0.006924,0.04532,0.001145,,,
1314,10.95,-0.006939,0.045331,0.001143,,,
1315,10.958333,-0.006943,0.045364,0.001136,,,
1316,10.966667,-0.006945,0.045404,0.00114,,,
1317,10.975,-0.00695,0.045411,0.001143,,,
1318,10.983333,-0.006955,0.045418,0.001144,,,
1319,10.991667,-0.006967,0.045422,0.00114,,,
1320,11,-0.006966,0.045401,0.001135,,,
1321,11.008333,-0.006971,0.045385,0.00113,,,
1322,11.016667,-0.006971,0.045361,0.001129,,,
1323,11.025,-0.00697,0.045341,0.001132,,,
1324,11.033333,-0.00697,0.045316,0.001132,,,
1325,11.041667,-0.006981,0.04528,0.001129,,,
1326,11.05,-0.006976,0.045265,0.001124,,,
1327,11.058333,-0.006979,0.045247,0.001115,,,
1328,11.066667,-0.006987,0.045247,0.001109,,,
1329,11.075,-0.006996,0.04524,0.001099,,,
1330,11.083333,-0.006995,0.045248,0.001091,,,
1331,11.091667,-0.006992,0.045262,0.001075,,,
1332,11.1,-0.006991,0.045263,0.00106,,,
1333,11.108333,-0.007044,0.045176,0.001023,,,
1334,11.116667,-0.007045,0.045167,0.00101,,,
1335,11.125,-0.007041,0.045153,0.001003,,,
1336,11.133333,-0.007023,0.045141,0.000996,,,
1337,11.141667,-0.007022,0.045107,0.000991,,,
1338,11.15,-0.007024,0.045081,0.000981,,,
1339,11.158333,-0.006992,0.045138,0.00096,,,
1340,11.166667,-0.006991,0.045153,0.000957,,,
1341,11.175,-0.006995,0.045165,0.000965,,,
1342,11.183333,-0.006998,0.045159,0.000973,,,
1343,11.191667,-0.007028,0.045101,0.00098,,,
1344,11.2,-0.006997,0.045122,0.000964,,,
1345,11.208333,-0.007008,0.045061,0.000979,,,
1346,11.216667,-0.007003,0.045053,0.000977,,,
1347,11.225,-0.006954,0.045099,0.000966,,,
1348,11.233333,-0.006991,0.045039,0.000974,,,
1349,11.241667,-0.00696,0.04508,0.000965,,,
1350,11.25,-0.006958,0.045075,0.000966,,,
1351,11.258333,-0.00699,0.045016,0.000968,,,
1352,11.266667,-0.00697,0.045027,0.000946,,,
1353,11.275,-0.006979,0.045028,0.000931,,,
1354,11.283333,-0.006961,0.045036,0.000917,,,
1355,11.291667,-0.006971,0.045054,0.00091,,,
1356,11.3,-0.006968,0.045068,0.000909,,,
1357,11.308333,-0.006956,0.045084,0.000901,,,
1358,11.316667,-0.006964,0.045058,0.000895,,,
1359,11.325,-0.00695,0.045031,0.000888,,,
1360,11.333333,-0.006929,0.045028,0.000879,,,
1361,11.341667,-0.006926,0.044997,0.00087,,,
1362,11.35,-0.00692,0.044973,0.000866,,,
1363,11.358333,-0.006912,0.044934,0.000862,,,
1364,11.366667,-0.006902,0.044919,0.000862,,,
1365,11.375,-0.006898,0.044886,0.000862,,,
1366,11.383333,-0.006881,0.044867,0.000876,,,
1367,11.391667,-0.00686,0.044872,0.000871,,,
1368,11.4,-0.00688,0.04485,0.000874,,,
1369,11.408333,-0.006879,0.044874,0.000877,,,
1370,11.416667,-0.006877,0.044898,0.000885,,,
1371,11.425,-0.006877,0.044914,0.000889,,,
1372,11.433333,-0.006877,0.044939,0.000883,,,
1373,11.441667,-0.006867,0.04495,0.000884,,,
1374,11.45,-0.006859,0.044963,0.000889,,,
1375,11.458333,-0.006846,0.044972,0.000895,,,
1376,11.466667,-0.006846,0.044949,0.000905,,,
1377,11.475,-0.006839,0.044939,0.00091,,,
1378,11.483333,-0.006834,0.044925,0.000912,,,
1379,11.491667,-0.006831,0.044924,0.00091,,,
1380,11.5,-0.006816,0.044947,0.000907,,,
1381,11.508333,-0.006826,0.044953,0.000914,,,
1382,11.516667,-0.006829,0.044971,0.000919,,,
1383,11.525,-0.006838,0.044982,0.000916,,,
1384,11.533333,-0.006843,0.044996,0.0009,,,
1385,11.541667,-0.006844,0.044999,0.000879,,,
1386,11.55,-0.006855,0.044996,0.000852,,,
1387,11.558333,-0.006837,0.045015,0.000833,,,
1388,11.566667,-0.006825,0.045025,0.000816,,,
1389,11.575,-0.006838,0.044987,0.000794,,,
1390,11.583333,-0.006825,0.044997,0.000761,,,
1391,11.591667,-0.006831,0.044996,0.000733,,,
1392,11.6,-0.006834,0.044988,0.000719,,,
1393,11.608333,-0.006835,0.044986,0.000711,,,
1394,11.616667,-0.006834,0.044979,0.000702,,,
1395,11.625,-0.006834,0.044977,0.000692,,,
1396,11.633333,-0.006835,0.044966,0.000689,,,
1397,11.641667,-0.006832,0.044964,0.000689,,,
1398,11.65,-0.006819,0.044967,0.000698,,,
1399,11.658333,-0.006806,0.044978,0.000712,,,
1400,11.666667,-0.006798,0.044989,0.000724,,,
1401,11.675,-0.006794,0.044981,0.000734,,,
1402,11.683333,-0.006777,0.045012,0.000757,,,
1403,11.691667,-0.006754,0.045045,0.00079,,,
1404,11.7,-0.006727,0.045083,0.000824,,,
1405,11.708333,-0.00674,0.045074,0.00085,,,
1406,11.716667,-0.006746,0.045079,0.000871,,,
1407,11.725,-0.006764,0.045051,0.000895,,,
1408,11.733333,-0.006786,0.045044,0.000922,,,
1409,11.741667,-0.006796,0.045048,0.000936,,,
1410,11.75,-0.006802,0.045033,0.000943,,,
1411,11.758333,-0.006806,0.045012,0.000937,,,
1412,11.766667,-0.006809,0.044997,0.000927,,,
1413,11.775,-0.006814,0.044981,0.000914,,,
1414,11.783333,-0.006827,0.044957,0.000909,,,
1415,11.791667,-0.006824,0.044958,0.000898,,,
1416,11.8,-0.006802,0.04496,0.000879,,,
1417,11.808333,-0.006796,0.044952,0.000854,,,
1418,11.816667,-0.006793,0.044939,0.000826,,,
1419,11.825,-0.006785,0.044944,0.000805,,,
1420,11.833333,-0.006829,0.044874,0.000778,,,
1421,11.841667,-0.006816,0.044904,0.000762,,,
1422,11.85,-0.006824,0.044892,0.000745,,,
1423,11.858333,-0.006823,0.044907,0.00073,,,
1424,11.866667,-0.006825,0.044916,0.000715,,,
1425,11.875,-0.006826,0.044919,0.000705,,,
1426,11.883333,-0.006829,0.044918,0.000704,,,
1427,11.891667,-0.006835,0.044911,0.000707,,,
1428,11.9,-0.006836,0.044905,0.000705,,,
1429,11.908333,-0.006837,0.044899,0.000695,,,
1430,11.916667,-0.006831,0.044902,0.000687,,,
1431,11.925,-0.006824,0.044909,0.000693,,,
1432,11.933333,-0.006824,0.044904,0.00071,,,
1433,11.941667,-0.006825,0.044894,0.000725,,,
1434,11.95,-0.006821,0.044891,0.000729,,,
