Format Version,1.23,Take Name,Take 2024-01-30 11.18.01 AM,Take Notes,,Capture Frame Rate,120.000000,Export Frame Rate,120.000000,Capture Start Time,2024-01-30 11.18.01.482 AM,Capture Start Frame,39328,Total Frames in Take,961,Total Exported Frames,961,Rotation Type,Quaternion,Length Units,Meters,Coordinate Space,Global

,Type,Marker,Marker,Marker,Marker,Marker,Marker,Marker,Marker,Marker
,Name,Unlabeled 1000,Unlabeled 1000,Unlabeled 1000,Unlabeled 1001,Unlabeled 1001,Unlabeled 1001,Unlabeled 1002,Unlabeled 1002,Unlabeled 1002
,ID,"C4D00","C4D00","C4D00","C4F40","C4F40","C4F40","C4F60","C4F60","C4F60"
,,Position,Position,Position,Position,Position,Position,Position,Position,Position
Frame,Time (Seconds),X,Y,Z,X,Y,Z,X,Y,Z
0,0.000000,0.050527,0.259297,0.293106,0.030996,0.036395,0.149975,-0.010726,0.325720,-0.081303
1,0.008333,0.050565,0.259360,0.293031,0.030991,0.036408,0.149970,-0.010636,0.325642,-0.081395
2,0.016667,0.050395,0.259412,0.293007,0.030998,0.036424,0.149956,-0.010703,0.325591,-0.081492
3,0.025000,0.050350,0.259451,0.292983,0.030954,0.036417,0.149953,-0.010788,0.325502,-0.081598
4,0.033333,0.050335,0.259459,0.292943,0.030954,0.036419,0.149947,-0.010966,0.325415,-0.081749
5,0.041667,0.050229,0.259459,0.292934,0.030938,0.036408,0.149943,-0.011146,0.325269,-0.081910
6,0.050000,0.050211,0.259472,0.292890,0.030960,0.036412,0.149933,-0.011295,0.325105,-0.082150
7,0.058333,0.050148,0.259499,0.292871,0.030926,0.036396,0.149922,-0.011245,0.324962,-0.082399
8,0.066667,0.050084,0.259529,0.292841,0.031067,0.036464,0.149897,-0.011300,0.324856,-0.082601
9,0.075000,0.050097,0.259594,0.292785,0.031033,0.036483,0.149895,-0.010910,0.324637,-0.082717
10,0.083333,0.049939,0.259655,0.292769,0.031013,0.036480,0.149885,-0.011057,0.324527,-0.082935
11,0.091667,0.049884,0.259675,0.292747,0.030975,0.036462,0.149872,-0.011214,0.324415,-0.083154
12,0.100000,0.049830,0.259698,0.292732,0.031023,0.036458,0.149861,-0.011554,0.324278,-0.083443
13,0.108333,0.049820,0.259708,0.292702,0.030962,0.036439,0.149857,-0.011549,0.324154,-0.083580
14,0.116667,0.049736,0.259735,0.292697,0.030949,0.036443,0.149844,-0.011235,0.323969,-0.083813
15,0.125000,0.049705,0.259769,0.292671,0.030981,0.036462,0.149828,-0.011243,0.323803,-0.084006
16,0.133333,0.049656,0.259785,0.292644,0.030965,0.036466,0.149814,-0.011106,0.323617,-0.084157
17,0.141667,0.049869,0.259807,0.292517,0.030992,0.036468,0.149795,-0.011164,0.323456,-0.084329
18,0.150000,0.049910,0.259820,0.292450,0.030939,0.036434,0.149767,-0.011429,0.323248,-0.084583
19,0.158333,0.049896,0.259829,0.292407,0.030907,0.036420,0.149743,-0.011471,0.323134,-0.084730
20,0.166667,0.049916,0.259849,0.292368,0.031197,0.036509,0.149684,-0.011866,0.323041,-0.085010
21,0.175000,0.049945,0.259877,0.292324,0.031061,0.036497,0.149662,-0.011869,0.323005,-0.085160
22,0.183333,0.049937,0.259909,0.292294,0.030897,0.036494,0.149653,-0.011802,0.322949,-0.085339
23,0.191667,0.049933,0.259929,0.292260,0.030923,0.036514,0.149631,-0.011671,0.322860,-0.085452
24,0.200000,0.049901,0.259925,0.292238,0.031138,0.036558,0.149569,-0.011514,0.322740,-0.085505
25,0.208333,0.049871,0.259906,0.292234,0.031208,0.036555,0.149552,-0.011472,0.322591,-0.085610
26,0.216667,0.049841,0.259888,0.292246,0.031217,0.036535,0.149538,-0.011671,0.322462,-0.085719
27,0.225000,0.049831,0.259873,0.292261,0.031177,0.036539,0.149538,-0.011685,0.322356,-0.085734
28,0.233333,0.049815,0.259881,0.292279,0.031159,0.036553,0.149531,-0.011759,0.322346,-0.085831
29,0.241667,0.049792,0.259902,0.292288,0.031083,0.036572,0.149536,-0.011792,0.322328,-0.085880
30,0.250000,0.049821,0.259924,0.292276,0.031085,0.036586,0.149534,-0.012297,0.322282,-0.086072
31,0.258333,0.049792,0.259937,0.292274,0.031050,0.036580,0.149538,-0.012333,0.322170,-0.086146
32,0.266667,0.049731,0.259938,0.292278,0.031044,0.036568,0.149549,-0.012713,0.322073,-0.086308
33,0.275000,0.049710,0.259928,0.292286,0.030919,0.036533,0.149577,-0.012918,0.322019,-0.086416
34,0.283333,0.049690,0.259926,0.292297,0.031047,0.036552,0.149559,-0.012901,0.321884,-0.086462
35,0.291667,0.049666,0.259934,0.292314,0.030892,0.036527,0.149585,-0.013141,0.321858,-0.086576
36,0.300000,0.049682,0.259944,0.292332,0.030873,0.036530,0.149588,-0.013198,0.321827,-0.086628
37,0.308333,0.049724,0.259956,0.292331,0.030876,0.036542,0.149607,-0.013107,0.321757,-0.086667
38,0.316667,0.049709,0.259953,0.292352,0.030804,0.036520,0.149606,-0.013270,0.321696,-0.086781
39,0.325000,0.049611,0.259942,0.292398,0.030846,0.036521,0.149611,-0.013309,0.321573,-0.086897
40,0.333333,0.049629,0.259917,0.292410,0.030745,0.036475,0.149617,-0.013318,0.321502,-0.086994
41,0.341667,0.049516,0.259906,0.292469,0.030844,0.036501,0.149601,-0.013040,0.321350,-0.087125
42,0.350000,0.049524,0.259908,0.292481,0.030821,0.036498,0.149602,-0.013063,0.321236,-0.087418
43,0.358333,0.049505,0.259910,0.292509,0.030799,0.036506,0.149599,-0.012646,0.321037,-0.087582
44,0.366667,0.049243,0.259925,0.292633,0.030799,0.036503,0.149601,-0.012941,0.320786,-0.087938
45,0.375000,0.049338,0.259883,0.292632,0.030830,0.036497,0.149594,-0.012898,0.320441,-0.088231
46,0.383333,0.049242,0.259841,0.292704,0.030944,0.036490,0.149580,-0.012503,0.320139,-0.088602
47,0.391667,0.049198,0.259828,0.292779,0.030949,0.036469,0.149579,-0.012638,0.319758,-0.089124
48,0.400000,0.049270,0.259825,0.292810,0.031020,0.036462,0.149572,-0.012547,0.319243,-0.089569
49,0.408333,0.049266,0.259835,0.292859,0.031018,0.036431,0.149544,-0.012494,0.318709,-0.090351
50,0.416667,0.049217,0.259860,0.292925,0.030984,0.036406,0.149537,-0.012947,0.318131,-0.091211
51,0.425000,0.049337,0.259878,0.292936,0.030966,0.036367,0.149530,-0.012777,0.317313,-0.092110
52,0.433333,0.049366,0.259870,0.292969,0.030952,0.036326,0.149513,-0.012405,0.316379,-0.093160
53,0.441667,0.049375,0.259845,0.293023,0.030985,0.036276,0.149459,-0.012103,0.315319,-0.094365
54,0.450000,0.049488,0.259806,0.293061,0.030888,0.036155,0.149417,-0.012636,0.314091,-0.096030
55,0.458333,0.049689,0.259766,0.293097,0.030887,0.036088,0.149386,-0.012876,0.312668,-0.097718
56,0.466667,0.049748,0.259727,0.293148,0.030891,0.036027,0.149323,-0.013178,0.311107,-0.099685
57,0.475000,0.049839,0.259701,0.293198,0.030906,0.035983,0.149258,-0.012969,0.309295,-0.101833
58,0.483333,0.049917,0.259677,0.293288,0.030709,0.035902,0.149185,-0.012883,0.307184,-0.104204
59,0.491667,0.049772,0.259688,0.293420,0.030612,0.035831,0.149075,-0.013171,0.304945,-0.106863
60,0.500000,0.049819,0.259642,0.293509,0.030458,0.035661,0.148957,-0.013275,0.302424,-0.109688
61,0.508333,0.049802,0.259582,0.293589,0.030353,0.035482,0.148788,-0.013228,0.299552,-0.112792
62,0.516667,0.049869,0.259525,0.293643,0.030324,0.035396,0.148629,-0.013651,0.296426,-0.116155
63,0.525000,0.049691,0.259515,0.293773,0.030575,0.035437,0.148431,-0.013525,0.293050,-0.119720
64,0.533333,0.049589,0.259524,0.293882,0.030868,0.035498,0.148208,-0.014538,0.289319,-0.123843
65,0.541667,0.049660,0.259487,0.293930,0.030758,0.035359,0.147997,-0.014570,0.285168,-0.128006
66,0.550000,0.049728,0.259400,0.294002,0.030401,0.035116,0.147747,-0.014687,0.280561,-0.132439
67,0.558333,0.049740,0.259273,0.294076,0.030314,0.034873,0.147512,-0.014646,0.275669,-0.137210
68,0.566667,0.049709,0.259097,0.294204,0.030386,0.034689,0.147262,-0.015304,0.270183,-0.142361
69,0.575000,0.049734,0.258936,0.294298,0.030704,0.034532,0.146960,-0.015416,0.264361,-0.147601
70,0.583333,0.049980,0.258806,0.294302,0.030654,0.034292,0.146714,-0.015872,0.258185,-0.153071
71,0.591667,0.050134,0.258675,0.294352,0.030176,0.033804,0.146386,-0.016435,0.251725,-0.158663
72,0.600000,0.050299,0.258467,0.294308,0.030591,0.033622,0.146103,-0.016053,0.245211,-0.163785
73,0.608333,0.050144,0.258227,0.294286,0.031091,0.033421,0.145816,-0.016410,0.238937,-0.168675
74,0.616667,0.050097,0.258033,0.294224,0.030894,0.033070,0.145677,-0.016743,0.233580,-0.172726
75,0.625000,0.050542,0.257887,0.294016,0.030697,0.032980,0.145550,-0.017695,0.229819,-0.175720
76,0.633333,0.051079,0.257849,0.293791,0.030270,0.032957,0.145391,-0.017923,0.228405,-0.176697
77,0.641667,0.051811,0.257975,0.293486,0.030207,0.033137,0.145403,-0.018625,0.229973,-0.175909
78,0.650000,0.052428,0.258221,0.293176,0.030306,0.033599,0.145673,-0.018643,0.234762,-0.172735
79,0.658333,0.052572,0.258685,0.292934,0.030049,0.034033,0.145977,-0.018421,0.242542,-0.167471
80,0.666667,0.052270,0.259088,0.292662,0.029696,0.034558,0.146349,-0.017829,0.252699,-0.159946
81,0.675000,0.051578,0.259552,0.292284,0.029643,0.035311,0.146693,-0.017581,0.264667,-0.150593
82,0.683333,0.050882,0.259929,0.291867,0.029512,0.035899,0.147095,-0.017267,0.277686,-0.139346
83,0.691667,0.049277,0.260266,0.291620,0.029049,0.036242,0.147398,-0.016973,0.291507,-0.126535
84,0.700000,0.048618,0.260595,0.291059,0.029247,0.036917,0.147595,-0.016670,0.305425,-0.112187
85,0.708333,0.047771,0.260751,0.290660,0.029388,0.037472,0.147789,-0.016333,0.319430,-0.096567
86,0.716667,0.047337,0.260751,0.290221,0.029554,0.037946,0.148040,-0.016091,0.332759,-0.079834
87,0.725000,0.047293,0.260440,0.289785,0.029561,0.038152,0.148228,-0.015179,0.345008,-0.061888
88,0.733333,0.047347,0.259870,0.289484,0.029466,0.038073,0.148470,-0.014573,0.356062,-0.043364
89,0.741667,0.047498,0.259231,0.289061,0.030040,0.037889,0.148767,-0.013387,0.365621,-0.024451
90,0.750000,0.047442,0.258537,0.288824,0.030706,0.037598,0.149125,-0.013393,0.373588,-0.005844
91,0.758333,0.047789,0.258093,0.288599,0.031017,0.036986,0.149715,-0.012508,0.379918,0.012377
92,0.766667,0.048028,0.257853,0.288602,0.031914,0.036613,0.150509,-0.011975,0.384973,0.029277
93,0.775000,0.048367,0.257897,0.288734,0.032602,0.036070,0.151587,-0.011532,0.388615,0.044259
94,0.783333,0.048657,0.258271,0.289144,0.033239,0.035631,0.152816,-0.011214,0.391196,0.056932
95,0.791667,0.048330,0.258818,0.289801,0.033497,0.035068,0.154457,-0.010598,0.392841,0.066822
96,0.800000,0.048583,0.259395,0.290486,0.033983,0.034731,0.156217,-0.010733,0.393680,0.073822
97,0.808333,0.048862,0.259872,0.291275,0.034392,0.034534,0.158008,-0.010541,0.394036,0.078047
98,0.816667,0.048552,0.260389,0.292291,0.034147,0.034438,0.159626,-0.010057,0.394077,0.079802
99,0.825000,0.048826,0.260899,0.293326,0.034180,0.034631,0.161024,-0.010414,0.394049,0.079421
100,0.833333,0.048947,0.261336,0.294378,0.034276,0.035019,0.162195,-0.010447,0.393715,0.077069
101,0.841667,0.049185,0.261756,0.295440,0.034247,0.035362,0.163055,-0.010768,0.393019,0.072934
102,0.850000,0.049754,0.262126,0.296338,0.034474,0.035698,0.163618,-0.010927,0.391806,0.067446
103,0.858333,0.049908,0.262355,0.297175,0.034493,0.035760,0.164055,-0.011649,0.390195,0.060803
104,0.866667,0.049879,0.262510,0.297782,0.034645,0.035748,0.164172,-0.012306,0.388231,0.053338
105,0.875000,0.049861,0.262612,0.298187,0.034689,0.035667,0.164145,-0.013386,0.386054,0.045112
106,0.883333,0.049738,0.262713,0.298365,0.034999,0.035670,0.163857,-0.013822,0.383358,0.036461
107,0.891667,0.049830,0.262774,0.298387,0.034739,0.035557,0.163420,-0.014540,0.380619,0.027097
108,0.900000,0.049696,0.262777,0.298393,0.034977,0.035678,0.162814,-0.014159,0.377224,0.017377
109,0.908333,0.049495,0.262701,0.298387,0.034563,0.035560,0.162062,-0.014638,0.373394,0.007106
110,0.916667,0.049542,0.262506,0.298283,0.035041,0.035706,0.161201,-0.014770,0.369197,-0.003511
111,0.925000,0.049289,0.262160,0.298283,0.034636,0.035603,0.160293,-0.015399,0.364365,-0.014503
112,0.933333,0.049095,0.261724,0.298335,0.034085,0.035462,0.159361,-0.016303,0.358993,-0.025886
113,0.941667,0.049257,0.261391,0.298280,0.033902,0.035556,0.158321,-0.016413,0.353114,-0.037543
114,0.950000,0.049292,0.261064,0.298190,0.033617,0.035635,0.157219,-0.016498,0.346536,-0.049564
115,0.958333,0.049499,0.260696,0.297994,0.033344,0.035719,0.156048,-0.016804,0.339354,-0.062059
116,0.966667,0.049632,0.260413,0.297786,0.032628,0.035634,0.154922,-0.016980,0.331357,-0.074815
117,0.975000,0.049630,0.260053,0.297507,0.032433,0.035522,0.153721,-0.016729,0.322504,-0.087558
118,0.983333,0.049073,0.259609,0.297311,0.031968,0.035174,0.152483,-0.017086,0.312889,-0.100516
119,0.991667,0.049196,0.259210,0.296835,0.031557,0.034789,0.151292,-0.017320,0.302422,-0.113408
120,1.000000,0.049020,0.258898,0.296440,0.031185,0.034403,0.150101,-0.017213,0.291150,-0.125949
121,1.008333,0.048470,0.258658,0.296047,0.031012,0.034070,0.148898,-0.016965,0.279319,-0.138113
122,1.016667,0.048317,0.258498,0.295503,0.030718,0.033653,0.147745,-0.016562,0.267030,-0.149710
123,1.025000,0.047920,0.258312,0.294961,0.030647,0.033167,0.146567,-0.016349,0.254321,-0.160788
124,1.033333,0.047690,0.258085,0.294373,0.030511,0.032432,0.145369,-0.015617,0.241371,-0.170946
125,1.041667,0.047550,0.257838,0.293707,0.030431,0.031726,0.144201,-0.016251,0.228216,-0.180866
126,1.050000,0.046947,0.257589,0.293287,0.030719,0.031026,0.143215,-0.016139,0.215268,-0.189609
127,1.058333,0.047224,0.257433,0.292654,0.031081,0.030271,0.142298,-0.016520,0.202902,-0.197276
128,1.066667,0.047254,0.257209,0.292213,0.030323,0.029354,0.141650,-0.017204,0.191737,-0.203826
129,1.075000,0.047470,0.257006,0.291631,0.030962,0.029222,0.141210,-0.017763,0.182306,-0.208945
130,1.083333,0.047741,0.256919,0.291067,0.030902,0.029112,0.140915,-0.018805,0.175158,-0.212799
131,1.091667,0.048269,0.256983,0.290418,0.030665,0.029304,0.140862,-0.019698,0.171065,-0.214913
132,1.100000,0.048170,0.257332,0.289994,0.030763,0.029640,0.140995,-0.020236,0.170834,-0.214825
133,1.108333,0.048215,0.258038,0.289618,0.030328,0.029992,0.141445,-0.021265,0.174512,-0.212867
134,1.116667,0.048139,0.259086,0.289218,0.030473,0.030918,0.142094,-0.022032,0.182220,-0.208684
135,1.125000,0.047401,0.260448,0.288902,0.029734,0.031853,0.142870,-0.022901,0.193436,-0.202669
136,1.133333,0.046333,0.261810,0.288666,0.029433,0.033165,0.143845,-0.024245,0.207131,-0.194836
137,1.141667,0.044831,0.263009,0.288444,0.029302,0.034567,0.144754,-0.025186,0.222928,-0.185050
138,1.150000,0.043495,0.264044,0.288080,0.028913,0.035770,0.145389,-0.026744,0.240088,-0.173658
139,1.158333,0.042129,0.264770,0.287695,0.028566,0.036878,0.145979,-0.028211,0.258196,-0.160298
140,1.166667,0.040801,0.265186,0.287560,0.028329,0.038019,0.146257,-0.029629,0.276856,-0.145152
141,1.175000,0.039960,0.265262,0.287327,0.027906,0.038926,0.146468,-0.030641,0.295099,-0.128243
142,1.183333,0.040080,0.265049,0.287005,0.027823,0.039677,0.146461,-0.031615,0.312629,-0.109945
143,1.191667,0.040392,0.264342,0.286807,0.027654,0.040210,0.146333,-0.032053,0.328718,-0.090437
144,1.200000,0.041092,0.263425,0.286614,0.027574,0.040459,0.146189,-0.032164,0.343046,-0.070115
145,1.208333,0.041724,0.262387,0.286444,0.027616,0.040534,0.146157,-0.032629,0.355431,-0.049502
146,1.216667,0.042591,0.261444,0.286151,0.027551,0.040300,0.146302,-0.033580,0.365819,-0.029227
147,1.225000,0.043482,0.260816,0.285712,0.028258,0.040052,0.146503,-0.033071,0.373921,-0.009922
148,1.233333,0.043617,0.260604,0.285486,0.028250,0.039382,0.147059,-0.032745,0.379934,0.007859
149,1.241667,0.043316,0.260696,0.285371,0.028589,0.038531,0.147999,-0.032780,0.384382,0.023534
150,1.250000,0.043240,0.261082,0.285285,0.028818,0.037622,0.149319,-0.032241,0.387261,0.036715
151,1.258333,0.042606,0.261518,0.285418,0.028419,0.036560,0.150979,-0.031893,0.389198,0.047357
152,1.266667,0.042665,0.262227,0.285512,0.028819,0.035942,0.152724,-0.031528,0.390534,0.055552
153,1.275000,0.042300,0.262868,0.285985,0.029130,0.035797,0.154580,-0.031144,0.391475,0.061564
154,1.283333,0.041838,0.263700,0.286543,0.028929,0.035764,0.156263,-0.030953,0.392136,0.065617
155,1.291667,0.041669,0.264454,0.287337,0.029010,0.036006,0.157641,-0.030965,0.392357,0.067800
156,1.300000,0.041417,0.265007,0.288234,0.029026,0.036346,0.158872,-0.030658,0.392170,0.068398
157,1.308333,0.041637,0.265323,0.289162,0.029708,0.036776,0.159836,-0.030705,0.391642,0.067590
158,1.316667,0.041827,0.265622,0.290111,0.029788,0.036982,0.160646,-0.030403,0.390847,0.065462
159,1.325000,0.042085,0.265979,0.290965,0.029620,0.037087,0.161297,-0.030657,0.389958,0.061993
160,1.333333,0.041961,0.266269,0.291734,0.029934,0.037269,0.161638,-0.030091,0.388778,0.057507
161,1.341667,0.042234,0.266414,0.292300,0.030621,0.037563,0.161920,-0.030076,0.387427,0.051966
162,1.350000,0.042312,0.266378,0.292846,0.030937,0.037600,0.161958,-0.029917,0.385675,0.045580
163,1.358333,0.042775,0.266119,0.293221,0.030921,0.037438,0.161767,-0.029621,0.383527,0.038498
164,1.366667,0.042681,0.265775,0.293612,0.030448,0.037156,0.161487,-0.029567,0.381127,0.030910
165,1.375000,0.042602,0.265420,0.294034,0.030846,0.037185,0.161119,-0.029701,0.378513,0.022891
166,1.383333,0.042987,0.265022,0.294335,0.031150,0.037224,0.160637,-0.029082,0.375445,0.014426
167,1.391667,0.042953,0.264672,0.294654,0.030450,0.037094,0.160147,-0.028860,0.372138,0.005554
168,1.400000,0.042667,0.264429,0.295021,0.030857,0.037375,0.159576,-0.028595,0.368398,-0.003832
169,1.408333,0.042482,0.264164,0.295312,0.030099,0.037267,0.158962,-0.027761,0.364163,-0.013604
170,1.416667,0.042652,0.263789,0.295476,0.029899,0.037394,0.158326,-0.027477,0.359534,-0.023816
171,1.425000,0.042810,0.263450,0.295649,0.029372,0.037333,0.157611,-0.026830,0.354046,-0.034447
172,1.433333,0.043061,0.263161,0.295718,0.029565,0.037481,0.156842,-0.026606,0.348209,-0.045471
173,1.441667,0.043185,0.262802,0.295864,0.028794,0.037274,0.156149,-0.026278,0.341754,-0.056683
174,1.450000,0.043133,0.262516,0.296022,0.028903,0.037383,0.155332,-0.026351,0.334711,-0.068255
175,1.458333,0.042934,0.262337,0.296212,0.028664,0.037292,0.154588,-0.025175,0.326957,-0.079690
176,1.466667,0.042672,0.262147,0.296337,0.028159,0.037103,0.153804,-0.025080,0.318648,-0.091205
177,1.475000,0.042560,0.261968,0.296394,0.028219,0.037027,0.152913,-0.024862,0.309626,-0.102739
178,1.483333,0.042518,0.261777,0.296340,0.027717,0.036635,0.152163,-0.024877,0.299860,-0.114405
179,1.491667,0.042659,0.261552,0.296162,0.027524,0.036217,0.151275,-0.024010,0.289293,-0.125691
180,1.500000,0.042307,0.261374,0.296061,0.027778,0.035875,0.150333,-0.023845,0.278214,-0.136991
181,1.508333,0.041725,0.261185,0.295966,0.027432,0.035253,0.149506,-0.023977,0.266670,-0.147872
182,1.516667,0.041495,0.261038,0.295834,0.027401,0.034700,0.148748,-0.023829,0.254834,-0.158139
183,1.525000,0.041543,0.260847,0.295687,0.027707,0.034254,0.147876,-0.023759,0.242917,-0.167620
184,1.533333,0.041378,0.260618,0.295630,0.027597,0.033600,0.147110,-0.024046,0.231409,-0.176205
185,1.541667,0.042006,0.260148,0.295426,0.028041,0.033014,0.146370,-0.024578,0.220127,-0.183845
186,1.550000,0.042451,0.259738,0.295274,0.028382,0.032483,0.145590,-0.024827,0.209531,-0.190474
187,1.558333,0.042736,0.259308,0.295254,0.028371,0.031835,0.145019,-0.025509,0.199421,-0.196541
188,1.566667,0.043226,0.258850,0.295241,0.028633,0.031293,0.144298,-0.026337,0.189738,-0.201859
189,1.575000,0.043542,0.258394,0.295230,0.028743,0.030671,0.143813,-0.026734,0.180609,-0.206636
190,1.583333,0.043915,0.257891,0.295140,0.028744,0.030156,0.143287,-0.026992,0.172237,-0.210694
191,1.591667,0.044152,0.257602,0.295004,0.028850,0.029847,0.142996,-0.027299,0.165044,-0.214085
192,1.600000,0.044512,0.257478,0.294748,0.028693,0.029692,0.142859,-0.027126,0.159707,-0.216348
193,1.608333,0.044552,0.257511,0.294543,0.028572,0.029619,0.142872,-0.027444,0.156418,-0.217558
194,1.616667,0.044536,0.257843,0.294310,0.028534,0.029747,0.143009,-0.027779,0.155779,-0.217589
195,1.625000,0.044298,0.258391,0.294128,0.028089,0.030017,0.143405,-0.028270,0.157949,-0.216432
196,1.633333,0.044047,0.259066,0.293979,0.028043,0.030674,0.143976,-0.028789,0.162754,-0.214107
197,1.641667,0.043658,0.259814,0.293880,0.027638,0.031316,0.144554,-0.030298,0.169548,-0.211032
198,1.650000,0.042999,0.260586,0.293848,0.027678,0.032159,0.145204,-0.030972,0.178399,-0.206592
199,1.658333,0.042576,0.261142,0.293798,0.027154,0.032737,0.145855,-0.031435,0.188815,-0.200992
200,1.666667,0.041829,0.261663,0.293825,0.027414,0.033728,0.146493,-0.032785,0.200437,-0.194780
201,1.675000,0.041327,0.262052,0.293851,0.026301,0.034355,0.147098,-0.033553,0.213271,-0.187315
202,1.683333,0.041068,0.262447,0.293873,0.026541,0.035507,0.147618,-0.034495,0.227322,-0.178753
203,1.691667,0.040801,0.262786,0.293888,0.025772,0.036374,0.148144,-0.035357,0.242069,-0.168856
204,1.700000,0.040864,0.262878,0.293830,0.026122,0.037535,0.148499,-0.035955,0.257124,-0.157597
205,1.708333,0.040803,0.262784,0.293741,0.025746,0.038217,0.148802,-0.036856,0.272256,-0.145406
206,1.716667,0.040608,0.262443,0.293676,0.025262,0.038624,0.149097,-0.037409,0.286866,-0.132119
207,1.725000,0.040589,0.262061,0.293525,0.025134,0.038905,0.149256,-0.037957,0.300910,-0.117834
208,1.733333,0.040598,0.261735,0.293308,0.025170,0.039104,0.149448,-0.038716,0.314199,-0.102817
209,1.741667,0.040988,0.261441,0.292911,0.025622,0.039396,0.149577,-0.038848,0.326793,-0.087198
210,1.750000,0.040804,0.261206,0.292546,0.025695,0.039515,0.149713,-0.038566,0.338171,-0.071126
211,1.758333,0.040877,0.260918,0.292099,0.025836,0.039461,0.149871,-0.038302,0.348461,-0.054970
212,1.766667,0.040998,0.260621,0.291577,0.025854,0.039186,0.150203,-0.038737,0.357492,-0.038938
213,1.775000,0.040598,0.260183,0.291151,0.026029,0.038814,0.150550,-0.038252,0.365163,-0.023142
214,1.783333,0.041008,0.259691,0.290559,0.026436,0.038331,0.150962,-0.038140,0.371667,-0.007720
215,1.791667,0.040371,0.259298,0.290254,0.026831,0.037857,0.151372,-0.038384,0.377337,0.007084
216,1.800000,0.040408,0.259205,0.289950,0.027235,0.037543,0.151842,-0.037725,0.382035,0.021128
217,1.808333,0.040633,0.259251,0.289726,0.027617,0.037302,0.152311,-0.037377,0.385849,0.034068
218,1.816667,0.040639,0.259341,0.289668,0.027810,0.037007,0.152785,-0.036929,0.388863,0.045873
219,1.825000,0.040635,0.259460,0.289676,0.028064,0.036816,0.153467,-0.035435,0.391026,0.056246
220,1.833333,0.040460,0.259606,0.289821,0.028734,0.036733,0.154062,-0.035027,0.392629,0.064793
221,1.841667,0.040285,0.259751,0.290031,0.028672,0.036344,0.154921,-0.034133,0.393596,0.071695
222,1.850000,0.040425,0.259927,0.290256,0.029083,0.036289,0.155611,-0.033556,0.394293,0.076598
223,1.858333,0.040823,0.260203,0.290460,0.028817,0.036146,0.156392,-0.032691,0.394538,0.079596
224,1.866667,0.040496,0.260465,0.290959,0.029411,0.036327,0.157090,-0.032406,0.394647,0.080682
225,1.875000,0.040363,0.260719,0.291425,0.028990,0.036255,0.157688,-0.031174,0.394350,0.079910
226,1.883333,0.041120,0.260957,0.291730,0.029436,0.036450,0.158223,-0.030905,0.393877,0.077256
227,1.891667,0.040606,0.261114,0.292301,0.029239,0.036428,0.158611,-0.031074,0.393021,0.072755
228,1.900000,0.041412,0.261209,0.292567,0.028989,0.036375,0.158880,-0.029791,0.391484,0.066567
229,1.908333,0.041602,0.261232,0.292959,0.028988,0.036408,0.158984,-0.029489,0.389693,0.058706
230,1.916667,0.041465,0.261263,0.293460,0.029039,0.036494,0.159015,-0.029564,0.387491,0.049579
231,1.925000,0.042243,0.261292,0.293755,0.028839,0.036559,0.158969,-0.029446,0.384670,0.039324
232,1.933333,0.041973,0.261299,0.294247,0.028849,0.036761,0.158838,-0.028567,0.381299,0.028293
233,1.941667,0.042074,0.261340,0.294605,0.028598,0.036962,0.158607,-0.028265,0.377323,0.016507
234,1.950000,0.042600,0.261366,0.294847,0.029012,0.037347,0.158200,-0.027602,0.372686,0.004119
235,1.958333,0.042452,0.261402,0.295105,0.028772,0.037460,0.157682,-0.027642,0.367321,-0.009020
236,1.966667,0.042057,0.261445,0.295367,0.028785,0.037544,0.157079,-0.027316,0.361143,-0.022724
237,1.975000,0.041928,0.261483,0.295471,0.028670,0.037607,0.156329,-0.026720,0.354065,-0.036845
238,1.983333,0.041889,0.261474,0.295479,0.028568,0.037544,0.155473,-0.026235,0.346264,-0.051085
239,1.991667,0.041888,0.261379,0.295449,0.028352,0.037461,0.154600,-0.026176,0.337760,-0.065203
240,2.000000,0.041792,0.261202,0.295441,0.028305,0.037332,0.153700,-0.025585,0.328601,-0.078928
241,2.008333,0.041791,0.261032,0.295442,0.028163,0.037081,0.152703,-0.024955,0.318915,-0.092291
242,2.016667,0.041782,0.260819,0.295436,0.028369,0.036855,0.151662,-0.025148,0.308636,-0.105364
243,2.025000,0.041722,0.260567,0.295406,0.028284,0.036388,0.150673,-0.025049,0.297858,-0.117971
244,2.033333,0.042190,0.260251,0.295142,0.028153,0.035937,0.149659,-0.025240,0.286614,-0.130068
245,2.041667,0.042219,0.259923,0.294940,0.028132,0.035537,0.148546,-0.025354,0.275121,-0.141799
246,2.050000,0.042185,0.259625,0.294670,0.028130,0.035185,0.147446,-0.025197,0.263377,-0.153040
247,2.058333,0.042328,0.259329,0.294396,0.028220,0.034716,0.146391,-0.025029,0.251054,-0.164017
248,2.066667,0.042711,0.258924,0.294086,0.028294,0.034253,0.145330,-0.024937,0.238470,-0.174363
249,2.075000,0.042861,0.258498,0.293872,0.028665,0.033719,0.144269,-0.024672,0.225645,-0.183927
250,2.083333,0.042801,0.258086,0.293708,0.028986,0.033172,0.143420,-0.024473,0.213028,-0.192405
251,2.091667,0.042662,0.257689,0.293462,0.028786,0.032353,0.142593,-0.024250,0.201134,-0.199559
252,2.100000,0.042723,0.257362,0.293110,0.028714,0.031512,0.141827,-0.024044,0.190310,-0.205519
253,2.108333,0.042922,0.257115,0.292679,0.028616,0.030701,0.141307,-0.023410,0.180352,-0.210373
254,2.116667,0.042592,0.256964,0.292305,0.028569,0.030134,0.140712,-0.023451,0.171139,-0.214728
255,2.125000,0.042711,0.256905,0.291835,0.028518,0.029695,0.140379,-0.023557,0.162671,-0.218479
256,2.133333,0.042578,0.256937,0.291506,0.028382,0.029424,0.140222,-0.023335,0.154863,-0.221624
257,2.141667,0.042162,0.257092,0.291225,0.028168,0.029170,0.140181,-0.023279,0.147820,-0.224290
258,2.150000,0.041904,0.257413,0.291027,0.028291,0.029058,0.140258,-0.023099,0.142203,-0.226074
259,2.158333,0.041910,0.257868,0.290861,0.028363,0.029003,0.140450,-0.023503,0.138497,-0.227116
260,2.166667,0.041752,0.258370,0.290794,0.028338,0.029009,0.140757,-0.023642,0.137083,-0.227110
261,2.175000,0.041504,0.259030,0.290815,0.028087,0.029065,0.141371,-0.023616,0.138043,-0.226114
262,2.183333,0.041297,0.259697,0.290891,0.028189,0.029446,0.141875,-0.024390,0.141336,-0.224609
263,2.191667,0.041146,0.260415,0.291017,0.027791,0.030041,0.142642,-0.024716,0.146834,-0.222031
264,2.200000,0.040859,0.261079,0.291110,0.027048,0.030662,0.143396,-0.025726,0.154240,-0.218832
265,2.208333,0.040508,0.261702,0.291251,0.027115,0.031722,0.144178,-0.025744,0.163544,-0.214464
266,2.216667,0.040200,0.262267,0.291336,0.026720,0.032759,0.145081,-0.026486,0.174123,-0.209563
267,2.225000,0.039851,0.262768,0.291424,0.025749,0.033627,0.145857,-0.027108,0.186027,-0.203737
268,2.233333,0.039325,0.263160,0.291520,0.025485,0.034876,0.146660,-0.027729,0.198991,-0.197121
269,2.241667,0.039151,0.263665,0.291489,0.025218,0.036160,0.147468,-0.027756,0.212920,-0.189164
270,2.250000,0.039148,0.264024,0.291448,0.024107,0.037145,0.148256,-0.027711,0.227724,-0.180036
271,2.258333,0.038997,0.264309,0.291443,0.023356,0.038192,0.149056,-0.028515,0.243157,-0.170010
272,2.266667,0.039157,0.264517,0.291338,0.022841,0.039096,0.149764,-0.028308,0.259096,-0.158037
273,2.275000,0.039222,0.264661,0.291234,0.022427,0.039741,0.150408,-0.029250,0.275471,-0.144871
274,2.283333,0.039280,0.264781,0.290992,0.022022,0.040300,0.150989,-0.029177,0.291763,-0.129744
275,2.291667,0.039450,0.264836,0.290462,0.022111,0.040829,0.151399,-0.030373,0.307865,-0.113512
276,2.300000,0.038606,0.264872,0.289943,0.022230,0.041150,0.151670,-0.031708,0.323234,-0.096022
277,2.308333,0.038224,0.264910,0.289153,0.022820,0.041444,0.151926,-0.032135,0.337376,-0.077405
278,2.316667,0.037523,0.264842,0.288394,0.022994,0.041231,0.152197,-0.033378,0.350239,-0.058290
279,2.325000,0.036893,0.264666,0.287659,0.023669,0.040907,0.152429,-0.034085,0.361120,-0.038931
280,2.333333,0.036453,0.264413,0.286846,0.024178,0.040236,0.152656,-0.035021,0.370298,-0.019796
281,2.341667,0.035726,0.264109,0.286130,0.024679,0.039426,0.152934,-0.036097,0.377740,-0.001325
282,2.350000,0.035729,0.263992,0.285335,0.025847,0.038824,0.153212,-0.036787,0.383614,0.016297
283,2.358333,0.035407,0.263974,0.284687,0.026935,0.038189,0.153604,-0.037797,0.388426,0.032613
284,2.366667,0.035258,0.264130,0.284184,0.027395,0.037498,0.154041,-0.038485,0.392124,0.047547
285,2.375000,0.035201,0.264264,0.283795,0.028133,0.037028,0.154683,-0.038824,0.394891,0.060932
286,2.383333,0.035160,0.264371,0.283776,0.028525,0.036551,0.155292,-0.039419,0.396911,0.072638
287,2.391667,0.035205,0.264442,0.283967,0.029423,0.036471,0.155997,-0.039727,0.398189,0.082721
288,2.400000,0.035126,0.264511,0.284447,0.029825,0.036419,0.156626,-0.040707,0.399059,0.090983
289,2.408333,0.035123,0.264704,0.284889,0.030342,0.036601,0.157289,-0.040574,0.399430,0.097155
290,2.416667,0.035140,0.265057,0.285354,0.030706,0.036812,0.157935,-0.040876,0.399726,0.101303
291,2.425000,0.035356,0.265601,0.285700,0.030697,0.036943,0.158572,-0.040715,0.399829,0.103397
292,2.433333,0.035264,0.266052,0.286018,0.031025,0.037134,0.159155,-0.041158,0.399783,0.103235
293,2.441667,0.035032,0.266370,0.286403,0.031197,0.037230,0.159641,-0.040629,0.399449,0.101025
294,2.450000,0.035407,0.266540,0.286711,0.031207,0.037145,0.159913,-0.040396,0.398730,0.097071
295,2.458333,0.035402,0.266506,0.287079,0.030788,0.036959,0.160203,-0.040176,0.397869,0.091457
296,2.466667,0.035345,0.266402,0.287545,0.030891,0.036977,0.160278,-0.039422,0.396648,0.084562
297,2.475000,0.035614,0.266303,0.287996,0.030388,0.036956,0.160273,-0.038556,0.395152,0.076307
298,2.483333,0.035880,0.266296,0.288290,0.030110,0.037055,0.160159,-0.037755,0.393376,0.067098
299,2.491667,0.036029,0.266293,0.288595,0.029911,0.037251,0.159981,-0.037294,0.391240,0.057048
300,2.500000,0.036100,0.266331,0.288895,0.029830,0.037589,0.159645,-0.035568,0.388458,0.046455
301,2.508333,0.036061,0.266319,0.289128,0.029846,0.037876,0.159203,-0.035590,0.385437,0.035322
302,2.516667,0.036153,0.266263,0.289277,0.029208,0.037903,0.158803,-0.033840,0.381714,0.024005
303,2.525000,0.036115,0.266190,0.289449,0.029255,0.038155,0.158281,-0.033211,0.377488,0.012262
304,2.533333,0.036158,0.266136,0.289552,0.028874,0.038142,0.157651,-0.032343,0.372895,0.000284
305,2.541667,0.035766,0.266139,0.289764,0.028796,0.038413,0.157037,-0.032517,0.367820,-0.012173
306,2.550000,0.035756,0.266159,0.289807,0.028564,0.038562,0.156303,-0.031542,0.362016,-0.024655
307,2.558333,0.035666,0.266135,0.289843,0.028594,0.038658,0.155548,-0.031211,0.355673,-0.037452
308,2.566667,0.035561,0.266067,0.289872,0.028173,0.038554,0.154847,-0.030783,0.348637,-0.050232
309,2.575000,0.035235,0.265901,0.289950,0.028307,0.038538,0.154024,-0.030424,0.340752,-0.063092
310,2.583333,0.035073,0.265748,0.290026,0.027959,0.038275,0.153384,-0.030183,0.332258,-0.076061
311,2.591667,0.035074,0.265547,0.290064,0.027989,0.038105,0.152551,-0.029510,0.322847,-0.088839
312,2.600000,0.034957,0.265461,0.290149,0.028006,0.037930,0.151760,-0.028949,0.313015,-0.101611
313,2.608333,0.034926,0.265440,0.290181,0.027417,0.037556,0.150993,-0.028237,0.302504,-0.114263
314,2.616667,0.034986,0.265408,0.290159,0.027337,0.037303,0.150012,-0.027046,0.291357,-0.126486
315,2.625000,0.035269,0.265310,0.290079,0.027166,0.036936,0.149089,-0.025464,0.279901,-0.138045
316,2.633333,0.035332,0.265151,0.290071,0.026906,0.036396,0.148233,-0.024831,0.268104,-0.149153
317,2.641667,0.035425,0.264881,0.290043,0.027098,0.035859,0.147422,-0.024536,0.256257,-0.159420
318,2.650000,0.035457,0.264583,0.290000,0.027144,0.035290,0.146622,-0.024589,0.244718,-0.168694
319,2.658333,0.035692,0.264188,0.289910,0.027193,0.034670,0.146010,-0.023911,0.233634,-0.176717
320,2.666667,0.036101,0.263862,0.289653,0.027433,0.034136,0.145300,-0.024325,0.222788,-0.184318
321,2.675000,0.036318,0.263467,0.289342,0.027389,0.033557,0.144775,-0.024768,0.212500,-0.190994
322,2.683333,0.036216,0.262982,0.289024,0.027582,0.033022,0.144156,-0.024738,0.202652,-0.196809
323,2.691667,0.036233,0.262696,0.288695,0.027721,0.032580,0.143735,-0.024747,0.193427,-0.201884
324,2.700000,0.036429,0.262559,0.288454,0.027406,0.032078,0.143255,-0.025237,0.184894,-0.206398
325,2.708333,0.036586,0.262519,0.288323,0.027853,0.031886,0.142960,-0.025207,0.177827,-0.209773
326,2.716667,0.036822,0.262578,0.288260,0.027543,0.031541,0.142892,-0.025722,0.172146,-0.212481
327,2.725000,0.036800,0.262749,0.288295,0.027347,0.031514,0.143039,-0.026156,0.168357,-0.214095
328,2.733333,0.037004,0.263079,0.288185,0.026433,0.031540,0.143457,-0.025733,0.166767,-0.214309
329,2.741667,0.036733,0.263572,0.288086,0.026854,0.032294,0.143961,-0.026514,0.167280,-0.214072
330,2.750000,0.036713,0.264132,0.287885,0.025955,0.032707,0.144616,-0.026764,0.170066,-0.212395
331,2.758333,0.036167,0.264854,0.287713,0.026208,0.033661,0.145282,-0.027136,0.175056,-0.209879
332,2.766667,0.035419,0.265649,0.287592,0.025525,0.034422,0.146054,-0.027606,0.181930,-0.206343
333,2.775000,0.034764,0.266336,0.287529,0.025024,0.035301,0.146877,-0.028900,0.190460,-0.202212
334,2.783333,0.034089,0.266979,0.287536,0.025180,0.036283,0.147607,-0.029392,0.200504,-0.196620
335,2.791667,0.033493,0.267444,0.287558,0.024567,0.036948,0.148271,-0.030861,0.211634,-0.190446
336,2.800000,0.032888,0.267777,0.287607,0.024558,0.037745,0.148930,-0.032384,0.223756,-0.183151
337,2.808333,0.032269,0.268054,0.287658,0.024213,0.038427,0.149438,-0.033843,0.236753,-0.174758
338,2.816667,0.031872,0.268166,0.287641,0.024250,0.039196,0.149934,-0.034776,0.250081,-0.165202
339,2.825000,0.031591,0.268153,0.287654,0.023992,0.039722,0.150385,-0.035768,0.263563,-0.154887
340,2.833333,0.031579,0.267992,0.287687,0.024226,0.040206,0.150698,-0.037374,0.276676,-0.143874
341,2.841667,0.031971,0.267626,0.287654,0.024531,0.040545,0.151011,-0.038138,0.289454,-0.132006
342,2.850000,0.032114,0.267276,0.287683,0.024433,0.040567,0.151301,-0.039144,0.301576,-0.119670
343,2.858333,0.032365,0.266865,0.287702,0.024377,0.040432,0.151616,-0.039945,0.313084,-0.106830
344,2.866667,0.032666,0.266381,0.287639,0.025006,0.040456,0.151874,-0.041188,0.323835,-0.093728
345,2.875000,0.033000,0.266046,0.287476,0.025493,0.040398,0.152132,-0.041631,0.333635,-0.080351
346,2.883333,0.032907,0.265825,0.287335,0.025803,0.040277,0.152495,-0.042486,0.342620,-0.066919
347,2.891667,0.032750,0.265662,0.287160,0.025753,0.040077,0.152955,-0.043591,0.350831,-0.053570
348,2.900000,0.032573,0.265561,0.286936,0.026331,0.039923,0.153351,-0.043759,0.358121,-0.040212
349,2.908333,0.032458,0.265529,0.286657,0.026828,0.039718,0.153754,-0.044087,0.364499,-0.027104
350,2.916667,0.032142,0.265550,0.286303,0.026849,0.039406,0.154230,-0.044834,0.370221,-0.014372
351,2.925000,0.031699,0.265567,0.286100,0.027068,0.039034,0.154730,-0.044832,0.374973,-0.002194
352,2.933333,0.031264,0.265597,0.285968,0.027591,0.038767,0.155147,-0.045068,0.379125,0.009405
353,2.941667,0.030859,0.265678,0.285875,0.027738,0.038486,0.155661,-0.044387,0.382523,0.020276
354,2.950000,0.030846,0.265759,0.285755,0.027830,0.038287,0.156097,-0.044727,0.385433,0.029986
355,2.958333,0.030657,0.265823,0.285746,0.028430,0.038272,0.156449,-0.044573,0.387723,0.038705
356,2.966667,0.030557,0.265880,0.285835,0.028521,0.038175,0.156934,-0.044036,0.389446,0.046159
357,2.975000,0.030382,0.265884,0.286058,0.028371,0.037946,0.157316,-0.043606,0.390685,0.052412
358,2.983333,0.030426,0.265862,0.286280,0.028625,0.037897,0.157582,-0.042896,0.391456,0.057063
359,2.991667,0.030649,0.265798,0.286549,0.028357,0.037756,0.157843,-0.042290,0.391941,0.060192
360,3.000000,0.030535,0.265750,0.286973,0.029030,0.038050,0.158168,-0.041106,0.392058,0.061821
361,3.008333,0.030759,0.265754,0.287270,0.028895,0.038016,0.158449,-0.040676,0.391958,0.061691
362,3.016667,0.030895,0.265769,0.287614,0.028500,0.037914,0.158663,-0.039720,0.391503,0.059909
363,3.025000,0.030764,0.265718,0.288016,0.028495,0.037927,0.158753,-0.038739,0.390710,0.056641
364,3.033333,0.031086,0.265654,0.288330,0.028390,0.037896,0.158818,-0.037898,0.389538,0.052092
365,3.041667,0.031155,0.265567,0.288674,0.028421,0.037917,0.158849,-0.037697,0.388117,0.046134
366,3.050000,0.030883,0.265534,0.289112,0.028306,0.037922,0.158816,-0.036744,0.386146,0.039198
367,3.058333,0.031179,0.265554,0.289413,0.028134,0.038016,0.158745,-0.035843,0.383794,0.031203
368,3.066667,0.031310,0.265592,0.289668,0.028032,0.038239,0.158605,-0.034674,0.380888,0.022185
369,3.075000,0.031218,0.265673,0.289951,0.027686,0.038355,0.158514,-0.034096,0.377512,0.012524
370,3.083333,0.030943,0.265778,0.290308,0.027668,0.038564,0.158340,-0.033230,0.373682,0.002109
371,3.091667,0.030978,0.265896,0.290616,0.027664,0.038752,0.157997,-0.032875,0.369222,-0.008851
372,3.100000,0.031113,0.265928,0.290845,0.027726,0.038869,0.157680,-0.032723,0.364255,-0.020116
373,3.108333,0.030864,0.265945,0.291184,0.027366,0.038884,0.157305,-0.032286,0.358472,-0.031769
374,3.116667,0.030546,0.265976,0.291508,0.027075,0.038836,0.156849,-0.032178,0.352280,-0.043600
375,3.125000,0.030551,0.266053,0.291726,0.027032,0.038960,0.156269,-0.031322,0.345279,-0.055562
376,3.133333,0.030570,0.266106,0.291911,0.026885,0.038924,0.155761,-0.031389,0.337820,-0.067636
377,3.141667,0.030774,0.266127,0.292025,0.026874,0.038893,0.155076,-0.031356,0.329788,-0.079751
378,3.150000,0.030843,0.266059,0.292186,0.026724,0.038735,0.154485,-0.030698,0.321043,-0.091677
379,3.158333,0.030813,0.265902,0.292382,0.026756,0.038624,0.153702,-0.030776,0.311867,-0.103558
380,3.166667,0.030835,0.265670,0.292531,0.026478,0.038266,0.152959,-0.031019,0.302107,-0.115260
381,3.175000,0.030865,0.265448,0.292663,0.026773,0.038120,0.152148,-0.030808,0.291913,-0.126490
382,3.183333,0.030828,0.265246,0.292772,0.026955,0.037872,0.151357,-0.030149,0.281399,-0.136985
383,3.191667,0.030960,0.265008,0.292762,0.026367,0.037320,0.150620,-0.030217,0.270754,-0.147031
384,3.200000,0.030914,0.264781,0.292696,0.026599,0.036974,0.149910,-0.030357,0.259999,-0.156389
385,3.208333,0.031053,0.264534,0.292562,0.026248,0.036387,0.149206,-0.029986,0.249580,-0.164700
386,3.216667,0.031303,0.264167,0.292344,0.026368,0.036034,0.148502,-0.029889,0.239357,-0.172370
387,3.225000,0.031312,0.263884,0.292103,0.026458,0.035567,0.147750,-0.029854,0.229496,-0.179374
388,3.233333,0.031064,0.263699,0.291899,0.025800,0.034995,0.147144,-0.029441,0.219966,-0.185731
389,3.241667,0.031115,0.263608,0.291623,0.026235,0.034856,0.146494,-0.029604,0.210675,-0.191799
390,3.250000,0.030991,0.263524,0.291323,0.025901,0.034348,0.145977,-0.029135,0.201896,-0.197024
391,3.258333,0.030897,0.263458,0.291089,0.026064,0.033944,0.145524,-0.029100,0.193546,-0.201672
392,3.266667,0.030684,0.263322,0.290859,0.026263,0.033611,0.145180,-0.028549,0.186324,-0.205327
393,3.275000,0.030453,0.263195,0.290635,0.026168,0.033207,0.144942,-0.028690,0.180115,-0.208558
394,3.283333,0.030469,0.263160,0.290440,0.025628,0.032850,0.144763,-0.028571,0.175111,-0.210833
395,3.291667,0.030628,0.263334,0.290239,0.025478,0.032730,0.144742,-0.028353,0.171714,-0.212299
396,3.300000,0.030666,0.263565,0.290082,0.025389,0.032823,0.144809,-0.027979,0.169950,-0.212842
397,3.308333,0.030624,0.263817,0.290024,0.025815,0.033125,0.145023,-0.028043,0.169699,-0.212770
398,3.316667,0.030549,0.264074,0.289978,0.025502,0.033295,0.145354,-0.028922,0.170977,-0.212264
399,3.325000,0.030472,0.264370,0.289914,0.024901,0.033383,0.145721,-0.028774,0.174046,-0.210418
400,3.333333,0.030457,0.264615,0.289876,0.024797,0.033748,0.146081,-0.029091,0.178685,-0.208047
401,3.341667,0.030186,0.264848,0.289977,0.025055,0.034378,0.146574,-0.030165,0.184761,-0.205232
402,3.350000,0.030052,0.265107,0.290107,0.024431,0.034792,0.147016,-0.030288,0.192370,-0.201171
403,3.358333,0.029830,0.265401,0.290264,0.024772,0.035568,0.147376,-0.030814,0.201170,-0.196497
404,3.366667,0.029661,0.265614,0.290373,0.024235,0.036037,0.147924,-0.031443,0.210992,-0.190943
405,3.375000,0.029635,0.265716,0.290421,0.024302,0.036709,0.148320,-0.032036,0.221720,-0.184531
406,3.383333,0.029568,0.265743,0.290463,0.024479,0.037341,0.148787,-0.032903,0.233083,-0.177258
407,3.391667,0.029513,0.265740,0.290475,0.023919,0.037758,0.149192,-0.032931,0.245001,-0.168716
408,3.400000,0.029497,0.265729,0.290458,0.024104,0.038413,0.149525,-0.033692,0.257295,-0.159636
409,3.408333,0.029473,0.265731,0.290427,0.024164,0.039058,0.149902,-0.034478,0.269824,-0.149674
410,3.416667,0.029500,0.265718,0.290354,0.024045,0.039515,0.150251,-0.034965,0.282178,-0.138687
411,3.425000,0.029532,0.265652,0.290235,0.024072,0.039824,0.150490,-0.035262,0.294266,-0.127125
412,3.433333,0.029581,0.265521,0.290034,0.024203,0.040086,0.150733,-0.036163,0.305870,-0.115087
413,3.441667,0.029240,0.265316,0.289870,0.024602,0.040338,0.150971,-0.036135,0.316725,-0.102480
414,3.450000,0.029184,0.265107,0.289630,0.024246,0.040231,0.151322,-0.036894,0.326925,-0.089732
415,3.458333,0.029322,0.264949,0.289365,0.024604,0.040233,0.151658,-0.037401,0.336286,-0.076723
416,3.466667,0.029266,0.264798,0.289134,0.024798,0.040148,0.151959,-0.037309,0.344844,-0.063658
417,3.475000,0.029551,0.264674,0.288786,0.025479,0.040154,0.152327,-0.037525,0.352408,-0.050801
418,3.483333,0.029195,0.264559,0.288631,0.025215,0.039864,0.152782,-0.037774,0.359119,-0.038318
419,3.491667,0.029250,0.264449,0.288424,0.025832,0.039660,0.153242,-0.038635,0.365104,-0.026314
420,3.500000,0.029253,0.264274,0.288254,0.026223,0.039357,0.153721,-0.038315,0.370043,-0.014824
421,3.508333,0.029375,0.264099,0.288136,0.026148,0.038912,0.154181,-0.038991,0.374369,-0.004125
422,3.516667,0.029412,0.263994,0.288111,0.026673,0.038604,0.154663,-0.038633,0.377800,0.005782
423,3.525000,0.029429,0.263953,0.288138,0.027091,0.038319,0.155066,-0.039120,0.380834,0.014526
424,3.533333,0.029539,0.263984,0.288214,0.027076,0.038103,0.155530,-0.039502,0.383300,0.022086
425,3.541667,0.029468,0.264049,0.288488,0.027252,0.038067,0.156032,-0.038909,0.385057,0.028388
426,3.550000,0.029940,0.264122,0.288722,0.027714,0.038202,0.156378,-0.039212,0.386332,0.033211
427,3.558333,0.029941,0.264110,0.289072,0.027678,0.038116,0.156841,-0.038668,0.387009,0.036528
428,3.566667,0.029946,0.264102,0.289402,0.027621,0.038103,0.157257,-0.039027,0.387302,0.038272
429,3.575000,0.030239,0.264100,0.289773,0.027721,0.038108,0.157593,-0.039058,0.387226,0.038442
430,3.583333,0.030285,0.264112,0.290186,0.027622,0.038073,0.157935,-0.037790,0.386531,0.037127
431,3.591667,0.030445,0.264133,0.290458,0.027701,0.038139,0.158225,-0.037707,0.385558,0.034311
432,3.600000,0.030372,0.264248,0.290871,0.027557,0.038202,0.158451,-0.037167,0.384233,0.030140
433,3.608333,0.030630,0.264323,0.291202,0.027450,0.038238,0.158575,-0.036670,0.382442,0.024749
434,3.616667,0.030751,0.264349,0.291489,0.027448,0.038346,0.158693,-0.035759,0.380173,0.018333
435,3.625000,0.030491,0.264346,0.291879,0.027440,0.038437,0.158723,-0.035211,0.377356,0.010922
436,3.633333,0.031023,0.264323,0.292153,0.027368,0.038506,0.158694,-0.034684,0.374180,0.002762
437,3.641667,0.031148,0.264381,0.292462,0.027249,0.038583,0.158592,-0.033749,0.370490,-0.006101
438,3.650000,0.031172,0.264379,0.292727,0.026670,0.038517,0.158341,-0.032628,0.366208,-0.015565
439,3.658333,0.031146,0.264475,0.293036,0.026952,0.038709,0.157981,-0.032544,0.361550,-0.025701
440,3.666667,0.031523,0.264546,0.293225,0.027131,0.038843,0.157508,-0.031721,0.356168,-0.036176
441,3.675000,0.031596,0.264570,0.293460,0.026772,0.038742,0.157037,-0.030932,0.350340,-0.046910
442,3.683333,0.031527,0.264617,0.293654,0.026935,0.038728,0.156400,-0.030369,0.343801,-0.057781
443,3.691667,0.031630,0.264621,0.293740,0.026801,0.038546,0.155822,-0.030183,0.336885,-0.068815
444,3.700000,0.031707,0.264627,0.293784,0.027300,0.038509,0.155165,-0.029644,0.329384,-0.079719
445,3.708333,0.031765,0.264556,0.293796,0.026762,0.038229,0.154571,-0.029526,0.321407,-0.090500
446,3.716667,0.031767,0.264440,0.293807,0.027260,0.038206,0.153884,-0.028707,0.313062,-0.101009
447,3.725000,0.031867,0.264335,0.293797,0.026785,0.037875,0.153210,-0.028924,0.304404,-0.111522
448,3.733333,0.031949,0.264205,0.293784,0.026976,0.037599,0.152435,-0.028550,0.295235,-0.121643
449,3.741667,0.032100,0.264071,0.293735,0.027043,0.037343,0.151588,-0.028236,0.285765,-0.131628
450,3.750000,0.032198,0.263925,0.293696,0.026777,0.036937,0.150814,-0.027831,0.275877,-0.141255
451,3.758333,0.032460,0.263749,0.293504,0.027277,0.036802,0.149963,-0.027107,0.265872,-0.150381
452,3.766667,0.032633,0.263534,0.293356,0.026817,0.036322,0.149192,-0.026970,0.255709,-0.159152
453,3.775000,0.032763,0.263249,0.293209,0.026903,0.035955,0.148455,-0.026325,0.245534,-0.167184
454,3.783333,0.032789,0.262991,0.293063,0.026926,0.035516,0.147709,-0.026156,0.235378,-0.174787
455,3.791667,0.032773,0.262767,0.292907,0.026579,0.034946,0.147137,-0.026343,0.225339,-0.181851
456,3.800000,0.032788,0.262586,0.292741,0.026876,0.034489,0.146495,-0.026000,0.215742,-0.187977
457,3.808333,0.032816,0.262374,0.292545,0.026495,0.033769,0.145944,-0.025577,0.206459,-0.193399
458,3.816667,0.032937,0.262143,0.292281,0.027108,0.033437,0.145353,-0.025488,0.197636,-0.198401
459,3.825000,0.033188,0.262033,0.291997,0.026905,0.032887,0.144953,-0.025859,0.189264,-0.203040
460,3.833333,0.033356,0.261958,0.291703,0.026645,0.032381,0.144503,-0.025421,0.181867,-0.206677
461,3.841667,0.033108,0.261916,0.291477,0.026927,0.032158,0.144253,-0.024980,0.175456,-0.209530
462,3.850000,0.033174,0.261932,0.291241,0.027070,0.031975,0.144141,-0.024997,0.170254,-0.211809
463,3.858333,0.032972,0.261972,0.291108,0.026800,0.031685,0.144134,-0.025156,0.166359,-0.213415
464,3.866667,0.033091,0.262117,0.290888,0.026539,0.031532,0.144249,-0.024881,0.164286,-0.213891
465,3.875000,0.032989,0.262368,0.290723,0.025999,0.031521,0.144552,-0.025253,0.163873,-0.213827
466,3.883333,0.032924,0.262719,0.290611,0.025779,0.031751,0.144851,-0.025487,0.165587,-0.212761
467,3.891667,0.032976,0.263223,0.290488,0.026113,0.032340,0.145259,-0.026137,0.169220,-0.211061
468,3.900000,0.032809,0.263652,0.290509,0.025755,0.032744,0.145728,-0.026559,0.174756,-0.208326
469,3.908333,0.032814,0.264016,0.290540,0.025671,0.033218,0.146172,-0.026987,0.181913,-0.204695
470,3.916667,0.032598,0.264309,0.290618,0.025640,0.033754,0.146681,-0.027824,0.190651,-0.200251
471,3.925000,0.032338,0.264550,0.290695,0.025287,0.034146,0.147179,-0.028592,0.200864,-0.194773
472,3.933333,0.031935,0.264704,0.290820,0.025585,0.034807,0.147649,-0.028891,0.212335,-0.188009
473,3.941667,0.031837,0.264812,0.290893,0.024980,0.035185,0.148099,-0.029097,0.224891,-0.180208
474,3.950000,0.031783,0.264894,0.291001,0.024782,0.035793,0.148429,-0.029380,0.238067,-0.171478
475,3.958333,0.031985,0.264941,0.291082,0.024878,0.036502,0.148772,-0.029737,0.251611,-0.161943
476,3.966667,0.032106,0.264835,0.291073,0.024555,0.037014,0.149107,-0.030021,0.265184,-0.151498
477,3.975000,0.031987,0.264635,0.291062,0.024105,0.037321,0.149303,-0.029983,0.278521,-0.140123
478,3.983333,0.031985,0.264351,0.290968,0.024205,0.037732,0.149531,-0.030601,0.291445,-0.128193
479,3.991667,0.031967,0.264097,0.290783,0.024371,0.038079,0.149738,-0.030977,0.303814,-0.115607
480,4.000000,0.031863,0.263960,0.290529,0.024204,0.038295,0.150051,-0.030829,0.315491,-0.102437
481,4.008333,0.031608,0.263862,0.290315,0.024395,0.038590,0.150387,-0.031017,0.326306,-0.089086
482,4.016667,0.031561,0.263827,0.290053,0.024862,0.038874,0.150716,-0.031414,0.335949,-0.075821
483,4.025000,0.031600,0.263799,0.289823,0.024976,0.038988,0.151203,-0.031189,0.344473,-0.062801
484,4.033333,0.031593,0.263808,0.289605,0.025165,0.038980,0.151775,-0.031306,0.351828,-0.050316
485,4.041667,0.031573,0.263959,0.289395,0.025642,0.038981,0.152422,-0.031458,0.357987,-0.038667
486,4.050000,0.031390,0.264036,0.289207,0.025852,0.038761,0.153260,-0.031475,0.363012,-0.028002
487,4.058333,0.031116,0.264146,0.289135,0.025785,0.038312,0.154129,-0.031748,0.367268,-0.018400
488,4.066667,0.031024,0.264143,0.289144,0.026610,0.038136,0.155008,-0.031526,0.370511,-0.009882
489,4.075000,0.031014,0.264199,0.289331,0.026205,0.037716,0.155916,-0.031743,0.373161,-0.002605
490,4.083333,0.031348,0.264317,0.289609,0.026189,0.037467,0.156692,-0.031626,0.375199,0.003477
491,4.091667,0.031164,0.264493,0.289984,0.026744,0.037659,0.157398,-0.031347,0.376682,0.007944
492,4.100000,0.031116,0.264730,0.290351,0.026639,0.037710,0.158015,-0.030774,0.377707,0.011140
493,4.108333,0.031213,0.264997,0.290661,0.027092,0.038090,0.158574,-0.030744,0.378125,0.012674
494,4.116667,0.031593,0.265197,0.290873,0.026970,0.038144,0.159043,-0.030443,0.378013,0.012864
495,4.125000,0.031394,0.265281,0.291210,0.027523,0.038349,0.159452,-0.029812,0.377401,0.011806
496,4.133333,0.031506,0.265303,0.291493,0.027459,0.038241,0.159689,-0.029851,0.376433,0.009489
497,4.141667,0.031818,0.265319,0.291832,0.027815,0.038336,0.159775,-0.029120,0.374943,0.006185
498,4.150000,0.032053,0.265399,0.292062,0.027874,0.038345,0.159765,-0.029281,0.373269,0.001710
499,4.158333,0.032052,0.265461,0.292236,0.027769,0.038286,0.159633,-0.028480,0.371124,-0.003430
500,4.166667,0.031902,0.265500,0.292356,0.028304,0.038375,0.159318,-0.027963,0.368518,-0.009477
501,4.175000,0.031977,0.265469,0.292377,0.028080,0.038217,0.158889,-0.027641,0.365526,-0.016266
502,4.183333,0.031959,0.265396,0.292433,0.028130,0.038136,0.158515,-0.026987,0.361934,-0.023520
503,4.191667,0.032073,0.265304,0.292488,0.028492,0.038111,0.157934,-0.026394,0.358012,-0.031367
504,4.200000,0.032098,0.265228,0.292557,0.028278,0.038042,0.157384,-0.025695,0.353628,-0.039718
505,4.208333,0.032129,0.265180,0.292573,0.028092,0.037928,0.156821,-0.026218,0.348952,-0.048688
506,4.216667,0.032075,0.265191,0.292593,0.027976,0.037996,0.156189,-0.025207,0.343578,-0.057738
507,4.225000,0.032102,0.265207,0.292537,0.028101,0.038082,0.155576,-0.024966,0.337708,-0.067364
508,4.233333,0.031984,0.265225,0.292506,0.027682,0.037971,0.154932,-0.024732,0.331237,-0.077242
509,4.241667,0.031682,0.265242,0.292475,0.027998,0.038112,0.154232,-0.024812,0.324200,-0.087313
510,4.250000,0.031587,0.265276,0.292396,0.027545,0.038001,0.153617,-0.024905,0.316571,-0.097409
511,4.258333,0.031556,0.265339,0.292288,0.027681,0.038110,0.152886,-0.024570,0.308358,-0.107452
512,4.266667,0.031432,0.265310,0.292171,0.027239,0.037773,0.152247,-0.024179,0.299394,-0.117579
513,4.275000,0.031090,0.265175,0.292093,0.027328,0.037486,0.151374,-0.023984,0.289667,-0.127724
514,4.283333,0.030808,0.264977,0.291988,0.026863,0.036957,0.150600,-0.024108,0.279351,-0.137955
515,4.291667,0.030607,0.264822,0.291932,0.027147,0.036669,0.149779,-0.023932,0.268542,-0.148005
516,4.300000,0.030645,0.264720,0.291870,0.027223,0.036375,0.148950,-0.023587,0.257475,-0.157581
517,4.308333,0.030571,0.264649,0.291801,0.026897,0.035915,0.148171,-0.023575,0.246300,-0.166644
518,4.316667,0.030720,0.264519,0.291626,0.026972,0.035470,0.147505,-0.023709,0.235049,-0.175169
519,4.325000,0.030737,0.264288,0.291478,0.026849,0.034881,0.146817,-0.024162,0.223814,-0.182860
520,4.333333,0.030899,0.264001,0.291195,0.027174,0.034328,0.146206,-0.024425,0.212807,-0.189863
521,4.341667,0.030724,0.263691,0.290970,0.027257,0.033680,0.145489,-0.024672,0.202087,-0.196191
522,4.350000,0.030498,0.263412,0.290733,0.027423,0.033103,0.144968,-0.024798,0.191769,-0.201757
523,4.358333,0.030463,0.263093,0.290428,0.027502,0.032435,0.144310,-0.024887,0.181731,-0.206828
524,4.366667,0.030633,0.262939,0.290093,0.027790,0.031980,0.143870,-0.025500,0.172256,-0.211530
525,4.375000,0.030695,0.262888,0.289743,0.027642,0.031457,0.143414,-0.025012,0.163842,-0.215132
526,4.383333,0.030368,0.262882,0.289532,0.027551,0.030959,0.143097,-0.024841,0.156677,-0.218003
527,4.391667,0.030417,0.262937,0.289340,0.027760,0.030741,0.142951,-0.025474,0.150766,-0.220340
528,4.400000,0.030380,0.263026,0.289236,0.027701,0.030600,0.142962,-0.025382,0.146737,-0.221471
529,4.408333,0.030383,0.263166,0.289075,0.027343,0.030519,0.143073,-0.026295,0.144652,-0.222149
530,4.416667,0.030419,0.263473,0.288812,0.026834,0.030617,0.143303,-0.026405,0.144728,-0.221739
531,4.425000,0.030036,0.263885,0.288669,0.026716,0.031002,0.143629,-0.026976,0.146620,-0.220650
532,4.433333,0.029563,0.264492,0.288544,0.026893,0.031549,0.143974,-0.028226,0.150446,-0.219266
533,4.441667,0.029200,0.264891,0.288509,0.026471,0.031981,0.144344,-0.029152,0.155880,-0.217000
534,4.450000,0.028806,0.265306,0.288515,0.026081,0.032454,0.144703,-0.030256,0.162976,-0.214059
535,4.458333,0.028677,0.265596,0.288597,0.026325,0.033172,0.145048,-0.031083,0.171417,-0.210381
536,4.466667,0.028579,0.265727,0.288693,0.025973,0.033779,0.145424,-0.031981,0.181057,-0.205910
537,4.475000,0.028499,0.265813,0.288830,0.025392,0.034380,0.145798,-0.032893,0.191770,-0.200711
538,4.483333,0.028525,0.265920,0.288924,0.025546,0.035313,0.146144,-0.033599,0.203412,-0.194658
539,4.491667,0.028472,0.265986,0.288968,0.025232,0.036074,0.146447,-0.034323,0.215700,-0.187766
540,4.500000,0.028436,0.266025,0.288974,0.024934,0.036819,0.146793,-0.034789,0.228288,-0.179998
541,4.508333,0.028436,0.265997,0.288956,0.024690,0.037367,0.147029,-0.036220,0.241104,-0.171670
542,4.516667,0.028222,0.265931,0.288933,0.025043,0.038124,0.147254,-0.036518,0.254042,-0.162257
543,4.525000,0.028070,0.265845,0.288889,0.024919,0.038672,0.147546,-0.037517,0.266773,-0.152400
544,4.533333,0.028129,0.265782,0.288781,0.024380,0.039005,0.147794,-0.038617,0.279330,-0.141810
545,4.541667,0.028084,0.265761,0.288700,0.024575,0.039559,0.148011,-0.039172,0.291414,-0.130511
546,4.550000,0.027948,0.265727,0.288599,0.024635,0.039995,0.148229,-0.039814,0.302980,-0.118873
547,4.558333,0.027879,0.265681,0.288399,0.024925,0.040418,0.148506,-0.040846,0.313867,-0.106894
548,4.566667,0.027825,0.265610,0.288155,0.024698,0.040452,0.148821,-0.040618,0.323892,-0.094442
549,4.575000,0.027744,0.265460,0.287848,0.024784,0.040421,0.149233,-0.041909,0.333026,-0.082253
550,4.583333,0.027552,0.265204,0.287571,0.025263,0.040438,0.149604,-0.042381,0.341266,-0.069782
551,4.591667,0.027749,0.264966,0.287269,0.024976,0.040174,0.150107,-0.043545,0.348745,-0.057673
552,4.600000,0.027674,0.264843,0.287080,0.025218,0.040101,0.150565,-0.043263,0.355256,-0.045656
553,4.608333,0.027554,0.264755,0.286942,0.025433,0.039964,0.151103,-0.043606,0.361140,-0.034136
554,4.616667,0.027658,0.264668,0.286718,0.025241,0.039722,0.151710,-0.043713,0.366216,-0.023304
555,4.625000,0.027492,0.264574,0.286622,0.025943,0.039576,0.152182,-0.043752,0.370532,-0.013133
556,4.633333,0.027495,0.264467,0.286553,0.025860,0.039173,0.152749,-0.044155,0.374040,-0.004022
557,4.641667,0.027513,0.264366,0.286586,0.025912,0.038871,0.153303,-0.044457,0.376955,0.004114
558,4.650000,0.027588,0.264326,0.286715,0.026058,0.038738,0.153833,-0.044545,0.379304,0.011038
559,4.658333,0.027514,0.264354,0.287028,0.026167,0.038631,0.154418,-0.044476,0.381153,0.016574
560,4.666667,0.027430,0.264459,0.287364,0.026468,0.038776,0.154863,-0.044367,0.382517,0.020731
561,4.675000,0.027868,0.264541,0.287603,0.026419,0.038842,0.155412,-0.044149,0.383319,0.023486
562,4.683333,0.028172,0.264587,0.287904,0.026664,0.038930,0.155888,-0.043088,0.383603,0.024730
563,4.691667,0.028184,0.264589,0.288266,0.026802,0.038902,0.156270,-0.042333,0.383257,0.024514
564,4.700000,0.028118,0.264544,0.288665,0.026482,0.038606,0.156682,-0.041799,0.382585,0.022894
565,4.708333,0.028304,0.264522,0.288917,0.026343,0.038466,0.157061,-0.041827,0.381401,0.019784
566,4.716667,0.028400,0.264556,0.289284,0.026893,0.038645,0.157280,-0.040958,0.379823,0.015469
567,4.725000,0.028345,0.264669,0.289631,0.026830,0.038705,0.157428,-0.039911,0.377927,0.010089
568,4.733333,0.028651,0.264780,0.289912,0.026826,0.038776,0.157479,-0.038905,0.375631,0.003783
569,4.741667,0.028694,0.264872,0.290308,0.026927,0.038846,0.157454,-0.037849,0.372746,-0.003293
570,4.750000,0.028888,0.264877,0.290640,0.026982,0.038823,0.157386,-0.037226,0.369427,-0.011128
571,4.758333,0.029050,0.264842,0.290965,0.026955,0.038697,0.157237,-0.036037,0.365414,-0.019474
572,4.766667,0.029152,0.264840,0.291254,0.026832,0.038541,0.156989,-0.035415,0.361171,-0.028523
573,4.775000,0.029316,0.264895,0.291539,0.027115,0.038585,0.156651,-0.034365,0.356237,-0.037938
574,4.783333,0.029186,0.264938,0.291850,0.027465,0.038661,0.156220,-0.033253,0.350918,-0.047911
575,4.791667,0.029406,0.265012,0.292067,0.027040,0.038494,0.155788,-0.032924,0.344993,-0.058399
576,4.800000,0.029524,0.265039,0.292238,0.027766,0.038610,0.155247,-0.032047,0.338412,-0.069038
577,4.808333,0.029606,0.265008,0.292399,0.027271,0.038339,0.154777,-0.031330,0.331141,-0.079860
578,4.816667,0.029556,0.264956,0.292567,0.027755,0.038263,0.154206,-0.030336,0.323282,-0.090716
579,4.825000,0.029610,0.264890,0.292621,0.027477,0.037855,0.153623,-0.029588,0.314812,-0.101536
580,4.833333,0.029664,0.264845,0.292585,0.027550,0.037637,0.152903,-0.028894,0.305957,-0.112127
581,4.841667,0.029753,0.264820,0.292478,0.027530,0.037373,0.152280,-0.027990,0.296836,-0.122491
582,4.850000,0.029938,0.264785,0.292356,0.027611,0.037115,0.151506,-0.027345,0.287268,-0.132677
583,4.858333,0.029743,0.264673,0.292344,0.026956,0.036597,0.150825,-0.026601,0.277220,-0.142497
584,4.866667,0.029796,0.264371,0.292324,0.027439,0.036368,0.150084,-0.025630,0.266834,-0.151892
585,4.875000,0.030002,0.264014,0.292259,0.027342,0.035924,0.149333,-0.025129,0.256043,-0.161154
586,4.883333,0.030300,0.263670,0.292124,0.027356,0.035444,0.148670,-0.024886,0.244903,-0.170064
587,4.891667,0.030432,0.263326,0.292025,0.027674,0.035064,0.147878,-0.023613,0.233687,-0.178051
588,4.900000,0.030531,0.262886,0.291926,0.027297,0.034338,0.147175,-0.023618,0.222477,-0.185989
589,4.908333,0.030917,0.262517,0.291768,0.027886,0.033900,0.146375,-0.022964,0.211441,-0.193045
590,4.916667,0.031148,0.262137,0.291633,0.027777,0.033189,0.145545,-0.022479,0.200598,-0.199592
591,4.925000,0.031397,0.261684,0.291507,0.027608,0.032420,0.144917,-0.021482,0.190247,-0.205106
592,4.933333,0.031775,0.261381,0.291292,0.027903,0.031865,0.144237,-0.021149,0.180255,-0.210207
593,4.941667,0.031772,0.261108,0.291093,0.027601,0.031145,0.143792,-0.020831,0.171066,-0.214550
594,4.950000,0.031711,0.260944,0.290827,0.027260,0.030531,0.143377,-0.020887,0.162709,-0.218265
595,4.958333,0.031376,0.260821,0.290579,0.027645,0.030297,0.143093,-0.021297,0.155340,-0.221483
596,4.966667,0.031245,0.260726,0.290332,0.027292,0.029948,0.142938,-0.020957,0.149160,-0.223743
597,4.975000,0.031122,0.260790,0.290126,0.027359,0.029787,0.142845,-0.021207,0.143803,-0.225567
598,4.983333,0.031098,0.260880,0.290003,0.027634,0.029647,0.142773,-0.021200,0.139823,-0.226774
599,4.991667,0.031093,0.260994,0.289997,0.027664,0.029564,0.142802,-0.022357,0.137092,-0.227805
600,5.000000,0.031226,0.261132,0.290018,0.027709,0.029550,0.142943,-0.022612,0.136206,-0.227762
601,5.008333,0.031192,0.261363,0.290157,0.027380,0.029575,0.143189,-0.022397,0.137301,-0.226877
602,5.016667,0.031164,0.261594,0.290261,0.026862,0.029796,0.143567,-0.023286,0.140040,-0.225775
603,5.025000,0.030970,0.261854,0.290378,0.026982,0.030262,0.143986,-0.023852,0.144605,-0.223842
604,5.033333,0.030904,0.262104,0.290443,0.026958,0.030823,0.144376,-0.024718,0.150621,-0.221462
605,5.041667,0.030766,0.262345,0.290558,0.026097,0.031214,0.144864,-0.025005,0.158147,-0.218270
606,5.050000,0.030602,0.262522,0.290625,0.026562,0.032081,0.145268,-0.025794,0.166899,-0.214571
607,5.058333,0.030310,0.262670,0.290798,0.025988,0.032684,0.145722,-0.026530,0.176819,-0.210191
608,5.066667,0.030308,0.262791,0.290953,0.025570,0.033350,0.146094,-0.027105,0.187853,-0.204937
609,5.075000,0.030423,0.262934,0.291129,0.025946,0.034270,0.146459,-0.027960,0.199812,-0.198972
610,5.083333,0.030728,0.262986,0.291234,0.024971,0.034766,0.146849,-0.028468,0.212402,-0.191938
611,5.091667,0.030894,0.262997,0.291317,0.025139,0.035623,0.147139,-0.029422,0.225588,-0.184250
612,5.100000,0.030884,0.262897,0.291419,0.025483,0.036469,0.147459,-0.030370,0.239077,-0.175569
613,5.108333,0.030883,0.262804,0.291474,0.025014,0.037041,0.147804,-0.030884,0.252696,-0.165663
614,5.116667,0.030948,0.262720,0.291468,0.024635,0.037552,0.148060,-0.031955,0.266337,-0.155115
615,5.125000,0.031165,0.262654,0.291378,0.024994,0.038298,0.148280,-0.032924,0.279697,-0.143797
616,5.133333,0.031119,0.262591,0.291328,0.025359,0.038888,0.148557,-0.033437,0.292488,-0.131822
617,5.141667,0.031302,0.262500,0.291179,0.025015,0.039117,0.148862,-0.034255,0.304632,-0.119338
618,5.150000,0.031222,0.262392,0.291079,0.024939,0.039339,0.149221,-0.035080,0.316008,-0.106626
619,5.158333,0.031177,0.262245,0.290932,0.025213,0.039481,0.149505,-0.036446,0.326545,-0.093721
620,5.166667,0.031033,0.262074,0.290754,0.025704,0.039630,0.149818,-0.036402,0.336039,-0.080476
621,5.175000,0.031027,0.261877,0.290542,0.025526,0.039433,0.150252,-0.037045,0.344651,-0.067349
622,5.183333,0.031224,0.261728,0.290324,0.025791,0.039341,0.150721,-0.038176,0.352439,-0.054557
623,5.191667,0.031393,0.261617,0.290103,0.026232,0.039232,0.151205,-0.038355,0.359070,-0.041963
624,5.200000,0.031395,0.261559,0.289936,0.025933,0.038846,0.151792,-0.037983,0.364821,-0.030055
625,5.208333,0.031427,0.261438,0.289761,0.026531,0.038600,0.152263,-0.038189,0.369681,-0.018994
626,5.216667,0.031281,0.261399,0.289698,0.026466,0.038167,0.152836,-0.038395,0.373766,-0.008904
627,5.225000,0.031359,0.261397,0.289719,0.026762,0.037893,0.153427,-0.038832,0.377063,-0.000097
628,5.233333,0.031592,0.261400,0.289831,0.026781,0.037659,0.153950,-0.038318,0.379568,0.007452
629,5.241667,0.031587,0.261439,0.290134,0.027025,0.037575,0.154631,-0.037925,0.381501,0.013589
630,5.250000,0.031586,0.261453,0.290541,0.027234,0.037584,0.155168,-0.037631,0.382738,0.018140
631,5.258333,0.032005,0.261469,0.290981,0.027151,0.037618,0.155862,-0.037179,0.383524,0.021094
632,5.266667,0.032053,0.261511,0.291447,0.027170,0.037647,0.156370,-0.036983,0.383727,0.022344
633,5.275000,0.032476,0.261514,0.291890,0.027084,0.037661,0.156904,-0.035532,0.383373,0.021913
634,5.283333,0.032761,0.261573,0.292265,0.027304,0.037693,0.157320,-0.034976,0.382610,0.020029
635,5.291667,0.032707,0.261604,0.292712,0.027345,0.037708,0.157649,-0.034093,0.381356,0.016552
636,5.300000,0.033234,0.261641,0.293056,0.026944,0.037572,0.157967,-0.032725,0.379501,0.012008
637,5.308333,0.033368,0.261730,0.293402,0.027248,0.037652,0.158177,-0.031832,0.377255,0.006254
638,5.316667,0.033326,0.261751,0.293802,0.027263,0.037676,0.158339,-0.031000,0.374642,-0.000395
639,5.325000,0.033762,0.261800,0.294127,0.027170,0.037574,0.158333,-0.029815,0.371395,-0.007861
640,5.333333,0.033837,0.261900,0.294437,0.027600,0.037675,0.158167,-0.028621,0.367787,-0.015952
641,5.341667,0.033923,0.261960,0.294672,0.028016,0.037744,0.157887,-0.027122,0.363610,-0.024641
642,5.350000,0.033908,0.262060,0.294958,0.028186,0.037724,0.157557,-0.026150,0.358961,-0.033953
643,5.358333,0.034367,0.262219,0.295139,0.027728,0.037509,0.157132,-0.025277,0.353801,-0.043711
644,5.366667,0.034380,0.262264,0.295330,0.028681,0.037699,0.156618,-0.024246,0.348008,-0.053801
645,5.375000,0.034457,0.262277,0.295453,0.028670,0.037624,0.156137,-0.023391,0.341688,-0.064240
646,5.383333,0.034575,0.262278,0.295515,0.028889,0.037552,0.155476,-0.022318,0.334887,-0.074835
647,5.391667,0.034574,0.262284,0.295592,0.028691,0.037365,0.154947,-0.020989,0.327422,-0.085436
648,5.400000,0.034659,0.262284,0.295605,0.029017,0.037340,0.154222,-0.020305,0.319372,-0.096155
649,5.408333,0.034765,0.262246,0.295590,0.028689,0.036955,0.153615,-0.019614,0.310874,-0.106890
650,5.416667,0.034812,0.262197,0.295573,0.028907,0.036753,0.152820,-0.018622,0.301916,-0.117278
651,5.425000,0.034922,0.262147,0.295519,0.028967,0.036383,0.152139,-0.017165,0.292367,-0.127387
652,5.433333,0.034982,0.262086,0.295471,0.029018,0.036035,0.151317,-0.016400,0.282678,-0.137305
653,5.441667,0.035055,0.261995,0.295393,0.028855,0.035572,0.150503,-0.015788,0.272498,-0.146903
654,5.450000,0.035412,0.261832,0.295163,0.028978,0.035155,0.149798,-0.014967,0.261998,-0.156128
655,5.458333,0.035316,0.261673,0.295031,0.028918,0.034658,0.149039,-0.015013,0.251096,-0.165314
656,5.466667,0.035513,0.261490,0.294810,0.029010,0.034253,0.148381,-0.014593,0.239805,-0.174034
657,5.475000,0.035763,0.261230,0.294580,0.029061,0.033746,0.147695,-0.014167,0.228294,-0.182239
658,5.483333,0.035975,0.260959,0.294417,0.029368,0.033297,0.146957,-0.013675,0.216696,-0.189897
659,5.491667,0.036067,0.260643,0.294329,0.029469,0.032656,0.146286,-0.013573,0.205136,-0.196947
660,5.500000,0.036371,0.260334,0.294266,0.029604,0.031889,0.145541,-0.012792,0.193903,-0.203087
661,5.508333,0.036433,0.259961,0.294264,0.029563,0.031144,0.144946,-0.012151,0.183317,-0.208346
662,5.516667,0.036623,0.259604,0.294166,0.029249,0.030287,0.144372,-0.012131,0.173758,-0.212885
663,5.525000,0.036865,0.259356,0.294005,0.028982,0.029743,0.144115,-0.012457,0.165570,-0.216558
664,5.533333,0.037220,0.259185,0.293827,0.028815,0.029365,0.143924,-0.012510,0.158589,-0.219239
665,5.541667,0.037398,0.259075,0.293712,0.028673,0.029160,0.143886,-0.013350,0.152725,-0.221420
666,5.550000,0.037560,0.259031,0.293644,0.028650,0.029120,0.143897,-0.014041,0.148141,-0.222859
667,5.558333,0.037654,0.259056,0.293647,0.028668,0.029170,0.143954,-0.014882,0.145094,-0.223546
668,5.566667,0.037621,0.259213,0.293747,0.028635,0.029248,0.144060,-0.016005,0.143855,-0.223673
669,5.575000,0.037609,0.259478,0.293863,0.028603,0.029407,0.144259,-0.017601,0.144378,-0.223184
670,5.583333,0.037898,0.259917,0.293982,0.028502,0.029642,0.144482,-0.019073,0.147045,-0.221982
671,5.591667,0.037925,0.260360,0.294062,0.028046,0.029926,0.144844,-0.020271,0.151586,-0.219899
672,5.600000,0.037734,0.260730,0.294184,0.027827,0.030443,0.145283,-0.021773,0.157897,-0.217171
673,5.608333,0.037658,0.261042,0.294203,0.027755,0.031088,0.145607,-0.023240,0.165644,-0.213850
674,5.616667,0.037172,0.261336,0.294253,0.027074,0.031670,0.146041,-0.025306,0.174620,-0.210122
675,5.625000,0.036904,0.261573,0.294228,0.027323,0.032559,0.146443,-0.026031,0.184794,-0.205136
676,5.633333,0.036717,0.261764,0.294195,0.026959,0.033320,0.146783,-0.027438,0.195886,-0.199686
677,5.641667,0.036363,0.261951,0.294234,0.026320,0.034045,0.147137,-0.028170,0.207802,-0.193133
678,5.650000,0.036332,0.262098,0.294189,0.026559,0.034968,0.147418,-0.029148,0.220317,-0.185916
679,5.658333,0.036052,0.262162,0.294181,0.026333,0.035686,0.147671,-0.030149,0.233238,-0.177933
680,5.666667,0.036045,0.262131,0.294142,0.025778,0.036249,0.148008,-0.030879,0.246432,-0.168810
681,5.675000,0.036006,0.262052,0.294102,0.025855,0.036905,0.148317,-0.031799,0.259635,-0.158872
682,5.683333,0.036129,0.261960,0.293992,0.026244,0.037605,0.148555,-0.032522,0.272794,-0.147974
683,5.691667,0.036231,0.261891,0.293856,0.026081,0.038058,0.148901,-0.032915,0.285847,-0.136264
684,5.700000,0.036361,0.261871,0.293673,0.026051,0.038526,0.149308,-0.033733,0.298345,-0.123937
685,5.708333,0.036368,0.261871,0.293485,0.026160,0.038906,0.149665,-0.034020,0.310238,-0.110992
686,5.716667,0.036415,0.261840,0.293229,0.026434,0.039182,0.150109,-0.034295,0.321248,-0.097714
687,5.725000,0.036240,0.261758,0.293010,0.026363,0.039217,0.150570,-0.034879,0.331458,-0.084216
688,5.733333,0.035950,0.261667,0.292799,0.027265,0.039426,0.151069,-0.036026,0.340694,-0.070789
689,5.741667,0.035757,0.261595,0.292612,0.027160,0.039265,0.151665,-0.035868,0.348933,-0.057189
690,5.750000,0.035843,0.261536,0.292350,0.027327,0.039048,0.152316,-0.036238,0.356238,-0.043811
691,5.758333,0.036081,0.261514,0.292025,0.027741,0.038940,0.153069,-0.036500,0.362851,-0.030760
692,5.766667,0.035907,0.261505,0.291827,0.028105,0.038740,0.153786,-0.036497,0.368505,-0.018037
693,5.775000,0.035751,0.261523,0.291702,0.027873,0.038423,0.154617,-0.037071,0.373583,-0.005904
694,5.783333,0.035624,0.261524,0.291630,0.028656,0.038395,0.155286,-0.037625,0.377793,0.005846
695,5.791667,0.035608,0.261504,0.291617,0.028291,0.037990,0.156026,-0.038102,0.381436,0.017000
696,5.800000,0.035644,0.261476,0.291672,0.028427,0.037779,0.156769,-0.038791,0.384376,0.027581
697,5.808333,0.035801,0.261471,0.291791,0.028660,0.037787,0.157492,-0.039300,0.386744,0.037316
698,5.816667,0.035856,0.261534,0.292070,0.028872,0.037838,0.158067,-0.039859,0.388569,0.046050
699,5.825000,0.035828,0.261604,0.292433,0.028779,0.037902,0.158711,-0.040058,0.389836,0.053682
700,5.833333,0.035929,0.261650,0.292828,0.028984,0.038054,0.159151,-0.041425,0.390945,0.059616
701,5.841667,0.036248,0.261704,0.293258,0.029236,0.038231,0.159674,-0.041855,0.391448,0.064186
702,5.850000,0.036116,0.261646,0.293821,0.029213,0.038240,0.160042,-0.042545,0.391609,0.066895
703,5.858333,0.036833,0.261538,0.294177,0.029398,0.038271,0.160303,-0.043205,0.391439,0.067940
704,5.866667,0.036667,0.261400,0.294772,0.029378,0.038248,0.160561,-0.043587,0.390999,0.067299
705,5.875000,0.036910,0.261223,0.295223,0.029788,0.038428,0.160767,-0.044062,0.390366,0.065156
706,5.883333,0.037622,0.261188,0.295586,0.029497,0.038431,0.160959,-0.043812,0.389396,0.061650
707,5.891667,0.037368,0.261155,0.296134,0.029311,0.038435,0.161023,-0.044203,0.388267,0.056924
708,5.900000,0.038253,0.261181,0.296394,0.028927,0.038373,0.161043,-0.044048,0.386777,0.051044
709,5.908333,0.037887,0.261162,0.296898,0.029121,0.038493,0.160930,-0.043873,0.384879,0.044206
710,5.916667,0.037835,0.261125,0.297245,0.029251,0.038552,0.160817,-0.043566,0.382509,0.036642
711,5.925000,0.038305,0.261176,0.297487,0.029014,0.038513,0.160669,-0.043449,0.379911,0.028313
712,5.933333,0.038446,0.261243,0.297714,0.029420,0.038696,0.160378,-0.041877,0.376757,0.019492
713,5.941667,0.038099,0.261363,0.298034,0.028711,0.038597,0.160045,-0.041047,0.373379,0.010046
714,5.950000,0.037895,0.261547,0.298276,0.028691,0.038705,0.159702,-0.040551,0.369458,0.000129
715,5.958333,0.037956,0.261734,0.298416,0.029202,0.038980,0.159175,-0.039374,0.365174,-0.010091
716,5.966667,0.038205,0.261842,0.298482,0.028574,0.038747,0.158689,-0.038536,0.360239,-0.020809
717,5.975000,0.038338,0.261847,0.298611,0.028748,0.038741,0.158155,-0.037586,0.354775,-0.031913
718,5.983333,0.038403,0.261792,0.298736,0.028524,0.038549,0.157618,-0.036398,0.348664,-0.043304
719,5.991667,0.038475,0.261726,0.298855,0.028546,0.038338,0.157111,-0.035048,0.341911,-0.054951
720,6.000000,0.038518,0.261614,0.298992,0.028612,0.038146,0.156453,-0.034363,0.334700,-0.066648
721,6.008333,0.038654,0.261525,0.299017,0.028464,0.037912,0.155886,-0.032471,0.326902,-0.078055
722,6.016667,0.038856,0.261347,0.298986,0.028641,0.037709,0.155156,-0.031285,0.318664,-0.089410
723,6.025000,0.038983,0.261182,0.298980,0.028422,0.037346,0.154404,-0.029963,0.310075,-0.100610
724,6.033333,0.039348,0.260918,0.298884,0.028318,0.036887,0.153628,-0.028582,0.301046,-0.111459
725,6.041667,0.039651,0.260538,0.298832,0.028480,0.036486,0.152692,-0.027161,0.291705,-0.121907
726,6.050000,0.039882,0.260189,0.298792,0.028275,0.035951,0.151924,-0.026196,0.282155,-0.131942
727,6.058333,0.040163,0.259894,0.298703,0.028526,0.035630,0.151167,-0.025335,0.272607,-0.141435
728,6.066667,0.040275,0.259591,0.298625,0.028566,0.035185,0.150423,-0.024209,0.262896,-0.150195
729,6.075000,0.040626,0.259273,0.298503,0.028647,0.034746,0.149898,-0.024380,0.253343,-0.158418
730,6.083333,0.040721,0.258991,0.298376,0.028929,0.034326,0.149235,-0.023391,0.244011,-0.165623
731,6.091667,0.040822,0.258741,0.298165,0.028946,0.033688,0.148753,-0.023287,0.234684,-0.172503
732,6.100000,0.040953,0.258525,0.297892,0.029297,0.033174,0.148073,-0.022715,0.225571,-0.178754
733,6.108333,0.041079,0.258415,0.297703,0.029391,0.032679,0.147514,-0.022602,0.216645,-0.184793
734,6.116667,0.041322,0.258294,0.297546,0.029296,0.032138,0.146903,-0.021885,0.208137,-0.190154
735,6.125000,0.041374,0.258201,0.297482,0.029331,0.031679,0.146514,-0.021271,0.200242,-0.194622
736,6.133333,0.041372,0.258113,0.297394,0.029495,0.031253,0.146189,-0.020820,0.193311,-0.198276
737,6.141667,0.041245,0.258017,0.297276,0.029367,0.030891,0.146028,-0.021135,0.187298,-0.201461
738,6.150000,0.041169,0.257958,0.297092,0.029100,0.030519,0.145890,-0.021618,0.182190,-0.204012
739,6.158333,0.041133,0.257985,0.296881,0.028859,0.030352,0.145846,-0.021670,0.177873,-0.205736
740,6.166667,0.041181,0.258054,0.296673,0.028799,0.030299,0.145829,-0.022102,0.174308,-0.207250
741,6.175000,0.040953,0.258181,0.296617,0.028703,0.030266,0.145822,-0.022627,0.171577,-0.208305
742,6.183333,0.040840,0.258352,0.296683,0.028701,0.030277,0.145857,-0.023897,0.169799,-0.209235
743,6.191667,0.040968,0.258463,0.296816,0.028521,0.030295,0.145977,-0.024542,0.169210,-0.209396
744,6.200000,0.041078,0.258573,0.296944,0.028723,0.030497,0.146172,-0.024752,0.169729,-0.208747
745,6.208333,0.041321,0.258688,0.297012,0.028351,0.030667,0.146394,-0.025659,0.171612,-0.207771
746,6.216667,0.041312,0.258816,0.297083,0.028104,0.030931,0.146610,-0.026990,0.174988,-0.206330
747,6.225000,0.041384,0.258971,0.297079,0.028178,0.031413,0.146818,-0.027890,0.179773,-0.203944
748,6.233333,0.041260,0.259184,0.297101,0.027506,0.031881,0.147157,-0.028498,0.186039,-0.200792
749,6.241667,0.041037,0.259472,0.297092,0.027418,0.032532,0.147502,-0.029917,0.193371,-0.197198
750,6.250000,0.040991,0.259659,0.297077,0.027074,0.033113,0.147769,-0.030586,0.201740,-0.192564
751,6.258333,0.040955,0.259819,0.297063,0.026724,0.033685,0.148051,-0.031114,0.211008,-0.187080
752,6.266667,0.040878,0.259923,0.297040,0.026401,0.034276,0.148337,-0.032773,0.220967,-0.181295
753,6.275000,0.040761,0.260014,0.297041,0.026558,0.034986,0.148600,-0.033924,0.231650,-0.174539
754,6.283333,0.040836,0.260098,0.296967,0.026388,0.035641,0.148842,-0.034473,0.242859,-0.166690
755,6.291667,0.040825,0.260199,0.296920,0.026088,0.036231,0.149113,-0.035696,0.254388,-0.158314
756,6.300000,0.040727,0.260265,0.296873,0.025628,0.036766,0.149339,-0.036704,0.266124,-0.148870
757,6.308333,0.040627,0.260305,0.296824,0.025781,0.037452,0.149565,-0.038466,0.277791,-0.138815
758,6.316667,0.040633,0.260323,0.296726,0.025984,0.038091,0.149839,-0.039809,0.289392,-0.128011
759,6.325000,0.040366,0.260298,0.296605,0.025746,0.038485,0.150106,-0.041012,0.300479,-0.116496
760,6.333333,0.040253,0.260266,0.296456,0.025413,0.038780,0.150456,-0.042111,0.311032,-0.104570
761,6.341667,0.040111,0.260244,0.296299,0.025538,0.039146,0.150746,-0.043493,0.321034,-0.092382
762,6.350000,0.040129,0.260225,0.296099,0.025852,0.039496,0.151076,-0.044488,0.330252,-0.079958
763,6.358333,0.040036,0.260200,0.295900,0.025401,0.039454,0.151505,-0.045638,0.338610,-0.067618
764,6.366667,0.040198,0.260125,0.295601,0.025678,0.039610,0.151971,-0.046570,0.346256,-0.055222
765,6.375000,0.039728,0.260012,0.295435,0.025851,0.039612,0.152361,-0.048295,0.353001,-0.043280
766,6.383333,0.039630,0.259932,0.295246,0.025431,0.039338,0.152932,-0.048383,0.358974,-0.031421
767,6.391667,0.039452,0.259883,0.295093,0.025876,0.039399,0.153400,-0.049652,0.364336,-0.020108
768,6.400000,0.039561,0.259833,0.294872,0.025828,0.039229,0.153910,-0.050322,0.368963,-0.009333
769,6.408333,0.039305,0.259864,0.294728,0.025771,0.039101,0.154356,-0.051689,0.373115,0.000738
770,6.416667,0.038847,0.259899,0.294670,0.026342,0.039153,0.154748,-0.051610,0.376395,0.010053
771,6.425000,0.038697,0.259929,0.294670,0.026270,0.039052,0.155129,-0.051617,0.379177,0.018328
772,6.433333,0.038650,0.259918,0.294742,0.026169,0.038898,0.155580,-0.051819,0.381354,0.025539
773,6.441667,0.038982,0.259910,0.294888,0.026578,0.038948,0.155953,-0.052213,0.383093,0.031424
774,6.450000,0.038805,0.259877,0.295202,0.026659,0.038887,0.156230,-0.051863,0.384318,0.035807
775,6.458333,0.038846,0.259832,0.295402,0.026442,0.038791,0.156607,-0.051732,0.385002,0.038766
776,6.466667,0.038615,0.259783,0.295746,0.026473,0.038851,0.156924,-0.051456,0.385525,0.040258
777,6.475000,0.038558,0.259757,0.296076,0.026723,0.038955,0.157195,-0.050565,0.385398,0.040219
778,6.483333,0.039161,0.259754,0.296278,0.026850,0.038954,0.157377,-0.050335,0.384869,0.038620
779,6.491667,0.039207,0.259755,0.296553,0.026651,0.038829,0.157612,-0.049092,0.383992,0.035734
780,6.500000,0.038745,0.259644,0.297008,0.026494,0.038685,0.157800,-0.047988,0.382569,0.031473
781,6.508333,0.039024,0.259603,0.297256,0.026555,0.038641,0.157887,-0.047151,0.380792,0.026025
782,6.516667,0.039436,0.259582,0.297440,0.026617,0.038625,0.157899,-0.046667,0.378699,0.019426
783,6.525000,0.039489,0.259573,0.297683,0.026614,0.038637,0.157858,-0.045857,0.376074,0.011998
784,6.533333,0.039244,0.259608,0.298046,0.026808,0.038718,0.157751,-0.044431,0.372951,0.003780
785,6.541667,0.039160,0.259637,0.298306,0.027092,0.038805,0.157551,-0.043310,0.369444,-0.005072
786,6.550000,0.039567,0.259660,0.298442,0.027041,0.038747,0.157316,-0.041766,0.365341,-0.014492
787,6.558333,0.039709,0.259657,0.298596,0.026761,0.038554,0.156997,-0.040026,0.360696,-0.024298
788,6.566667,0.039630,0.259637,0.298789,0.027216,0.038573,0.156542,-0.039124,0.355529,-0.034631
789,6.575000,0.039606,0.259646,0.298930,0.027317,0.038470,0.156117,-0.037404,0.349941,-0.045240
790,6.583333,0.039503,0.259709,0.299070,0.027193,0.038314,0.155578,-0.036259,0.343730,-0.056204
791,6.591667,0.039337,0.259770,0.299198,0.027392,0.038184,0.155018,-0.034194,0.336884,-0.067127
792,6.600000,0.039254,0.259807,0.299257,0.027097,0.037841,0.154514,-0.032785,0.329620,-0.078158
793,6.608333,0.039294,0.259819,0.299242,0.027406,0.037645,0.153862,-0.031183,0.321776,-0.089031
794,6.616667,0.039403,0.259803,0.299186,0.027016,0.037141,0.153389,-0.029256,0.313500,-0.099479
795,6.625000,0.039364,0.259784,0.299150,0.027468,0.036910,0.152826,-0.028222,0.304871,-0.109793
796,6.633333,0.039602,0.259729,0.298979,0.027147,0.036431,0.152426,-0.026238,0.295842,-0.119692
797,6.641667,0.039732,0.259698,0.298796,0.026768,0.035863,0.151951,-0.024643,0.286327,-0.129472
798,6.650000,0.039767,0.259668,0.298613,0.027321,0.035593,0.151435,-0.023253,0.276451,-0.139145
799,6.658333,0.039696,0.259619,0.298484,0.026810,0.035011,0.151024,-0.021314,0.266063,-0.148521
800,6.666667,0.039643,0.259532,0.298358,0.026950,0.034493,0.150574,-0.019470,0.255266,-0.157656
801,6.675000,0.039667,0.259359,0.298256,0.027372,0.034045,0.150171,-0.017145,0.244329,-0.166116
802,6.683333,0.040009,0.259184,0.298165,0.026885,0.033167,0.149744,-0.015840,0.233524,-0.174033
803,6.691667,0.040357,0.258973,0.298147,0.027541,0.032659,0.149271,-0.014407,0.223279,-0.180794
804,6.700000,0.040691,0.258811,0.298073,0.027360,0.031949,0.148947,-0.013032,0.213816,-0.186602
805,6.708333,0.041047,0.258673,0.297885,0.027154,0.031172,0.148538,-0.012838,0.204789,-0.191956
806,6.716667,0.041077,0.258512,0.297663,0.027692,0.030695,0.148200,-0.012152,0.196343,-0.196552
807,6.725000,0.041056,0.258417,0.297367,0.027898,0.030126,0.147991,-0.011484,0.188409,-0.200438
808,6.733333,0.040996,0.258337,0.297088,0.027772,0.029603,0.147853,-0.011045,0.181123,-0.203899
809,6.741667,0.041175,0.258376,0.296765,0.027918,0.029311,0.147716,-0.010864,0.174555,-0.207010
810,6.750000,0.041329,0.258550,0.296487,0.027822,0.029081,0.147611,-0.010588,0.169228,-0.209457
811,6.758333,0.041146,0.258790,0.296380,0.027998,0.029077,0.147515,-0.009538,0.165173,-0.210911
812,6.766667,0.041095,0.259090,0.296260,0.027718,0.028916,0.147610,-0.009375,0.162520,-0.211982
813,6.775000,0.041199,0.259434,0.296054,0.027897,0.029025,0.147792,-0.009481,0.161788,-0.212328
814,6.783333,0.041011,0.259742,0.295892,0.027633,0.029211,0.148020,-0.009507,0.163083,-0.211598
815,6.791667,0.041000,0.260114,0.295641,0.027721,0.029603,0.148237,-0.009732,0.166506,-0.210145
816,6.800000,0.040707,0.260536,0.295393,0.027135,0.029918,0.148482,-0.010386,0.171673,-0.207845
817,6.808333,0.039971,0.260895,0.295286,0.026815,0.030566,0.148702,-0.010942,0.178716,-0.204717
818,6.816667,0.039708,0.261199,0.295142,0.027210,0.031422,0.148961,-0.011976,0.187296,-0.200838
819,6.825000,0.039514,0.261404,0.295063,0.027106,0.032190,0.149108,-0.012956,0.196912,-0.196083
820,6.833333,0.039424,0.261551,0.295021,0.027002,0.032965,0.149228,-0.014226,0.207528,-0.190565
821,6.841667,0.039284,0.261575,0.295028,0.026743,0.033663,0.149367,-0.015667,0.218904,-0.184186
822,6.850000,0.039300,0.261524,0.295040,0.026744,0.034450,0.149459,-0.017508,0.231016,-0.177002
823,6.858333,0.039312,0.261455,0.295041,0.026362,0.035115,0.149585,-0.019354,0.243597,-0.168797
824,6.866667,0.039356,0.261350,0.295033,0.026508,0.036056,0.149605,-0.020937,0.256502,-0.159596
825,6.875000,0.039374,0.261246,0.295023,0.026635,0.036843,0.149658,-0.023324,0.269443,-0.149659
826,6.883333,0.039376,0.261122,0.294977,0.026690,0.037575,0.149720,-0.025336,0.282033,-0.138852
827,6.891667,0.039544,0.260906,0.294810,0.026991,0.038186,0.149758,-0.026970,0.294272,-0.127313
828,6.900000,0.039324,0.260741,0.294696,0.026955,0.038491,0.149835,-0.029024,0.305915,-0.115250
829,6.908333,0.039090,0.260623,0.294482,0.027055,0.038804,0.149944,-0.031083,0.316892,-0.102805
830,6.916667,0.039122,0.260511,0.294148,0.027442,0.039137,0.150087,-0.032383,0.326970,-0.089988
831,6.925000,0.038970,0.260428,0.293890,0.027172,0.039157,0.150352,-0.035189,0.336324,-0.077327
832,6.933333,0.038801,0.260359,0.293653,0.027279,0.039163,0.150645,-0.036589,0.344805,-0.064374
833,6.941667,0.038528,0.260231,0.293392,0.027522,0.039064,0.150965,-0.038319,0.352416,-0.051451
834,6.950000,0.038508,0.260053,0.293121,0.027851,0.038901,0.151337,-0.039776,0.359065,-0.038707
835,6.958333,0.038439,0.259866,0.292945,0.027787,0.038654,0.151879,-0.041743,0.365022,-0.026230
836,6.966667,0.038494,0.259798,0.292769,0.028007,0.038437,0.152342,-0.043294,0.370168,-0.014184
837,6.975000,0.038364,0.259769,0.292679,0.028071,0.038271,0.152770,-0.044783,0.374772,-0.002741
838,6.983333,0.038229,0.259783,0.292673,0.027915,0.038099,0.153339,-0.045758,0.378580,0.008078
839,6.991667,0.038069,0.259822,0.292758,0.028132,0.038093,0.153704,-0.047041,0.381884,0.017929
840,7.000000,0.037900,0.259832,0.292926,0.028369,0.038070,0.154194,-0.048235,0.384540,0.026920
841,7.008333,0.037901,0.259782,0.293126,0.028265,0.037974,0.154711,-0.049326,0.386673,0.034736
842,7.016667,0.037585,0.259735,0.293501,0.028626,0.038015,0.155101,-0.049989,0.388246,0.041387
843,7.025000,0.037635,0.259706,0.293860,0.028809,0.038108,0.155627,-0.050598,0.389365,0.046750
844,7.033333,0.037967,0.259700,0.294220,0.028544,0.038056,0.156034,-0.050937,0.390185,0.050662
845,7.041667,0.037949,0.259707,0.294554,0.028794,0.038239,0.156382,-0.051122,0.390662,0.053269
846,7.050000,0.037660,0.259690,0.295021,0.028496,0.038267,0.156761,-0.050855,0.390763,0.054458
847,7.058333,0.038038,0.259706,0.295377,0.028219,0.038233,0.157118,-0.050992,0.390576,0.054121
848,7.066667,0.037900,0.259658,0.295793,0.028378,0.038287,0.157311,-0.051396,0.390053,0.052092
849,7.075000,0.037816,0.259560,0.296211,0.028277,0.038221,0.157492,-0.050710,0.389030,0.048764
850,7.083333,0.038218,0.259525,0.296532,0.028358,0.038218,0.157591,-0.050855,0.387705,0.043903
851,7.091667,0.038151,0.259492,0.296933,0.028223,0.038265,0.157676,-0.049408,0.385966,0.037969
852,7.100000,0.038065,0.259486,0.297336,0.028366,0.038465,0.157701,-0.049582,0.384050,0.030707
853,7.108333,0.038656,0.259509,0.297542,0.028114,0.038520,0.157685,-0.048140,0.381452,0.022732
854,7.116667,0.038446,0.259505,0.297941,0.028142,0.038679,0.157623,-0.047259,0.378572,0.013955
855,7.125000,0.038471,0.259444,0.298285,0.028100,0.038715,0.157541,-0.046164,0.375050,0.004546
856,7.133333,0.038468,0.259374,0.298604,0.027982,0.038698,0.157354,-0.044555,0.370954,-0.005304
857,7.141667,0.038858,0.259310,0.298809,0.027812,0.038638,0.157108,-0.043534,0.366440,-0.015681
858,7.150000,0.038860,0.259360,0.299045,0.028050,0.038732,0.156608,-0.042114,0.361420,-0.026407
859,7.158333,0.038557,0.259450,0.299367,0.028049,0.038750,0.156187,-0.040891,0.356008,-0.037568
860,7.166667,0.038600,0.259540,0.299521,0.027773,0.038634,0.155644,-0.039256,0.349919,-0.048810
861,7.175000,0.038656,0.259555,0.299670,0.028045,0.038561,0.155114,-0.037263,0.343079,-0.060232
862,7.183333,0.038693,0.259470,0.299780,0.027954,0.038269,0.154599,-0.036356,0.335866,-0.071873
863,7.191667,0.038786,0.259313,0.299867,0.028123,0.038018,0.153935,-0.034081,0.327950,-0.083123
864,7.200000,0.038958,0.259154,0.299923,0.027994,0.037654,0.153410,-0.032186,0.319604,-0.094219
865,7.208333,0.039137,0.258981,0.299969,0.028338,0.037402,0.152659,-0.030830,0.310899,-0.105301
866,7.216667,0.039488,0.258829,0.299946,0.028270,0.037087,0.151983,-0.028995,0.301853,-0.116080
867,7.225000,0.039725,0.258665,0.299941,0.028193,0.036676,0.151277,-0.027148,0.292399,-0.126613
868,7.233333,0.039853,0.258476,0.299973,0.028485,0.036292,0.150529,-0.024805,0.282591,-0.136573
869,7.241667,0.039988,0.258192,0.299958,0.028508,0.035783,0.149902,-0.023488,0.272550,-0.146261
870,7.250000,0.040320,0.257862,0.299871,0.028568,0.035225,0.149176,-0.022061,0.262376,-0.155318
871,7.258333,0.040409,0.257551,0.299754,0.028630,0.034640,0.148575,-0.020822,0.252294,-0.163712
872,7.266667,0.040323,0.257294,0.299679,0.028749,0.034097,0.147901,-0.019519,0.242342,-0.171441
873,7.275000,0.040347,0.256968,0.299471,0.028991,0.033538,0.147347,-0.018475,0.232767,-0.178415
874,7.283333,0.040189,0.256750,0.299281,0.029128,0.033024,0.146719,-0.017740,0.223418,-0.184814
875,7.291667,0.040432,0.256583,0.299003,0.029088,0.032442,0.146304,-0.016509,0.214402,-0.190400
876,7.300000,0.040626,0.256367,0.298763,0.029584,0.032080,0.145821,-0.015931,0.205870,-0.195613
877,7.308333,0.040522,0.256218,0.298644,0.029301,0.031526,0.145430,-0.015418,0.197874,-0.200128
878,7.316667,0.040602,0.256104,0.298512,0.029118,0.031133,0.145169,-0.014975,0.190583,-0.203994
879,7.325000,0.040721,0.256063,0.298409,0.029579,0.031041,0.144948,-0.014827,0.184152,-0.207262
880,7.333333,0.040821,0.256079,0.298329,0.029696,0.030942,0.144861,-0.014806,0.178858,-0.209807
881,7.341667,0.040808,0.256140,0.298258,0.029712,0.030909,0.144879,-0.014092,0.174791,-0.211246
882,7.350000,0.040511,0.256298,0.298208,0.029589,0.030894,0.144990,-0.014216,0.171942,-0.212366
883,7.358333,0.040672,0.256595,0.298053,0.029313,0.030916,0.145198,-0.014021,0.170452,-0.212683
884,7.366667,0.040549,0.256926,0.298002,0.029215,0.031094,0.145415,-0.014017,0.170181,-0.212544
885,7.375000,0.040073,0.257352,0.298024,0.029272,0.031353,0.145659,-0.014666,0.170902,-0.212119
886,7.383333,0.039966,0.257731,0.298016,0.029238,0.031739,0.146056,-0.014730,0.173253,-0.210804
887,7.391667,0.039897,0.258060,0.298104,0.028985,0.032087,0.146409,-0.014845,0.176939,-0.208748
888,7.400000,0.039707,0.258382,0.298260,0.028797,0.032629,0.146728,-0.015719,0.182057,-0.206268
889,7.408333,0.039494,0.258587,0.298444,0.029104,0.033416,0.147153,-0.016338,0.188513,-0.202849
890,7.416667,0.039537,0.258754,0.298581,0.028521,0.033947,0.147572,-0.017268,0.196131,-0.198657
891,7.425000,0.039445,0.258942,0.298749,0.028237,0.034633,0.147940,-0.018505,0.204895,-0.193845
892,7.433333,0.039414,0.259061,0.298914,0.027900,0.035385,0.148461,-0.019941,0.214549,-0.188156
893,7.441667,0.039258,0.259136,0.299145,0.027635,0.036099,0.148881,-0.021808,0.225064,-0.181782
894,7.450000,0.039111,0.259162,0.299415,0.027342,0.036799,0.149369,-0.023049,0.236158,-0.174259
895,7.458333,0.039120,0.259103,0.299703,0.027185,0.037494,0.149842,-0.025218,0.247703,-0.166072
896,7.466667,0.039400,0.258994,0.299939,0.027046,0.038125,0.150269,-0.027226,0.259559,-0.157039
897,7.475000,0.039590,0.258880,0.300159,0.026823,0.038637,0.150728,-0.029050,0.271441,-0.147106
898,7.483333,0.039287,0.258730,0.300478,0.027190,0.039295,0.151091,-0.030438,0.283188,-0.136252
899,7.491667,0.039340,0.258571,0.300645,0.026664,0.039459,0.151522,-0.032319,0.294567,-0.125081
900,7.500000,0.039320,0.258370,0.300824,0.026585,0.039673,0.151915,-0.034465,0.305530,-0.113444
901,7.508333,0.039164,0.258192,0.300963,0.026864,0.039951,0.152288,-0.035855,0.315905,-0.101187
902,7.516667,0.039261,0.257950,0.301007,0.027045,0.040007,0.152727,-0.038320,0.325681,-0.088802
903,7.525000,0.039156,0.257709,0.301066,0.026628,0.039820,0.153171,-0.040119,0.334774,-0.076086
904,7.533333,0.039229,0.257483,0.301068,0.027107,0.039845,0.153590,-0.041074,0.342975,-0.063057
905,7.541667,0.039181,0.257258,0.301094,0.027096,0.039668,0.154103,-0.043431,0.350688,-0.050295
906,7.550000,0.039170,0.257078,0.301104,0.027092,0.039452,0.154602,-0.044025,0.357442,-0.037353
907,7.558333,0.039071,0.256931,0.301129,0.027264,0.039327,0.155041,-0.045102,0.363551,-0.024756
908,7.566667,0.039100,0.256799,0.301101,0.027316,0.039103,0.155657,-0.046637,0.369040,-0.012691
909,7.575000,0.038951,0.256695,0.301155,0.027501,0.038959,0.156148,-0.047801,0.373787,-0.001003
910,7.583333,0.038977,0.256649,0.301199,0.027354,0.038685,0.156620,-0.048828,0.377781,0.010018
911,7.591667,0.038898,0.256560,0.301313,0.027579,0.038581,0.157125,-0.048792,0.381128,0.020396
912,7.600000,0.039036,0.256577,0.301470,0.028070,0.038631,0.157486,-0.048942,0.384010,0.029904
913,7.608333,0.038846,0.256585,0.301791,0.028106,0.038550,0.157890,-0.050041,0.386368,0.038211
914,7.616667,0.038756,0.256589,0.302093,0.028419,0.038591,0.158341,-0.050749,0.388295,0.045404
915,7.625000,0.038653,0.256615,0.302417,0.028168,0.038560,0.158761,-0.050482,0.389546,0.051346
916,7.633333,0.038783,0.256629,0.302768,0.028362,0.038614,0.159139,-0.050264,0.390475,0.055718
917,7.641667,0.038807,0.256641,0.303237,0.028589,0.038683,0.159523,-0.050129,0.390979,0.058563
918,7.650000,0.038852,0.256601,0.303581,0.028277,0.038621,0.159881,-0.050448,0.391224,0.059910
919,7.658333,0.038891,0.256546,0.303997,0.028334,0.038618,0.160168,-0.050107,0.391098,0.059828
920,7.666667,0.039085,0.256570,0.304393,0.028386,0.038585,0.160438,-0.049598,0.390662,0.058434
921,7.675000,0.039192,0.256544,0.304700,0.028246,0.038543,0.160679,-0.049393,0.389925,0.055637
922,7.683333,0.039341,0.256514,0.305025,0.028060,0.038466,0.160927,-0.049071,0.388937,0.051590
923,7.691667,0.039355,0.256485,0.305435,0.028013,0.038426,0.161040,-0.048336,0.387422,0.046413
924,7.700000,0.039518,0.256424,0.305737,0.028016,0.038417,0.161110,-0.047742,0.385575,0.040215
925,7.708333,0.039679,0.256366,0.306053,0.028008,0.038448,0.161155,-0.047176,0.383506,0.033123
926,7.716667,0.039762,0.256355,0.306435,0.027957,0.038525,0.161167,-0.045577,0.380815,0.025296
927,7.725000,0.039749,0.256367,0.306776,0.027969,0.038642,0.161103,-0.045000,0.377880,0.016743
928,7.733333,0.040169,0.256390,0.306996,0.027963,0.038744,0.161035,-0.043777,0.374413,0.007433
929,7.741667,0.040184,0.256432,0.307287,0.028132,0.038877,0.160846,-0.042861,0.370563,-0.002361
930,7.750000,0.040237,0.256459,0.307567,0.028191,0.038957,0.160538,-0.040745,0.366027,-0.012526
931,7.758333,0.040208,0.256462,0.307805,0.028174,0.038933,0.160174,-0.039182,0.361012,-0.023022
932,7.766667,0.040408,0.256454,0.307967,0.027786,0.038698,0.159853,-0.038055,0.355556,-0.033777
933,7.775000,0.040794,0.256469,0.308066,0.028207,0.038696,0.159293,-0.036576,0.349620,-0.044534
934,7.783333,0.040888,0.256500,0.308228,0.027964,0.038420,0.158780,-0.035141,0.343152,-0.055383
935,7.791667,0.041258,0.256514,0.308300,0.028147,0.038248,0.158271,-0.033313,0.336245,-0.066177
936,7.800000,0.041411,0.256516,0.308374,0.028381,0.038022,0.157672,-0.032023,0.328856,-0.077125
937,7.808333,0.041422,0.256467,0.308430,0.028286,0.037766,0.157131,-0.030358,0.320799,-0.088081
938,7.816667,0.041843,0.256385,0.308304,0.028347,0.037510,0.156490,-0.027785,0.312076,-0.099024
939,7.825000,0.041866,0.256266,0.308308,0.028521,0.037283,0.155816,-0.026382,0.302746,-0.110174
940,7.833333,0.042099,0.256079,0.308281,0.028334,0.036912,0.155105,-0.024886,0.292794,-0.121226
941,7.841667,0.042333,0.255918,0.308252,0.028874,0.036695,0.154307,-0.022695,0.282436,-0.131796
942,7.850000,0.042636,0.255749,0.308173,0.028817,0.036272,0.153584,-0.020143,0.271845,-0.141585
943,7.858333,0.042909,0.255527,0.308090,0.028817,0.035785,0.152777,-0.018656,0.261338,-0.150878
944,7.866667,0.043225,0.255323,0.307925,0.029139,0.035286,0.152021,-0.017735,0.251011,-0.159363
945,7.875000,0.043473,0.255097,0.307742,0.029014,0.034670,0.151294,-0.016415,0.241183,-0.166921
946,7.883333,0.043504,0.254791,0.307493,0.029168,0.034048,0.150522,-0.015419,0.231473,-0.173771
947,7.891667,0.043914,0.254467,0.306981,0.029299,0.033479,0.149915,-0.014539,0.222083,-0.180028
948,7.900000,0.044041,0.254243,0.306552,0.029248,0.032903,0.149266,-0.014016,0.213116,-0.185875
949,7.908333,0.044260,0.254096,0.306055,0.029453,0.032516,0.148715,-0.012710,0.204606,-0.190876
950,7.916667,0.044392,0.253998,0.305600,0.029685,0.032183,0.148112,-0.012675,0.196399,-0.195784
951,7.925000,0.044390,0.254000,0.305255,0.029597,0.031849,0.147715,-0.012739,0.188952,-0.200151
952,7.933333,0.044728,0.254050,0.304878,0.030064,0.031579,0.147293,-0.012182,0.182411,-0.203417
953,7.941667,0.044799,0.254119,0.304530,0.030016,0.031251,0.147071,-0.012200,0.177059,-0.205978
954,7.950000,0.044708,0.254273,0.304189,0.029519,0.030897,0.146979,-0.011927,0.173490,-0.207588
955,7.958333,0.044762,0.254588,0.303808,0.029411,0.030883,0.146991,-0.011610,0.171816,-0.208124
956,7.966667,0.044979,0.255010,0.303259,0.029573,0.031220,0.147121,-0.011699,0.172231,-0.207830
957,7.975000,0.044343,0.255509,0.302946,0.029196,0.031496,0.147329,-0.011918,0.174400,-0.206743
958,7.983333,0.044218,0.256046,0.302556,0.028781,0.031900,0.147617,-0.012979,0.178328,-0.205138
959,7.991667,0.044005,0.256511,0.302174,0.028561,0.032389,0.147870,-0.013640,0.183816,-0.202429
960,8.000000,0.043168,0.256946,0.301954,0.028589,0.032969,0.148083,-0.014392,0.190508,-0.199102
