Format Version,1.23,Take Name,Line_Air_Dom,Take Notes,,Capture Frame Rate,120.000000,Export Frame Rate,120.000000,Capture Start Time,2021-04-06 10.15.00.708 AM,Total Frames in Take,628,Total Exported Frames,628,Rotation Type,Quaternion,Length Units,Meters,Coordinate Space,Global

,Type,Marker,Marker,Marker,Marker,Marker,Marker,Marker,Marker,Marker
,Name,Unlabeled 1405,Unlabeled 1405,Unlabeled 1405,Unlabeled 1406,Unlabeled 1406,Unlabeled 1406,Unlabeled 1407,Unlabeled 1407,Unlabeled 1407
,ID,"CB280","CB280","CB280","CB2A0","CB2A0","CB2A0","CB2B0","CB2B0","CB2B0"
,,Position,Position,Position,Position,Position,Position,Position,Position,Position
Frame,Time (Seconds),X,Y,Z,X,Y,Z,X,Y,Z
0,0.000000,0.013387,0.011100,-0.159336,-0.041971,0.053737,-0.161932,-0.157176,0.027916,-0.159837
1,0.008333,0.013356,0.011018,-0.159424,-0.042004,0.053650,-0.162051,-0.157195,0.027909,-0.159863
2,0.016667,0.013326,0.010929,-0.159494,-0.041996,0.053634,-0.162048,-0.157220,0.027879,-0.159930
3,0.025000,0.013318,0.010852,-0.159529,-0.041996,0.053588,-0.162075,-0.157228,0.027860,-0.159952
4,0.033333,0.013295,0.010747,-0.159624,-0.042006,0.053533,-0.162140,-0.157236,0.027844,-0.159985
5,0.041667,0.013288,0.010698,-0.159650,-0.042012,0.053493,-0.162171,-0.157241,0.027829,-0.159982
6,0.050000,0.013273,0.010667,-0.159670,-0.042017,0.053464,-0.162179,-0.157246,0.027808,-0.159992
7,0.058333,0.013277,0.010636,-0.159653,-0.042027,0.053416,-0.162214,-0.157277,0.027755,-0.160033
8,0.066667,0.013271,0.010578,-0.159703,-0.042020,0.053382,-0.162205,-0.157296,0.027705,-0.160100
9,0.075000,0.013288,0.010559,-0.159663,-0.042003,0.053365,-0.162184,-0.157276,0.027689,-0.160068
10,0.083333,0.013297,0.010506,-0.159670,-0.041984,0.053312,-0.162189,-0.157280,0.027652,-0.160098
11,0.091667,0.013303,0.010477,-0.159675,-0.041987,0.053242,-0.162265,-0.157260,0.027628,-0.160096
12,0.100000,0.013342,0.010486,-0.159625,-0.041986,0.053187,-0.162317,-0.157264,0.027575,-0.160131
13,0.108333,0.013361,0.010431,-0.159645,-0.041944,0.053175,-0.162306,-0.157228,0.027570,-0.160097
14,0.116667,0.013393,0.010419,-0.159651,-0.041937,0.053101,-0.162435,-0.157184,0.027578,-0.160058
15,0.125000,0.013450,0.010443,-0.159583,-0.041838,0.053145,-0.162315,-0.157158,0.027562,-0.160061
16,0.133333,0.013472,0.010418,-0.159581,-0.041826,0.053086,-0.162398,-0.157135,0.027530,-0.160073
17,0.141667,0.013529,0.010434,-0.159507,-0.041769,0.053109,-0.162345,-0.157064,0.027584,-0.159971
18,0.150000,0.013564,0.010432,-0.159467,-0.041760,0.053056,-0.162386,-0.157036,0.027565,-0.159956
19,0.158333,0.013588,0.010413,-0.159415,-0.041713,0.053062,-0.162297,-0.156989,0.027560,-0.159877
20,0.166667,0.013612,0.010368,-0.159401,-0.041656,0.053054,-0.162172,-0.156946,0.027544,-0.159810
21,0.175000,0.013637,0.010319,-0.159325,-0.041595,0.053071,-0.162013,-0.156859,0.027558,-0.159653
22,0.183333,0.013657,0.010272,-0.159247,-0.041529,0.053059,-0.161826,-0.156807,0.027520,-0.159562
23,0.191667,0.013717,0.010248,-0.159055,-0.041491,0.053005,-0.161683,-0.156766,0.027467,-0.159451
24,0.200000,0.013761,0.010203,-0.158919,-0.041412,0.053020,-0.161372,-0.156721,0.027394,-0.159340
25,0.208333,0.013792,0.010163,-0.158823,-0.041389,0.052942,-0.161196,-0.156633,0.027388,-0.159132
26,0.216667,0.013879,0.010222,-0.158478,-0.041329,0.052937,-0.160973,-0.156591,0.027319,-0.159030
27,0.225000,0.013943,0.010185,-0.158341,-0.041305,0.052908,-0.160784,-0.156566,0.027265,-0.158919
28,0.233333,0.013971,0.010156,-0.158227,-0.041299,0.052824,-0.160696,-0.156512,0.027260,-0.158756
29,0.241667,0.014008,0.010170,-0.158030,-0.041296,0.052806,-0.160561,-0.156450,0.027290,-0.158553
30,0.250000,0.014009,0.010141,-0.157945,-0.041264,0.052838,-0.160302,-0.156449,0.027282,-0.158456
31,0.258333,0.013988,0.010141,-0.157863,-0.041263,0.052895,-0.160072,-0.156461,0.027280,-0.158342
32,0.266667,0.013988,0.010200,-0.157698,-0.041290,0.052920,-0.159948,-0.156440,0.027340,-0.158155
33,0.275000,0.013986,0.010340,-0.157466,-0.041302,0.053040,-0.159723,-0.156501,0.027328,-0.158086
34,0.283333,0.013949,0.010478,-0.157287,-0.041417,0.053031,-0.159722,-0.156538,0.027370,-0.157943
35,0.291667,0.013948,0.010731,-0.156927,-0.041489,0.053118,-0.159593,-0.156569,0.027421,-0.157749
36,0.300000,0.013929,0.010940,-0.156569,-0.041539,0.053241,-0.159322,-0.156648,0.027419,-0.157640
37,0.308333,0.013850,0.010976,-0.156480,-0.041574,0.053352,-0.159099,-0.156727,0.027413,-0.157531
38,0.316667,0.013780,0.010976,-0.156375,-0.041598,0.053439,-0.158838,-0.156726,0.027470,-0.157263
39,0.325000,0.013741,0.011048,-0.156140,-0.041617,0.053536,-0.158549,-0.156763,0.027485,-0.157051
40,0.333333,0.013723,0.011125,-0.155744,-0.041659,0.053581,-0.158313,-0.156783,0.027503,-0.156818
41,0.341667,0.013638,0.011132,-0.155483,-0.041730,0.053573,-0.158184,-0.156793,0.027533,-0.156534
42,0.350000,0.013622,0.011184,-0.155125,-0.041810,0.053567,-0.157989,-0.156794,0.027561,-0.156264
43,0.358333,0.013517,0.011079,-0.154935,-0.041820,0.053636,-0.157556,-0.156774,0.027624,-0.155923
44,0.366667,0.013416,0.010902,-0.154789,-0.041845,0.053660,-0.157119,-0.156809,0.027587,-0.155716
45,0.375000,0.013403,0.010906,-0.154336,-0.041831,0.053710,-0.156676,-0.156799,0.027591,-0.155407
46,0.383333,0.013408,0.010929,-0.153949,-0.041797,0.053756,-0.156258,-0.156797,0.027567,-0.155106
47,0.391667,0.013474,0.011028,-0.153372,-0.041794,0.053745,-0.155873,-0.156803,0.027558,-0.154773
48,0.400000,0.013529,0.011136,-0.152775,-0.041781,0.053710,-0.155508,-0.156813,0.027518,-0.154494
49,0.408333,0.013575,0.011188,-0.152149,-0.041800,0.053639,-0.155159,-0.156782,0.027518,-0.154153
50,0.416667,0.013681,0.011257,-0.151305,-0.041752,0.053608,-0.154617,-0.156796,0.027447,-0.153936
51,0.425000,0.013727,0.011198,-0.150715,-0.041697,0.053616,-0.154147,-0.156796,0.027381,-0.153681
52,0.433333,0.013816,0.011284,-0.149935,-0.041597,0.053631,-0.153502,-0.156760,0.027350,-0.153310
53,0.441667,0.013886,0.011345,-0.149267,-0.041488,0.053728,-0.152754,-0.156697,0.027340,-0.152875
54,0.450000,0.013937,0.011304,-0.148661,-0.041445,0.053721,-0.152123,-0.156667,0.027263,-0.152536
55,0.458333,0.013959,0.011204,-0.148082,-0.041407,0.053722,-0.151531,-0.156562,0.027264,-0.152037
56,0.466667,0.014069,0.011267,-0.147185,-0.041374,0.053677,-0.150986,-0.156440,0.027335,-0.151464
57,0.475000,0.014182,0.011353,-0.146412,-0.041278,0.053757,-0.150229,-0.156325,0.027419,-0.150859
58,0.483333,0.014308,0.011620,-0.145266,-0.041205,0.053773,-0.149509,-0.156248,0.027464,-0.150350
59,0.491667,0.014322,0.011566,-0.144439,-0.041162,0.053755,-0.148871,-0.156140,0.027511,-0.149754
60,0.500000,0.014404,0.011697,-0.143327,-0.041119,0.053756,-0.148137,-0.156075,0.027543,-0.149219
61,0.508333,0.014522,0.011848,-0.142217,-0.040985,0.053959,-0.147009,-0.155991,0.027592,-0.148589
62,0.516667,0.014430,0.011647,-0.141645,-0.040958,0.054052,-0.146104,-0.155892,0.027663,-0.147915
63,0.525000,0.014476,0.011750,-0.140543,-0.040977,0.054047,-0.145280,-0.155895,0.027637,-0.147430
64,0.533333,0.014291,0.011520,-0.139863,-0.040935,0.054108,-0.144422,-0.155891,0.027654,-0.146821
65,0.541667,0.014354,0.011753,-0.138483,-0.040955,0.054049,-0.143541,-0.155815,0.027749,-0.146040
66,0.550000,0.014361,0.011753,-0.137414,-0.040881,0.054182,-0.142342,-0.155886,0.027631,-0.145550
67,0.558333,0.014384,0.011726,-0.136150,-0.040767,0.054314,-0.140989,-0.155878,0.027588,-0.144848
68,0.566667,0.014446,0.011925,-0.134641,-0.040874,0.054119,-0.140241,-0.155744,0.027682,-0.143956
69,0.575000,0.014558,0.012105,-0.133016,-0.040831,0.054128,-0.139096,-0.155715,0.027676,-0.143250
70,0.583333,0.014540,0.012036,-0.131946,-0.040884,0.054066,-0.138057,-0.155596,0.027782,-0.142290
71,0.591667,0.014474,0.011945,-0.130897,-0.040839,0.054224,-0.136799,-0.155541,0.027783,-0.141523
72,0.600000,0.014396,0.011845,-0.129635,-0.040836,0.054119,-0.135764,-0.155497,0.027765,-0.140744
73,0.608333,0.014402,0.011966,-0.128157,-0.040796,0.054161,-0.134583,-0.155512,0.027744,-0.140032
74,0.616667,0.014314,0.011832,-0.127106,-0.040811,0.054252,-0.133417,-0.155609,0.027622,-0.139527
75,0.625000,0.014400,0.012067,-0.125500,-0.040860,0.054195,-0.132364,-0.155579,0.027633,-0.138692
76,0.633333,0.014418,0.012234,-0.123962,-0.040863,0.054158,-0.131255,-0.155566,0.027560,-0.138002
77,0.641667,0.014520,0.012347,-0.122459,-0.040904,0.054160,-0.130268,-0.155444,0.027641,-0.137090
78,0.650000,0.014423,0.012191,-0.121486,-0.040774,0.054358,-0.128774,-0.155313,0.027761,-0.136134
79,0.658333,0.014404,0.012400,-0.119931,-0.040816,0.054352,-0.127669,-0.155335,0.027687,-0.135499
80,0.666667,0.014225,0.012250,-0.118829,-0.040820,0.054431,-0.126533,-0.155187,0.027814,-0.134455
81,0.675000,0.014204,0.012195,-0.117743,-0.040882,0.054448,-0.125313,-0.155276,0.027660,-0.133908
82,0.683333,0.014297,0.012458,-0.115973,-0.040893,0.054470,-0.124134,-0.155351,0.027568,-0.133348
83,0.691667,0.014315,0.012603,-0.114492,-0.040964,0.054395,-0.123171,-0.155279,0.027621,-0.132533
84,0.700000,0.014319,0.012609,-0.113390,-0.040920,0.054442,-0.121998,-0.155303,0.027508,-0.131935
85,0.708333,0.014340,0.012581,-0.112075,-0.040834,0.054550,-0.120602,-0.155178,0.027566,-0.131020
86,0.716667,0.014246,0.012560,-0.110892,-0.040733,0.054689,-0.119299,-0.155069,0.027626,-0.130187
87,0.725000,0.014042,0.012276,-0.110036,-0.040825,0.054495,-0.118515,-0.155015,0.027603,-0.129519
88,0.733333,0.014114,0.012337,-0.108624,-0.040810,0.054444,-0.117418,-0.154932,0.027601,-0.128803
89,0.741667,0.014107,0.012190,-0.107504,-0.040848,0.054319,-0.116487,-0.154828,0.027607,-0.128107
90,0.750000,0.014213,0.012334,-0.106071,-0.040684,0.054446,-0.115128,-0.154793,0.027504,-0.127514
91,0.758333,0.014197,0.012226,-0.104915,-0.040691,0.054254,-0.114254,-0.154785,0.027381,-0.127013
92,0.766667,0.014330,0.012197,-0.103687,-0.040635,0.054141,-0.113335,-0.154815,0.027222,-0.126628
93,0.775000,0.014263,0.011855,-0.103059,-0.040534,0.054018,-0.112294,-0.154690,0.027226,-0.125899
94,0.783333,0.014274,0.011644,-0.102259,-0.040479,0.053869,-0.111442,-0.154698,0.027003,-0.125504
95,0.791667,0.014291,0.011463,-0.101381,-0.040408,0.053759,-0.110705,-0.154576,0.026940,-0.124990
96,0.800000,0.014355,0.011408,-0.100496,-0.040335,0.053631,-0.109871,-0.154530,0.026820,-0.124662
97,0.808333,0.014341,0.011208,-0.099974,-0.040204,0.053579,-0.109110,-0.154458,0.026760,-0.124274
98,0.816667,0.014311,0.010947,-0.099656,-0.040193,0.053418,-0.108675,-0.154406,0.026664,-0.123971
99,0.825000,0.014330,0.010748,-0.099245,-0.040183,0.053291,-0.108338,-0.154375,0.026588,-0.123713
100,0.833333,0.014351,0.010636,-0.098971,-0.040178,0.053166,-0.108045,-0.154325,0.026534,-0.123489
101,0.841667,0.014371,0.010527,-0.098858,-0.040185,0.052996,-0.107957,-0.154298,0.026437,-0.123386
102,0.850000,0.014448,0.010495,-0.098742,-0.040126,0.052913,-0.107778,-0.154267,0.026366,-0.123357
103,0.858333,0.014628,0.010657,-0.098476,-0.040062,0.052872,-0.107760,-0.154223,0.026324,-0.123370
104,0.866667,0.014671,0.010654,-0.098641,-0.040044,0.052832,-0.107910,-0.154227,0.026261,-0.123512
105,0.875000,0.014700,0.010560,-0.099162,-0.040047,0.052861,-0.108262,-0.154210,0.026245,-0.123683
106,0.883333,0.014853,0.010700,-0.099538,-0.039931,0.052984,-0.108474,-0.154151,0.026306,-0.123849
107,0.891667,0.014928,0.010752,-0.100216,-0.039930,0.052973,-0.109063,-0.154056,0.026405,-0.124051
108,0.900000,0.014913,0.010703,-0.101250,-0.039922,0.052987,-0.109802,-0.153940,0.026512,-0.124339
109,0.908333,0.014982,0.010847,-0.101988,-0.039922,0.053000,-0.110625,-0.153946,0.026477,-0.124883
110,0.916667,0.014975,0.010890,-0.103249,-0.039912,0.053163,-0.111587,-0.153886,0.026589,-0.125298
111,0.925000,0.015049,0.010900,-0.104560,-0.039829,0.053337,-0.112358,-0.153920,0.026611,-0.126014
112,0.933333,0.015319,0.011411,-0.105083,-0.039759,0.053509,-0.113291,-0.153983,0.026639,-0.126745
113,0.941667,0.015431,0.011749,-0.106132,-0.039705,0.053711,-0.114354,-0.153937,0.026792,-0.127354
114,0.950000,0.015517,0.011863,-0.107554,-0.039735,0.053723,-0.115652,-0.153921,0.026904,-0.128035
115,0.958333,0.015422,0.011786,-0.109423,-0.039736,0.053974,-0.116827,-0.153995,0.026910,-0.128933
116,0.966667,0.015415,0.011895,-0.111012,-0.039799,0.053952,-0.118327,-0.153859,0.027200,-0.129576
117,0.975000,0.015603,0.012163,-0.112437,-0.039703,0.054256,-0.119482,-0.153929,0.027239,-0.130494
118,0.983333,0.015707,0.012555,-0.113834,-0.039588,0.054544,-0.120573,-0.153896,0.027396,-0.131280
119,0.991667,0.015844,0.012905,-0.115104,-0.039607,0.054701,-0.122029,-0.153989,0.027466,-0.132295
120,1.000000,0.015691,0.012667,-0.117461,-0.039654,0.054686,-0.123611,-0.154035,0.027535,-0.133284
121,1.008333,0.015706,0.012837,-0.119184,-0.039651,0.054893,-0.125039,-0.154142,0.027508,-0.134412
122,1.016667,0.015793,0.013077,-0.120775,-0.039708,0.054947,-0.126704,-0.154006,0.027820,-0.135124
123,1.025000,0.015891,0.013275,-0.122620,-0.039657,0.055156,-0.128115,-0.154089,0.027832,-0.136230
124,1.033333,0.015982,0.013610,-0.124048,-0.039614,0.055354,-0.129477,-0.154077,0.027935,-0.137127
125,1.041667,0.015923,0.013577,-0.126211,-0.039766,0.055323,-0.131428,-0.154196,0.027946,-0.138311
126,1.050000,0.015880,0.013602,-0.128271,-0.039800,0.055318,-0.133058,-0.154292,0.027963,-0.139423
127,1.058333,0.015710,0.013446,-0.130465,-0.039742,0.055566,-0.134448,-0.154417,0.027909,-0.140623
128,1.066667,0.015952,0.013840,-0.131956,-0.039847,0.055524,-0.136340,-0.154381,0.028104,-0.141568
129,1.075000,0.015921,0.013961,-0.133788,-0.039786,0.055747,-0.137789,-0.154396,0.028202,-0.142519
130,1.083333,0.015867,0.013943,-0.135710,-0.039845,0.055812,-0.139336,-0.154449,0.028253,-0.143576
131,1.091667,0.015676,0.013746,-0.138092,-0.040049,0.055657,-0.141453,-0.154561,0.028278,-0.144674
132,1.100000,0.015623,0.013828,-0.139740,-0.039977,0.055864,-0.142718,-0.154712,0.028246,-0.145874
133,1.108333,0.015494,0.013782,-0.141845,-0.040050,0.055912,-0.144247,-0.154787,0.028250,-0.146837
134,1.116667,0.015639,0.014034,-0.143248,-0.040155,0.055801,-0.146101,-0.154919,0.028224,-0.147993
135,1.125000,0.015646,0.014261,-0.144626,-0.040234,0.055853,-0.147564,-0.154899,0.028319,-0.148806
136,1.133333,0.015456,0.014030,-0.146660,-0.040257,0.055924,-0.148802,-0.154964,0.028283,-0.149742
137,1.141667,0.015318,0.013911,-0.148429,-0.040335,0.055875,-0.150284,-0.154983,0.028341,-0.150472
138,1.150000,0.015156,0.013641,-0.150137,-0.040529,0.055613,-0.151990,-0.155165,0.028243,-0.151555
139,1.158333,0.015077,0.013714,-0.151393,-0.040540,0.055654,-0.152995,-0.155283,0.028195,-0.152466
140,1.166667,0.014899,0.013392,-0.153014,-0.040570,0.055700,-0.154079,-0.155456,0.028075,-0.153447
141,1.175000,0.014717,0.013123,-0.154439,-0.040702,0.055483,-0.155347,-0.155603,0.027958,-0.154320
142,1.183333,0.014561,0.013035,-0.155743,-0.040765,0.055365,-0.156456,-0.155756,0.027900,-0.155042
143,1.191667,0.014470,0.013000,-0.156552,-0.040840,0.055323,-0.157294,-0.155869,0.027877,-0.155651
144,1.200000,0.014333,0.012853,-0.157359,-0.040926,0.055324,-0.158006,-0.155964,0.027858,-0.156159
145,1.208333,0.014202,0.012688,-0.158080,-0.041026,0.055231,-0.158644,-0.156057,0.027815,-0.156584
146,1.216667,0.014063,0.012525,-0.158625,-0.041118,0.055121,-0.159156,-0.156124,0.027822,-0.156884
147,1.225000,0.013955,0.012396,-0.158911,-0.041210,0.055004,-0.159561,-0.156233,0.027774,-0.157166
148,1.233333,0.013825,0.012207,-0.159119,-0.041330,0.054831,-0.159887,-0.156368,0.027686,-0.157417
149,1.241667,0.013704,0.011976,-0.159210,-0.041488,0.054595,-0.160151,-0.156474,0.027629,-0.157535
150,1.250000,0.013660,0.011887,-0.159018,-0.041518,0.054494,-0.160035,-0.156586,0.027523,-0.157624
151,1.258333,0.013608,0.011715,-0.158799,-0.041578,0.054342,-0.159939,-0.156697,0.027378,-0.157660
152,1.266667,0.013456,0.011380,-0.158782,-0.041622,0.054108,-0.159749,-0.156753,0.027279,-0.157539
153,1.275000,0.013412,0.011103,-0.158460,-0.041684,0.053867,-0.159595,-0.156814,0.027132,-0.157386
154,1.283333,0.013398,0.010924,-0.157874,-0.041746,0.053614,-0.159378,-0.156855,0.027003,-0.157125
155,1.291667,0.013202,0.010524,-0.157776,-0.041731,0.053454,-0.158893,-0.156898,0.026867,-0.156865
156,1.300000,0.013064,0.010215,-0.157583,-0.041756,0.053295,-0.158500,-0.156918,0.026731,-0.156534
157,1.308333,0.013157,0.010237,-0.156524,-0.041881,0.052974,-0.158203,-0.156940,0.026620,-0.156152
158,1.316667,0.013061,0.009932,-0.156052,-0.041859,0.052976,-0.157446,-0.156920,0.026598,-0.155590
159,1.325000,0.013108,0.009933,-0.155239,-0.041845,0.052933,-0.156746,-0.156966,0.026453,-0.155207
160,1.333333,0.013086,0.009794,-0.154556,-0.041850,0.052863,-0.156061,-0.156973,0.026367,-0.154680
161,1.341667,0.013165,0.009844,-0.153371,-0.041806,0.052853,-0.155219,-0.156945,0.026319,-0.154038
162,1.350000,0.013268,0.009958,-0.152178,-0.041844,0.052743,-0.154608,-0.156966,0.026226,-0.153540
163,1.358333,0.013341,0.010169,-0.150976,-0.041887,0.052704,-0.153804,-0.156964,0.026199,-0.152993
164,1.366667,0.013402,0.010265,-0.149720,-0.041810,0.052924,-0.152562,-0.156860,0.026250,-0.152192
165,1.375000,0.013491,0.010449,-0.148387,-0.041734,0.053131,-0.151348,-0.156770,0.026316,-0.151370
166,1.383333,0.013553,0.010709,-0.146903,-0.041792,0.053084,-0.150504,-0.156688,0.026377,-0.150562
167,1.391667,0.013569,0.010930,-0.145479,-0.041818,0.053192,-0.149404,-0.156573,0.026517,-0.149588
168,1.400000,0.013405,0.010727,-0.144495,-0.041662,0.053585,-0.147632,-0.156584,0.026501,-0.148891
169,1.408333,0.013546,0.011191,-0.142547,-0.041561,0.053792,-0.146072,-0.156519,0.026568,-0.147976
170,1.416667,0.013693,0.011490,-0.140526,-0.041635,0.053807,-0.144943,-0.156529,0.026537,-0.147165
171,1.425000,0.013783,0.011660,-0.138817,-0.041554,0.054014,-0.143184,-0.156391,0.026638,-0.146053
172,1.433333,0.013900,0.011886,-0.136720,-0.041545,0.054018,-0.141708,-0.156258,0.026751,-0.144976
173,1.441667,0.013981,0.012054,-0.134721,-0.041511,0.054009,-0.140266,-0.156147,0.026793,-0.143962
174,1.450000,0.014064,0.012147,-0.132693,-0.041350,0.054289,-0.138189,-0.155921,0.026980,-0.142644
175,1.458333,0.013976,0.012100,-0.130985,-0.041329,0.054287,-0.136743,-0.155841,0.026975,-0.141616
176,1.466667,0.013992,0.012116,-0.128945,-0.041352,0.054210,-0.135184,-0.155796,0.026966,-0.140654
177,1.475000,0.014063,0.012127,-0.127011,-0.041255,0.054312,-0.133328,-0.155781,0.026871,-0.139708
178,1.483333,0.014230,0.012431,-0.124302,-0.041240,0.054175,-0.131748,-0.155628,0.026897,-0.138537
179,1.491667,0.014334,0.012416,-0.122204,-0.041132,0.054279,-0.129927,-0.155524,0.026883,-0.137486
180,1.500000,0.014110,0.012134,-0.120583,-0.040998,0.054250,-0.127967,-0.155413,0.026823,-0.136449
181,1.508333,0.014124,0.011943,-0.118646,-0.041057,0.053994,-0.126591,-0.155226,0.026816,-0.135232
182,1.516667,0.014173,0.011752,-0.116786,-0.040933,0.053960,-0.124665,-0.155169,0.026702,-0.134340
183,1.525000,0.014309,0.011879,-0.114449,-0.040844,0.053829,-0.123035,-0.154921,0.026720,-0.133056
184,1.533333,0.014290,0.011516,-0.112928,-0.040818,0.053531,-0.121666,-0.154995,0.026380,-0.132426
185,1.541667,0.014318,0.011144,-0.111433,-0.040595,0.053463,-0.119813,-0.154864,0.026287,-0.131440
186,1.550000,0.014297,0.010991,-0.109833,-0.040485,0.053313,-0.118407,-0.154862,0.025952,-0.130765
187,1.558333,0.014236,0.010515,-0.108653,-0.040457,0.052928,-0.117249,-0.154675,0.025826,-0.129786
188,1.566667,0.014224,0.010009,-0.107666,-0.040363,0.052737,-0.115996,-0.154587,0.025660,-0.129028
189,1.575000,0.014292,0.009733,-0.106467,-0.040340,0.052370,-0.114984,-0.154451,0.025472,-0.128220
190,1.583333,0.014446,0.009660,-0.104979,-0.040274,0.052059,-0.114103,-0.154323,0.025301,-0.127581
191,1.591667,0.014475,0.009408,-0.103944,-0.040194,0.051810,-0.113250,-0.154250,0.025106,-0.127081
192,1.600000,0.014544,0.009176,-0.103179,-0.040156,0.051528,-0.112662,-0.154174,0.024952,-0.126622
193,1.608333,0.014513,0.008839,-0.102557,-0.040073,0.051368,-0.112066,-0.154078,0.024834,-0.126195
194,1.616667,0.014515,0.008561,-0.102201,-0.039990,0.051222,-0.111681,-0.154029,0.024718,-0.125907
195,1.625000,0.014561,0.008494,-0.101766,-0.039922,0.051074,-0.111399,-0.153983,0.024617,-0.125690
196,1.633333,0.014618,0.008345,-0.101494,-0.039868,0.050913,-0.111286,-0.153914,0.024588,-0.125474
197,1.641667,0.014670,0.008298,-0.101225,-0.039789,0.050903,-0.111140,-0.153858,0.024579,-0.125362
198,1.650000,0.014731,0.008328,-0.100964,-0.039736,0.050899,-0.111132,-0.153799,0.024597,-0.125271
199,1.658333,0.014752,0.008331,-0.100948,-0.039621,0.050979,-0.111034,-0.153803,0.024579,-0.125340
200,1.666667,0.014745,0.008300,-0.101188,-0.039590,0.051011,-0.111158,-0.153780,0.024620,-0.125368
201,1.675000,0.014763,0.008368,-0.101415,-0.039585,0.051058,-0.111414,-0.153796,0.024627,-0.125531
202,1.683333,0.014802,0.008504,-0.101522,-0.039536,0.051222,-0.111609,-0.153793,0.024679,-0.125698
203,1.691667,0.014718,0.008480,-0.102141,-0.039499,0.051303,-0.112027,-0.153796,0.024769,-0.125893
204,1.700000,0.014821,0.008776,-0.102253,-0.039462,0.051453,-0.112305,-0.153804,0.024860,-0.126139
205,1.708333,0.014842,0.008922,-0.102935,-0.039421,0.051663,-0.112653,-0.153789,0.025039,-0.126374
206,1.716667,0.014831,0.009061,-0.103571,-0.039481,0.051746,-0.113317,-0.153793,0.025176,-0.126716
207,1.725000,0.014856,0.009118,-0.104600,-0.039487,0.051983,-0.113978,-0.153809,0.025309,-0.127109
208,1.733333,0.014779,0.009223,-0.105603,-0.039517,0.052106,-0.114739,-0.153839,0.025419,-0.127617
209,1.741667,0.015037,0.009860,-0.105981,-0.039532,0.052304,-0.115483,-0.153854,0.025542,-0.128112
210,1.750000,0.015117,0.010174,-0.106786,-0.039576,0.052534,-0.116479,-0.153842,0.025788,-0.128658
211,1.758333,0.015178,0.010564,-0.107765,-0.039626,0.052701,-0.117447,-0.153776,0.026035,-0.129042
212,1.766667,0.015201,0.010650,-0.109139,-0.039586,0.052994,-0.118389,-0.153848,0.026115,-0.129788
213,1.775000,0.015151,0.010812,-0.110499,-0.039560,0.053219,-0.119291,-0.153784,0.026390,-0.130293
214,1.783333,0.015142,0.010928,-0.111977,-0.039612,0.053395,-0.120524,-0.153860,0.026483,-0.131134
215,1.791667,0.015213,0.011125,-0.113426,-0.039592,0.053560,-0.121672,-0.153952,0.026518,-0.132101
216,1.800000,0.015397,0.011491,-0.114585,-0.039678,0.053532,-0.123175,-0.154059,0.026568,-0.133099
217,1.808333,0.015475,0.011703,-0.115998,-0.039706,0.053745,-0.124494,-0.154040,0.026779,-0.133918
218,1.816667,0.015455,0.011627,-0.118110,-0.039586,0.053962,-0.125729,-0.153981,0.026927,-0.134776
219,1.825000,0.015488,0.011784,-0.119912,-0.039507,0.054124,-0.127240,-0.153864,0.027135,-0.135583
220,1.833333,0.015661,0.012050,-0.121646,-0.039444,0.054254,-0.128722,-0.153924,0.027200,-0.136719
221,1.841667,0.015811,0.012196,-0.123611,-0.039479,0.054270,-0.130623,-0.153981,0.027162,-0.137910
222,1.850000,0.015859,0.012183,-0.125803,-0.039366,0.054395,-0.132288,-0.154065,0.027146,-0.139148
223,1.858333,0.015805,0.012049,-0.128235,-0.039205,0.054571,-0.133838,-0.153946,0.027321,-0.140158
224,1.866667,0.015984,0.012290,-0.130043,-0.039217,0.054563,-0.135903,-0.153825,0.027445,-0.141068
225,1.875000,0.016182,0.012436,-0.131880,-0.039201,0.054569,-0.137679,-0.153893,0.027384,-0.142393
226,1.883333,0.016073,0.012185,-0.134395,-0.039155,0.054507,-0.139694,-0.153929,0.027345,-0.143691
227,1.891667,0.016067,0.011934,-0.136555,-0.038949,0.054705,-0.141011,-0.153885,0.027372,-0.144751
228,1.900000,0.016049,0.011841,-0.138575,-0.039055,0.054423,-0.143245,-0.153762,0.027482,-0.145771
229,1.908333,0.016336,0.012042,-0.139765,-0.039006,0.054392,-0.144735,-0.153841,0.027410,-0.147075
230,1.916667,0.016229,0.011704,-0.141908,-0.038915,0.054350,-0.146255,-0.153840,0.027420,-0.148097
231,1.925000,0.016229,0.011503,-0.143639,-0.038878,0.054215,-0.147748,-0.154000,0.027210,-0.149467
232,1.933333,0.016141,0.011325,-0.145535,-0.038765,0.054327,-0.148765,-0.153918,0.027321,-0.150249
233,1.941667,0.016087,0.011188,-0.147066,-0.038854,0.054167,-0.150338,-0.153925,0.027311,-0.151187
234,1.950000,0.016118,0.011295,-0.148355,-0.039019,0.053928,-0.151983,-0.153827,0.027435,-0.151725
235,1.958333,0.015968,0.011087,-0.150082,-0.038966,0.054078,-0.152824,-0.153925,0.027371,-0.152649
236,1.966667,0.016170,0.011368,-0.150801,-0.038957,0.054235,-0.153700,-0.154050,0.027296,-0.153528
237,1.975000,0.016052,0.011390,-0.152073,-0.039084,0.054199,-0.154728,-0.154095,0.027349,-0.154094
238,1.983333,0.016073,0.011654,-0.152769,-0.039226,0.054155,-0.155840,-0.154251,0.027269,-0.154900
239,1.991667,0.015959,0.011658,-0.153736,-0.039368,0.054068,-0.156864,-0.154353,0.027258,-0.155485
240,2.000000,0.015776,0.011526,-0.154958,-0.039444,0.054145,-0.157521,-0.154459,0.027220,-0.156031
241,2.008333,0.015748,0.011610,-0.155654,-0.039487,0.054241,-0.158052,-0.154531,0.027244,-0.156433
242,2.016667,0.015690,0.011615,-0.156212,-0.039531,0.054265,-0.158523,-0.154591,0.027240,-0.156781
243,2.025000,0.015618,0.011530,-0.156811,-0.039568,0.054295,-0.158899,-0.154645,0.027225,-0.157107
244,2.033333,0.015513,0.011410,-0.157322,-0.039569,0.054312,-0.159086,-0.154689,0.027197,-0.157320
245,2.041667,0.015429,0.011267,-0.157897,-0.039602,0.054294,-0.159289,-0.154737,0.027151,-0.157493
246,2.050000,0.015366,0.011157,-0.158321,-0.039649,0.054233,-0.159516,-0.154770,0.027109,-0.157614
247,2.058333,0.015326,0.011124,-0.158528,-0.039684,0.054199,-0.159642,-0.154816,0.027059,-0.157711
248,2.066667,0.015271,0.011061,-0.158710,-0.039755,0.054124,-0.159791,-0.154834,0.027038,-0.157718
249,2.075000,0.015254,0.011061,-0.158662,-0.039771,0.054112,-0.159785,-0.154910,0.026961,-0.157775
250,2.083333,0.015206,0.011013,-0.158614,-0.039793,0.054108,-0.159721,-0.154904,0.026990,-0.157659
251,2.091667,0.015230,0.011141,-0.158142,-0.039825,0.054092,-0.159606,-0.154911,0.026995,-0.157515
252,2.100000,0.015243,0.011180,-0.157755,-0.039834,0.054073,-0.159455,-0.154925,0.026989,-0.157368
253,2.108333,0.015241,0.011211,-0.157342,-0.039865,0.054020,-0.159203,-0.154897,0.027024,-0.157091
254,2.116667,0.015189,0.011180,-0.156987,-0.039891,0.054008,-0.158882,-0.154898,0.027026,-0.156837
255,2.125000,0.015099,0.011119,-0.156585,-0.039875,0.054068,-0.158300,-0.154923,0.026987,-0.156557
256,2.133333,0.015064,0.011151,-0.155868,-0.039825,0.054181,-0.157596,-0.154890,0.027025,-0.156101
257,2.141667,0.015062,0.011154,-0.155164,-0.039790,0.054334,-0.156752,-0.154827,0.027110,-0.155489
258,2.150000,0.015017,0.011043,-0.154419,-0.039891,0.054173,-0.156177,-0.154799,0.027115,-0.154942
259,2.158333,0.015092,0.011152,-0.153395,-0.039903,0.054111,-0.155510,-0.154738,0.027141,-0.154334
260,2.166667,0.015133,0.011227,-0.152343,-0.039833,0.054133,-0.154609,-0.154700,0.027110,-0.153753
261,2.175000,0.015257,0.011402,-0.150754,-0.039839,0.054045,-0.153786,-0.154693,0.027074,-0.153151
262,2.183333,0.015338,0.011492,-0.149551,-0.039664,0.054260,-0.152377,-0.154751,0.026966,-0.152674
263,2.191667,0.015322,0.011388,-0.148584,-0.039642,0.054297,-0.151321,-0.154721,0.026994,-0.152035
264,2.200000,0.015445,0.011597,-0.146932,-0.039680,0.054239,-0.150472,-0.154585,0.027140,-0.151101
265,2.208333,0.015540,0.011776,-0.145464,-0.039620,0.054298,-0.149390,-0.154560,0.027112,-0.150433
266,2.216667,0.015563,0.011825,-0.144215,-0.039571,0.054351,-0.148177,-0.154438,0.027178,-0.149565
267,2.225000,0.015383,0.011472,-0.143375,-0.039463,0.054515,-0.146745,-0.154322,0.027258,-0.148646
268,2.233333,0.015486,0.011721,-0.141713,-0.039461,0.054449,-0.145651,-0.154301,0.027253,-0.147967
269,2.241667,0.015545,0.011814,-0.140057,-0.039403,0.054497,-0.144444,-0.154187,0.027369,-0.147028
270,2.250000,0.015595,0.011891,-0.138641,-0.039305,0.054651,-0.142958,-0.154138,0.027364,-0.146247
271,2.258333,0.015638,0.011885,-0.137087,-0.039266,0.054709,-0.141664,-0.154154,0.027275,-0.145548
272,2.266667,0.015775,0.012218,-0.135107,-0.039237,0.054698,-0.140442,-0.154052,0.027359,-0.144624
273,2.275000,0.015735,0.012152,-0.133746,-0.039197,0.054707,-0.139166,-0.154020,0.027348,-0.143884
274,2.283333,0.015642,0.011925,-0.132416,-0.039221,0.054719,-0.137818,-0.153932,0.027348,-0.142949
275,2.291667,0.015617,0.012023,-0.130722,-0.039181,0.054701,-0.136492,-0.153845,0.027343,-0.142058
276,2.300000,0.015584,0.011882,-0.129161,-0.039166,0.054557,-0.135240,-0.153744,0.027369,-0.141067
277,2.308333,0.015577,0.011710,-0.127616,-0.039061,0.054623,-0.133641,-0.153755,0.027278,-0.140331
278,2.316667,0.015692,0.011911,-0.125522,-0.039171,0.054393,-0.132535,-0.153688,0.027226,-0.139429
279,2.325000,0.015685,0.011828,-0.123901,-0.039178,0.054223,-0.131310,-0.153797,0.026981,-0.138808
280,2.333333,0.015481,0.011396,-0.122850,-0.039164,0.054157,-0.129975,-0.153725,0.026970,-0.137927
281,2.341667,0.015297,0.011089,-0.121434,-0.039131,0.054087,-0.128494,-0.153738,0.026863,-0.137157
282,2.350000,0.015353,0.011112,-0.119637,-0.039096,0.053961,-0.127281,-0.153719,0.026705,-0.136390
283,2.358333,0.015333,0.010862,-0.118197,-0.039086,0.053701,-0.126038,-0.153619,0.026661,-0.135474
284,2.366667,0.015307,0.010840,-0.116507,-0.039140,0.053526,-0.124903,-0.153616,0.026552,-0.134747
285,2.375000,0.015193,0.010386,-0.115346,-0.039129,0.053329,-0.123652,-0.153486,0.026519,-0.133784
286,2.383333,0.014939,0.009783,-0.114770,-0.039309,0.052899,-0.122984,-0.153700,0.026109,-0.133485
287,2.391667,0.014952,0.009647,-0.113315,-0.039226,0.052764,-0.121791,-0.153645,0.026050,-0.132694
288,2.400000,0.014983,0.009571,-0.111863,-0.039220,0.052513,-0.120788,-0.153676,0.025862,-0.132171
289,2.408333,0.014941,0.009218,-0.110908,-0.039121,0.052496,-0.119581,-0.153657,0.025664,-0.131566
290,2.416667,0.014993,0.009025,-0.109847,-0.039051,0.052241,-0.118654,-0.153589,0.025530,-0.130947
291,2.425000,0.014922,0.008628,-0.109119,-0.038973,0.052096,-0.117771,-0.153513,0.025433,-0.130372
292,2.433333,0.014943,0.008599,-0.107991,-0.039043,0.051754,-0.117304,-0.153427,0.025343,-0.129786
293,2.441667,0.014890,0.008234,-0.107380,-0.039077,0.051404,-0.116816,-0.153383,0.025191,-0.129344
294,2.450000,0.014974,0.008125,-0.106435,-0.039002,0.051316,-0.116044,-0.153328,0.025034,-0.128955
295,2.458333,0.014946,0.007849,-0.106120,-0.038974,0.051149,-0.115525,-0.153333,0.024836,-0.128730
296,2.466667,0.014702,0.007239,-0.106273,-0.038871,0.051021,-0.114889,-0.153263,0.024771,-0.128367
297,2.475000,0.014806,0.007171,-0.105627,-0.038824,0.050886,-0.114535,-0.153206,0.024660,-0.128125
298,2.483333,0.014943,0.007158,-0.105202,-0.038818,0.050733,-0.114312,-0.153190,0.024526,-0.128000
299,2.491667,0.015123,0.007242,-0.104787,-0.038734,0.050666,-0.114029,-0.153078,0.024522,-0.127747
300,2.500000,0.015142,0.007136,-0.104788,-0.038700,0.050564,-0.113988,-0.153023,0.024495,-0.127659
301,2.508333,0.015230,0.007190,-0.104693,-0.038643,0.050560,-0.113980,-0.152972,0.024493,-0.127657
302,2.516667,0.015282,0.007231,-0.104757,-0.038567,0.050613,-0.114023,-0.152947,0.024471,-0.127785
303,2.525000,0.015388,0.007324,-0.104805,-0.038504,0.050657,-0.114228,-0.152867,0.024537,-0.127863
304,2.533333,0.015529,0.007482,-0.105045,-0.038359,0.050836,-0.114296,-0.152819,0.024585,-0.128056
305,2.541667,0.015635,0.007622,-0.105375,-0.038326,0.050837,-0.114742,-0.152755,0.024679,-0.128218
306,2.550000,0.015672,0.007697,-0.105897,-0.038341,0.050877,-0.115239,-0.152734,0.024700,-0.128524
307,2.558333,0.015569,0.007462,-0.107121,-0.038267,0.051148,-0.115601,-0.152650,0.024836,-0.128711
308,2.566667,0.015762,0.007868,-0.107273,-0.038228,0.051289,-0.116069,-0.152661,0.024853,-0.129126
309,2.575000,0.015738,0.007903,-0.108229,-0.038214,0.051413,-0.116635,-0.152677,0.024878,-0.129649
310,2.583333,0.015928,0.008369,-0.108612,-0.038153,0.051561,-0.117255,-0.152556,0.025112,-0.129948
311,2.591667,0.015979,0.008405,-0.109729,-0.038183,0.051724,-0.118114,-0.152463,0.025286,-0.130268
312,2.600000,0.016143,0.008726,-0.110576,-0.038186,0.051795,-0.119100,-0.152500,0.025302,-0.130938
313,2.608333,0.016212,0.008946,-0.111601,-0.038154,0.052001,-0.119957,-0.152471,0.025446,-0.131476
314,2.616667,0.016270,0.009273,-0.112708,-0.038032,0.052362,-0.120709,-0.152492,0.025568,-0.132123
315,2.625000,0.016276,0.009356,-0.114245,-0.038013,0.052542,-0.121750,-0.152570,0.025606,-0.133007
316,2.633333,0.016272,0.009521,-0.115795,-0.038116,0.052668,-0.123192,-0.152551,0.025773,-0.133633
317,2.641667,0.016389,0.009964,-0.116794,-0.038128,0.052848,-0.124321,-0.152687,0.025772,-0.134626
318,2.650000,0.016509,0.010353,-0.118103,-0.038145,0.053151,-0.125513,-0.152662,0.026041,-0.135330
319,2.658333,0.016564,0.010546,-0.119652,-0.038146,0.053364,-0.126794,-0.152632,0.026240,-0.136027
320,2.666667,0.016519,0.010796,-0.121308,-0.038215,0.053513,-0.128252,-0.152588,0.026445,-0.136739
321,2.675000,0.016432,0.010870,-0.123149,-0.038132,0.053839,-0.129302,-0.152739,0.026516,-0.137849
322,2.683333,0.016341,0.010840,-0.125128,-0.038208,0.054032,-0.130818,-0.152758,0.026708,-0.138638
323,2.691667,0.016511,0.011333,-0.126401,-0.038356,0.053967,-0.132576,-0.152945,0.026648,-0.139874
324,2.700000,0.016562,0.011613,-0.128018,-0.038436,0.054148,-0.134094,-0.153006,0.026791,-0.140763
325,2.708333,0.016566,0.011657,-0.129908,-0.038349,0.054455,-0.135248,-0.153085,0.026812,-0.141845
326,2.716667,0.016467,0.011666,-0.131900,-0.038486,0.054366,-0.137156,-0.153009,0.026966,-0.142578
327,2.725000,0.016416,0.011597,-0.133888,-0.038459,0.054518,-0.138528,-0.153012,0.027078,-0.143531
328,2.733333,0.016330,0.011676,-0.135954,-0.038476,0.054697,-0.139991,-0.153145,0.027056,-0.144654
329,2.741667,0.016480,0.012038,-0.137363,-0.038656,0.054497,-0.142037,-0.153299,0.026942,-0.145882
330,2.750000,0.016564,0.012185,-0.139049,-0.038675,0.054675,-0.143543,-0.153420,0.026935,-0.146999
331,2.758333,0.016423,0.012074,-0.141167,-0.038615,0.054955,-0.144791,-0.153406,0.027066,-0.147857
332,2.766667,0.016407,0.012230,-0.142803,-0.038757,0.054786,-0.146746,-0.153425,0.027091,-0.148812
333,2.775000,0.016284,0.012088,-0.145005,-0.038660,0.055048,-0.147882,-0.153369,0.027210,-0.149638
334,2.783333,0.016230,0.012040,-0.146816,-0.038734,0.055116,-0.149413,-0.153445,0.027218,-0.150666
335,2.791667,0.016140,0.011986,-0.148638,-0.038893,0.054867,-0.151259,-0.153464,0.027267,-0.151508
336,2.800000,0.016383,0.012384,-0.149552,-0.038727,0.055158,-0.152168,-0.153616,0.027144,-0.152634
337,2.808333,0.016351,0.012372,-0.151141,-0.038803,0.055125,-0.153488,-0.153703,0.027114,-0.153562
338,2.816667,0.016274,0.012287,-0.152594,-0.038860,0.055077,-0.154822,-0.153744,0.027086,-0.154437
339,2.825000,0.016200,0.012151,-0.154172,-0.038885,0.054996,-0.156082,-0.153627,0.027179,-0.154985
340,2.833333,0.016217,0.012101,-0.155303,-0.038802,0.055047,-0.156978,-0.153578,0.027173,-0.155572
341,2.841667,0.016138,0.011812,-0.156616,-0.038789,0.054989,-0.157819,-0.153569,0.027109,-0.156246
342,2.850000,0.016109,0.011628,-0.157703,-0.038792,0.054842,-0.158673,-0.153590,0.027029,-0.156910
343,2.858333,0.016187,0.011628,-0.158235,-0.038736,0.054637,-0.159593,-0.153661,0.026889,-0.157607
344,2.866667,0.016118,0.011264,-0.159091,-0.038669,0.054565,-0.160042,-0.153635,0.026860,-0.158019
345,2.875000,0.016078,0.010959,-0.159690,-0.038660,0.054370,-0.160500,-0.153701,0.026711,-0.158565
346,2.883333,0.016079,0.010771,-0.159972,-0.038636,0.054189,-0.160864,-0.153697,0.026658,-0.158868
347,2.891667,0.016107,0.010632,-0.160103,-0.038588,0.054085,-0.160981,-0.153724,0.026552,-0.159139
348,2.900000,0.016085,0.010417,-0.160276,-0.038583,0.053942,-0.161084,-0.153719,0.026487,-0.159244
349,2.908333,0.016074,0.010183,-0.160278,-0.038571,0.053772,-0.161041,-0.153717,0.026423,-0.159257
350,2.916667,0.016030,0.010001,-0.160163,-0.038557,0.053699,-0.160858,-0.153730,0.026363,-0.159195
351,2.925000,0.016073,0.009977,-0.159752,-0.038574,0.053551,-0.160706,-0.153734,0.026324,-0.159063
352,2.933333,0.016015,0.009806,-0.159512,-0.038555,0.053449,-0.160370,-0.153714,0.026315,-0.158815
353,2.941667,0.016043,0.009781,-0.159047,-0.038525,0.053422,-0.159929,-0.153658,0.026338,-0.158486
354,2.950000,0.016157,0.009968,-0.158001,-0.038435,0.053433,-0.159290,-0.153597,0.026366,-0.158085
355,2.958333,0.016209,0.009917,-0.157219,-0.038433,0.053410,-0.158800,-0.153580,0.026350,-0.157734
356,2.966667,0.016228,0.009885,-0.156413,-0.038402,0.053449,-0.158012,-0.153508,0.026401,-0.157222
357,2.975000,0.016309,0.010079,-0.155355,-0.038371,0.053566,-0.157054,-0.153393,0.026521,-0.156547
358,2.983333,0.016382,0.010215,-0.154219,-0.038362,0.053587,-0.156268,-0.153289,0.026612,-0.155812
359,2.991667,0.016518,0.010295,-0.152918,-0.038255,0.053633,-0.155259,-0.153186,0.026637,-0.155156
360,3.000000,0.016658,0.010535,-0.151509,-0.038209,0.053660,-0.154294,-0.153028,0.026738,-0.154295
361,3.008333,0.016720,0.010575,-0.150316,-0.038088,0.053842,-0.152978,-0.152973,0.026739,-0.153554
362,3.016667,0.016850,0.010686,-0.148823,-0.037984,0.054000,-0.151627,-0.152979,0.026683,-0.152958
363,3.025000,0.017043,0.011097,-0.147020,-0.037994,0.053983,-0.150645,-0.152956,0.026663,-0.152269
364,3.033333,0.017105,0.011315,-0.145452,-0.037919,0.054073,-0.149399,-0.152896,0.026685,-0.151431
365,3.041667,0.017215,0.011449,-0.143845,-0.037778,0.054348,-0.147751,-0.152791,0.026725,-0.150542
366,3.050000,0.017053,0.011298,-0.142856,-0.037721,0.054503,-0.146437,-0.152567,0.026954,-0.149317
367,3.058333,0.017114,0.011529,-0.141141,-0.037730,0.054555,-0.145145,-0.152427,0.027081,-0.148344
368,3.066667,0.017240,0.011859,-0.139197,-0.037612,0.054865,-0.143494,-0.152312,0.027170,-0.147291
369,3.075000,0.017342,0.012080,-0.137274,-0.037572,0.055069,-0.141837,-0.152155,0.027300,-0.146166
370,3.083333,0.017502,0.012553,-0.134913,-0.037573,0.055086,-0.140404,-0.152159,0.027282,-0.145237
371,3.091667,0.017526,0.012629,-0.133131,-0.037481,0.055317,-0.138523,-0.152147,0.027285,-0.144376
372,3.100000,0.017553,0.012751,-0.131056,-0.037506,0.055316,-0.136995,-0.152073,0.027320,-0.143314
373,3.108333,0.017377,0.012535,-0.129533,-0.037463,0.055382,-0.135406,-0.151960,0.027339,-0.142221
374,3.116667,0.017429,0.012606,-0.127588,-0.037383,0.055525,-0.133442,-0.151797,0.027440,-0.140983
375,3.125000,0.017614,0.012989,-0.124807,-0.037412,0.055426,-0.131943,-0.151744,0.027375,-0.140004
376,3.133333,0.017571,0.012893,-0.123023,-0.037410,0.055356,-0.130265,-0.151582,0.027378,-0.138739
377,3.141667,0.017495,0.012697,-0.121077,-0.037425,0.055293,-0.128583,-0.151604,0.027228,-0.137822
378,3.150000,0.017340,0.012393,-0.119270,-0.037381,0.055087,-0.126912,-0.151668,0.027000,-0.137029
379,3.158333,0.017333,0.012144,-0.117391,-0.037352,0.054957,-0.125198,-0.151529,0.026903,-0.135876
380,3.166667,0.017382,0.012152,-0.115137,-0.037359,0.054687,-0.123601,-0.151468,0.026786,-0.134924
381,3.175000,0.017372,0.011843,-0.113330,-0.037404,0.054312,-0.122244,-0.151340,0.026711,-0.133789
382,3.183333,0.017161,0.011335,-0.112021,-0.037385,0.054160,-0.120692,-0.151300,0.026510,-0.132965
383,3.191667,0.017123,0.011137,-0.110413,-0.037297,0.053994,-0.119117,-0.151241,0.026384,-0.132088
384,3.200000,0.017092,0.010843,-0.109005,-0.037264,0.053836,-0.117862,-0.151174,0.026230,-0.131303
385,3.208333,0.017113,0.010777,-0.107436,-0.037254,0.053629,-0.116647,-0.151276,0.025925,-0.130771
386,3.216667,0.017098,0.010585,-0.106202,-0.037262,0.053398,-0.115718,-0.151263,0.025755,-0.130220
387,3.225000,0.017085,0.010387,-0.105334,-0.037243,0.053290,-0.114797,-0.151216,0.025662,-0.129587
388,3.233333,0.017060,0.010076,-0.104527,-0.037313,0.052938,-0.114278,-0.151192,0.025474,-0.129115
389,3.241667,0.016996,0.009751,-0.104092,-0.037346,0.052698,-0.113809,-0.151111,0.025364,-0.128644
390,3.250000,0.016964,0.009505,-0.103856,-0.037259,0.052660,-0.113228,-0.151100,0.025206,-0.128410
391,3.258333,0.016984,0.009393,-0.103389,-0.037184,0.052623,-0.112801,-0.151031,0.025122,-0.128156
392,3.266667,0.016977,0.009291,-0.103208,-0.037132,0.052501,-0.112580,-0.150967,0.025078,-0.127933
393,3.275000,0.017047,0.009249,-0.103017,-0.037081,0.052407,-0.112484,-0.150900,0.025053,-0.127771
394,3.283333,0.017115,0.009260,-0.102973,-0.037041,0.052363,-0.112507,-0.150883,0.024970,-0.127796
395,3.291667,0.017220,0.009344,-0.103047,-0.036993,0.052352,-0.112640,-0.150846,0.024948,-0.127846
396,3.300000,0.017304,0.009391,-0.103310,-0.036967,0.052396,-0.112915,-0.150822,0.024920,-0.128018
397,3.308333,0.017419,0.009547,-0.103509,-0.036912,0.052451,-0.113201,-0.150771,0.024952,-0.128173
398,3.316667,0.017453,0.009537,-0.104030,-0.036836,0.052535,-0.113571,-0.150720,0.025004,-0.128416
399,3.325000,0.017554,0.009774,-0.104325,-0.036712,0.052709,-0.113868,-0.150719,0.025017,-0.128814
400,3.333333,0.017614,0.009857,-0.105151,-0.036650,0.052843,-0.114437,-0.150543,0.025270,-0.128942
401,3.341667,0.017599,0.009851,-0.106289,-0.036700,0.052927,-0.115355,-0.150492,0.025417,-0.129429
402,3.350000,0.017565,0.009847,-0.107377,-0.036688,0.053049,-0.116181,-0.150496,0.025547,-0.129959
403,3.358333,0.017659,0.010183,-0.108285,-0.036652,0.053204,-0.117029,-0.150555,0.025605,-0.130692
404,3.366667,0.017896,0.010657,-0.108793,-0.036590,0.053503,-0.117860,-0.150537,0.025772,-0.131319
405,3.375000,0.018021,0.010886,-0.110078,-0.036680,0.053457,-0.119259,-0.150566,0.025958,-0.132029
406,3.383333,0.017986,0.010956,-0.111579,-0.036638,0.053658,-0.120351,-0.150632,0.026029,-0.132998
407,3.391667,0.017989,0.011147,-0.113122,-0.036449,0.054137,-0.121152,-0.150641,0.026179,-0.133777
408,3.400000,0.017968,0.011169,-0.114881,-0.036463,0.054242,-0.122486,-0.150501,0.026521,-0.134447
409,3.408333,0.018131,0.011520,-0.116282,-0.036543,0.054311,-0.124135,-0.150553,0.026651,-0.135440
410,3.416667,0.018351,0.012053,-0.117439,-0.036511,0.054513,-0.125527,-0.150545,0.026813,-0.136378
411,3.425000,0.018247,0.011863,-0.119831,-0.036473,0.054698,-0.126971,-0.150677,0.026851,-0.137619
412,3.433333,0.018286,0.012129,-0.121525,-0.036516,0.054799,-0.128715,-0.150704,0.026982,-0.138614
413,3.441667,0.018177,0.011945,-0.123829,-0.036453,0.055027,-0.130119,-0.150860,0.026951,-0.139942
414,3.450000,0.018311,0.012294,-0.125509,-0.036495,0.055122,-0.131859,-0.150791,0.027185,-0.140942
415,3.458333,0.018371,0.012525,-0.127324,-0.036566,0.055026,-0.133831,-0.150778,0.027288,-0.141942
416,3.466667,0.018375,0.012357,-0.129611,-0.036481,0.055227,-0.135333,-0.150892,0.027263,-0.143277
417,3.475000,0.018316,0.012433,-0.131691,-0.036441,0.055190,-0.137178,-0.151021,0.027236,-0.144627
418,3.483333,0.018287,0.012370,-0.133844,-0.036518,0.055202,-0.139054,-0.151106,0.027172,-0.145857
419,3.491667,0.018189,0.012053,-0.136231,-0.036643,0.054943,-0.141225,-0.151106,0.027270,-0.147031
420,3.500000,0.018251,0.012099,-0.138236,-0.036601,0.054984,-0.142894,-0.151128,0.027301,-0.148140
421,3.508333,0.018173,0.011883,-0.140431,-0.036548,0.055093,-0.144404,-0.151223,0.027200,-0.149454
422,3.516667,0.018147,0.011950,-0.142292,-0.036668,0.054858,-0.146584,-0.151376,0.027117,-0.150797
423,3.525000,0.017941,0.011518,-0.144784,-0.036707,0.054782,-0.148234,-0.151463,0.027065,-0.151986
424,3.533333,0.017803,0.011272,-0.147017,-0.036725,0.054723,-0.149955,-0.151594,0.026934,-0.153232
425,3.541667,0.017764,0.011231,-0.148805,-0.036885,0.054454,-0.151988,-0.151575,0.026986,-0.154168
426,3.550000,0.017736,0.011112,-0.150611,-0.036917,0.054474,-0.153491,-0.151657,0.026924,-0.155284
427,3.558333,0.017671,0.011008,-0.152411,-0.036900,0.054321,-0.155128,-0.151705,0.026855,-0.156254
428,3.566667,0.017596,0.010835,-0.154201,-0.036991,0.054161,-0.156678,-0.151878,0.026616,-0.157461
429,3.575000,0.017424,0.010453,-0.156016,-0.036985,0.054172,-0.157923,-0.151999,0.026454,-0.158471
430,3.583333,0.017341,0.010331,-0.157562,-0.037041,0.053986,-0.159220,-0.152124,0.026308,-0.159418
431,3.591667,0.017248,0.010187,-0.158746,-0.037228,0.053660,-0.160762,-0.152140,0.026278,-0.160087
432,3.600000,0.017121,0.009925,-0.159896,-0.037208,0.053628,-0.161451,-0.152158,0.026208,-0.160735
433,3.608333,0.017038,0.009634,-0.160944,-0.037242,0.053537,-0.162172,-0.152244,0.026057,-0.161414
434,3.616667,0.016912,0.009344,-0.161914,-0.037316,0.053320,-0.162898,-0.152359,0.025858,-0.162114
435,3.625000,0.016814,0.009139,-0.162775,-0.037417,0.053078,-0.163604,-0.152385,0.025802,-0.162508
436,3.633333,0.016779,0.009084,-0.163254,-0.037455,0.052970,-0.164003,-0.152412,0.025760,-0.162813
437,3.641667,0.016726,0.009030,-0.163669,-0.037537,0.052839,-0.164449,-0.152442,0.025769,-0.163048
438,3.650000,0.016682,0.009017,-0.163889,-0.037593,0.052785,-0.164710,-0.152451,0.025794,-0.163143
439,3.658333,0.016679,0.009066,-0.163922,-0.037617,0.052847,-0.164799,-0.152489,0.025805,-0.163254
440,3.666667,0.016666,0.009118,-0.163870,-0.037623,0.052927,-0.164740,-0.152503,0.025828,-0.163280
441,3.675000,0.016674,0.009231,-0.163613,-0.037625,0.053018,-0.164516,-0.152522,0.025834,-0.163231
442,3.683333,0.016659,0.009215,-0.163407,-0.037652,0.052970,-0.164339,-0.152570,0.025805,-0.163186
443,3.691667,0.016673,0.009211,-0.163000,-0.037596,0.053057,-0.163880,-0.152554,0.025813,-0.162951
444,3.700000,0.016695,0.009227,-0.162358,-0.037535,0.053171,-0.163260,-0.152563,0.025784,-0.162702
445,3.708333,0.016823,0.009349,-0.161422,-0.037513,0.053195,-0.162726,-0.152525,0.025824,-0.162294
446,3.716667,0.016872,0.009414,-0.160630,-0.037542,0.053029,-0.162288,-0.152423,0.025919,-0.161698
447,3.725000,0.017049,0.009650,-0.159435,-0.037495,0.053021,-0.161562,-0.152394,0.025890,-0.161245
448,3.733333,0.017051,0.009489,-0.158704,-0.037359,0.053186,-0.160472,-0.152321,0.025912,-0.160635
449,3.741667,0.017185,0.009645,-0.157243,-0.037277,0.053272,-0.159445,-0.152295,0.025879,-0.160068
450,3.750000,0.017328,0.009847,-0.155852,-0.037255,0.053283,-0.158331,-0.152176,0.025924,-0.159249
451,3.758333,0.017408,0.009996,-0.154342,-0.037166,0.053296,-0.157285,-0.152069,0.025966,-0.158478
452,3.766667,0.017482,0.009996,-0.152919,-0.037189,0.053234,-0.156272,-0.151933,0.026076,-0.157572
453,3.775000,0.017392,0.009878,-0.151819,-0.037048,0.053419,-0.154807,-0.151741,0.026258,-0.156447
454,3.783333,0.017399,0.009896,-0.150203,-0.036926,0.053670,-0.153120,-0.151602,0.026394,-0.155431
455,3.791667,0.017532,0.010270,-0.148235,-0.036843,0.053807,-0.151636,-0.151553,0.026448,-0.154438
456,3.800000,0.017593,0.010288,-0.146643,-0.036919,0.053742,-0.150440,-0.151591,0.026434,-0.153690
457,3.808333,0.017817,0.010815,-0.144236,-0.036783,0.054078,-0.148494,-0.151507,0.026541,-0.152578
458,3.816667,0.017900,0.011077,-0.142173,-0.036766,0.054149,-0.146998,-0.151506,0.026504,-0.151678
459,3.825000,0.017941,0.011165,-0.140364,-0.036648,0.054380,-0.145114,-0.151276,0.026712,-0.150249
460,3.833333,0.017848,0.011236,-0.138545,-0.036699,0.054407,-0.143596,-0.151220,0.026726,-0.149233
461,3.841667,0.017807,0.011203,-0.136841,-0.036755,0.054371,-0.142064,-0.151003,0.026905,-0.147772
462,3.850000,0.017906,0.011376,-0.134511,-0.036626,0.054689,-0.139920,-0.151030,0.026776,-0.146750
463,3.858333,0.017966,0.011617,-0.132244,-0.036554,0.054714,-0.138075,-0.151062,0.026727,-0.145766
464,3.866667,0.018041,0.011693,-0.130018,-0.036642,0.054680,-0.136457,-0.151005,0.026698,-0.144585
465,3.875000,0.017945,0.011740,-0.127877,-0.036650,0.054668,-0.134631,-0.150887,0.026698,-0.143352
466,3.883333,0.017821,0.011472,-0.126122,-0.036681,0.054593,-0.132995,-0.150726,0.026793,-0.141984
467,3.891667,0.017943,0.011788,-0.123403,-0.036592,0.054693,-0.130780,-0.150590,0.026777,-0.140762
468,3.900000,0.017982,0.011727,-0.121256,-0.036650,0.054530,-0.129236,-0.150691,0.026558,-0.139867
469,3.908333,0.017878,0.011670,-0.119245,-0.036640,0.054488,-0.127397,-0.150645,0.026503,-0.138796
470,3.916667,0.017676,0.011341,-0.117721,-0.036638,0.054434,-0.125719,-0.150595,0.026400,-0.137755
471,3.925000,0.017725,0.011396,-0.115542,-0.036549,0.054509,-0.123830,-0.150428,0.026434,-0.136472
472,3.933333,0.017770,0.011472,-0.113491,-0.036505,0.054471,-0.122152,-0.150277,0.026494,-0.135267
473,3.941667,0.017883,0.011497,-0.111453,-0.036447,0.054418,-0.120635,-0.150123,0.026456,-0.134156
474,3.950000,0.017762,0.011310,-0.109948,-0.036472,0.054205,-0.119275,-0.150139,0.026267,-0.133325
475,3.958333,0.017767,0.011076,-0.108284,-0.036497,0.053958,-0.118030,-0.150147,0.026091,-0.132599
476,3.966667,0.017613,0.010584,-0.107299,-0.036388,0.053830,-0.116533,-0.150095,0.025864,-0.131730
477,3.975000,0.017739,0.010534,-0.105593,-0.036305,0.053681,-0.115285,-0.149889,0.025837,-0.130704
478,3.983333,0.017801,0.010298,-0.104345,-0.036162,0.053483,-0.113922,-0.149817,0.025629,-0.129995
479,3.991667,0.017853,0.010000,-0.103280,-0.036079,0.053218,-0.112940,-0.149708,0.025403,-0.129273
480,4.000000,0.017978,0.009751,-0.102365,-0.035954,0.053117,-0.111888,-0.149642,0.025143,-0.128755
481,4.008333,0.017976,0.009428,-0.101651,-0.035896,0.052816,-0.111182,-0.149447,0.025128,-0.127911
482,4.016667,0.017987,0.009123,-0.101333,-0.035827,0.052651,-0.110598,-0.149418,0.024903,-0.127583
483,4.025000,0.018152,0.009145,-0.100586,-0.035783,0.052476,-0.110214,-0.149359,0.024728,-0.127253
484,4.033333,0.018290,0.009181,-0.100034,-0.035760,0.052367,-0.110001,-0.149274,0.024680,-0.126958
485,4.041667,0.018338,0.009110,-0.099953,-0.035714,0.052308,-0.109873,-0.149202,0.024640,-0.126749
486,4.050000,0.018388,0.009078,-0.100039,-0.035608,0.052397,-0.109764,-0.149124,0.024655,-0.126612
487,4.058333,0.018427,0.009094,-0.100229,-0.035544,0.052491,-0.109874,-0.149098,0.024650,-0.126656
488,4.066667,0.018436,0.009118,-0.100685,-0.035508,0.052579,-0.110067,-0.149059,0.024700,-0.126718
489,4.075000,0.018533,0.009350,-0.100910,-0.035477,0.052651,-0.110445,-0.149069,0.024718,-0.126947
490,4.083333,0.018683,0.009641,-0.101048,-0.035427,0.052769,-0.110824,-0.149009,0.024822,-0.127115
491,4.091667,0.018819,0.009850,-0.101614,-0.035370,0.052932,-0.111281,-0.148986,0.024944,-0.127432
492,4.100000,0.018872,0.009930,-0.102510,-0.035304,0.053173,-0.111882,-0.148897,0.025138,-0.127703
493,4.108333,0.019020,0.010152,-0.103208,-0.035347,0.053170,-0.112777,-0.148847,0.025283,-0.128089
494,4.116667,0.019125,0.010499,-0.103799,-0.035207,0.053502,-0.113260,-0.148789,0.025463,-0.128502
495,4.125000,0.019145,0.010697,-0.104901,-0.035116,0.053800,-0.113979,-0.148626,0.025726,-0.128853
496,4.133333,0.019184,0.010735,-0.106232,-0.035017,0.053979,-0.114882,-0.148667,0.025857,-0.129614
497,4.141667,0.019223,0.010889,-0.107640,-0.035032,0.054044,-0.116112,-0.148693,0.025949,-0.130379
498,4.150000,0.019418,0.011343,-0.108438,-0.034986,0.054358,-0.117156,-0.148756,0.026023,-0.131283
499,4.158333,0.019615,0.011860,-0.109517,-0.034952,0.054558,-0.118309,-0.148763,0.026225,-0.132046
500,4.166667,0.019658,0.011913,-0.111264,-0.034883,0.054868,-0.119557,-0.148772,0.026346,-0.132968
501,4.175000,0.019649,0.012154,-0.112891,-0.034894,0.054953,-0.121096,-0.148783,0.026520,-0.133811
502,4.183333,0.019656,0.012335,-0.114720,-0.034842,0.055291,-0.122410,-0.148669,0.026893,-0.134549
503,4.191667,0.019674,0.012356,-0.116674,-0.034884,0.055392,-0.124010,-0.148735,0.027003,-0.135620
504,4.200000,0.019882,0.012970,-0.117871,-0.034932,0.055559,-0.125715,-0.148812,0.027148,-0.136731
505,4.208333,0.019785,0.012937,-0.120235,-0.034828,0.055964,-0.126981,-0.148885,0.027335,-0.137835
506,4.216667,0.019808,0.013151,-0.122025,-0.034795,0.056131,-0.128594,-0.149041,0.027392,-0.139072
507,4.225000,0.019715,0.013287,-0.124128,-0.034852,0.056347,-0.130358,-0.149060,0.027688,-0.140073
508,4.233333,0.019703,0.013330,-0.126297,-0.034938,0.056428,-0.132099,-0.149079,0.027831,-0.141114
509,4.241667,0.019888,0.013908,-0.127580,-0.035069,0.056452,-0.134128,-0.149080,0.028078,-0.142143
510,4.250000,0.019823,0.013884,-0.129720,-0.035005,0.056688,-0.135586,-0.149203,0.028181,-0.143270
511,4.258333,0.019601,0.013655,-0.132172,-0.034975,0.056863,-0.137082,-0.149447,0.028108,-0.144688
512,4.266667,0.019573,0.013818,-0.133718,-0.035187,0.056722,-0.139176,-0.149539,0.028228,-0.145727
513,4.275000,0.019421,0.013697,-0.135955,-0.035207,0.056852,-0.140610,-0.149700,0.028189,-0.146966
514,4.283333,0.019237,0.013407,-0.138192,-0.035267,0.056826,-0.142304,-0.149816,0.028158,-0.147991
515,4.291667,0.019167,0.013455,-0.139812,-0.035459,0.056589,-0.144283,-0.149877,0.028222,-0.149027
516,4.300000,0.019232,0.013545,-0.141334,-0.035445,0.056721,-0.145563,-0.149974,0.028199,-0.150006
517,4.308333,0.019155,0.013437,-0.143093,-0.035549,0.056563,-0.147170,-0.150131,0.028081,-0.151137
518,4.316667,0.019003,0.013277,-0.144775,-0.035601,0.056479,-0.148688,-0.150254,0.028067,-0.152047
519,4.325000,0.018739,0.012931,-0.146930,-0.035806,0.056298,-0.150325,-0.150448,0.027943,-0.153145
520,4.333333,0.018629,0.012796,-0.148375,-0.035865,0.056287,-0.151583,-0.150614,0.027865,-0.154126
521,4.341667,0.018390,0.012497,-0.150314,-0.036139,0.055851,-0.153531,-0.150761,0.027813,-0.154981
522,4.350000,0.018270,0.012467,-0.151593,-0.036138,0.055955,-0.154513,-0.151023,0.027630,-0.156083
523,4.358333,0.018084,0.012282,-0.152941,-0.036277,0.055871,-0.155738,-0.151212,0.027561,-0.156971
524,4.366667,0.017903,0.012159,-0.154393,-0.036386,0.055853,-0.156723,-0.151329,0.027562,-0.157700
525,4.375000,0.017721,0.011939,-0.155708,-0.036468,0.055869,-0.157708,-0.151450,0.027553,-0.158345
526,4.383333,0.017477,0.011581,-0.157140,-0.036621,0.055630,-0.158857,-0.151537,0.027548,-0.158852
527,4.391667,0.017300,0.011440,-0.158216,-0.036796,0.055482,-0.159793,-0.151706,0.027451,-0.159467
528,4.400000,0.017180,0.011439,-0.159003,-0.036953,0.055315,-0.160695,-0.151870,0.027359,-0.160061
529,4.408333,0.017050,0.011375,-0.159677,-0.037060,0.055279,-0.161332,-0.152086,0.027210,-0.160699
530,4.416667,0.016889,0.011236,-0.160306,-0.037181,0.055210,-0.161871,-0.152260,0.027109,-0.161146
531,4.425000,0.016718,0.011143,-0.160764,-0.037318,0.055121,-0.162297,-0.152447,0.027001,-0.161547
532,4.433333,0.016570,0.011006,-0.161123,-0.037497,0.055047,-0.162729,-0.152639,0.026890,-0.161894
533,4.441667,0.016384,0.010856,-0.161415,-0.037637,0.054942,-0.162934,-0.152801,0.026804,-0.162109
534,4.450000,0.016145,0.010577,-0.161787,-0.037867,0.054664,-0.163256,-0.152978,0.026717,-0.162289
535,4.458333,0.015871,0.010234,-0.162142,-0.038083,0.054388,-0.163455,-0.153096,0.026676,-0.162337
536,4.466667,0.015624,0.009971,-0.162231,-0.038252,0.054173,-0.163508,-0.153226,0.026613,-0.162372
537,4.475000,0.015481,0.009843,-0.162074,-0.038348,0.054051,-0.163318,-0.153383,0.026521,-0.162426
538,4.483333,0.015333,0.009622,-0.161949,-0.038426,0.053966,-0.162943,-0.153489,0.026473,-0.162382
539,4.491667,0.015185,0.009358,-0.161733,-0.038536,0.053873,-0.162631,-0.153606,0.026409,-0.162345
540,4.500000,0.015172,0.009320,-0.161234,-0.038756,0.053555,-0.162724,-0.153691,0.026358,-0.162296
541,4.508333,0.015074,0.009186,-0.160948,-0.038832,0.053483,-0.162481,-0.153801,0.026294,-0.162275
542,4.516667,0.015010,0.009072,-0.160726,-0.038876,0.053419,-0.162165,-0.153940,0.026176,-0.162339
543,4.525000,0.014963,0.009005,-0.160379,-0.038960,0.053236,-0.161976,-0.154091,0.026057,-0.162417
544,4.533333,0.014791,0.008683,-0.160418,-0.039104,0.053008,-0.161963,-0.154222,0.025959,-0.162447
545,4.541667,0.014719,0.008529,-0.160184,-0.039198,0.052806,-0.161864,-0.154324,0.025882,-0.162433
546,4.550000,0.014547,0.008181,-0.160259,-0.039301,0.052659,-0.161769,-0.154479,0.025772,-0.162532
547,4.558333,0.014514,0.008123,-0.159936,-0.039342,0.052572,-0.161594,-0.154541,0.025737,-0.162466
548,4.566667,0.014424,0.007951,-0.159772,-0.039339,0.052561,-0.161253,-0.154605,0.025720,-0.162414
549,4.575000,0.014380,0.007930,-0.159539,-0.039363,0.052544,-0.161083,-0.154649,0.025710,-0.162364
550,4.583333,0.014300,0.007864,-0.159494,-0.039389,0.052553,-0.160908,-0.154685,0.025726,-0.162257
551,4.591667,0.014272,0.007885,-0.159382,-0.039434,0.052574,-0.160828,-0.154673,0.025787,-0.162117
552,4.600000,0.014273,0.007964,-0.159260,-0.039488,0.052604,-0.160794,-0.154690,0.025819,-0.162059
553,4.608333,0.014288,0.008080,-0.159201,-0.039464,0.052746,-0.160629,-0.154693,0.025869,-0.161999
554,4.616667,0.014315,0.008222,-0.159115,-0.039472,0.052855,-0.160569,-0.154675,0.025951,-0.161930
555,4.625000,0.014352,0.008400,-0.159075,-0.039479,0.052999,-0.160536,-0.154647,0.026035,-0.161841
556,4.633333,0.014413,0.008706,-0.158915,-0.039483,0.053144,-0.160510,-0.154664,0.026086,-0.161865
557,4.641667,0.014505,0.009037,-0.158650,-0.039434,0.053355,-0.160348,-0.154644,0.026165,-0.161821
558,4.650000,0.014558,0.009274,-0.158606,-0.039458,0.053447,-0.160444,-0.154621,0.026228,-0.161804
559,4.658333,0.014570,0.009342,-0.158779,-0.039420,0.053621,-0.160400,-0.154610,0.026260,-0.161832
560,4.666667,0.014658,0.009539,-0.158668,-0.039441,0.053629,-0.160597,-0.154544,0.026340,-0.161782
561,4.675000,0.014789,0.009776,-0.158477,-0.039410,0.053709,-0.160641,-0.154510,0.026330,-0.161823
562,4.683333,0.014921,0.009944,-0.158292,-0.039392,0.053695,-0.160734,-0.154448,0.026327,-0.161804
563,4.691667,0.014981,0.009961,-0.158292,-0.039356,0.053673,-0.160781,-0.154389,0.026273,-0.161815
564,4.700000,0.015065,0.009939,-0.158327,-0.039346,0.053562,-0.161003,-0.154275,0.026271,-0.161719
565,4.708333,0.015113,0.009844,-0.158452,-0.039230,0.053567,-0.160926,-0.154155,0.026260,-0.161654
566,4.716667,0.015203,0.009784,-0.158462,-0.039141,0.053516,-0.160956,-0.154013,0.026240,-0.161587
567,4.725000,0.015264,0.009600,-0.158569,-0.039016,0.053503,-0.160876,-0.153930,0.026158,-0.161624
568,4.733333,0.015357,0.009537,-0.158501,-0.038931,0.053424,-0.160909,-0.153822,0.026153,-0.161573
569,4.741667,0.015433,0.009479,-0.158455,-0.038832,0.053405,-0.160830,-0.153717,0.026156,-0.161523
570,4.750000,0.015500,0.009469,-0.158379,-0.038722,0.053407,-0.160697,-0.153641,0.026139,-0.161494
571,4.758333,0.015565,0.009467,-0.158314,-0.038648,0.053399,-0.160678,-0.153551,0.026158,-0.161419
572,4.766667,0.015594,0.009441,-0.158358,-0.038596,0.053421,-0.160662,-0.153506,0.026155,-0.161437
573,4.775000,0.015631,0.009454,-0.158391,-0.038528,0.053502,-0.160583,-0.153454,0.026183,-0.161409
574,4.783333,0.015635,0.009503,-0.158435,-0.038519,0.053579,-0.160576,-0.153436,0.026213,-0.161394
575,4.791667,0.015686,0.009677,-0.158309,-0.038513,0.053679,-0.160538,-0.153399,0.026292,-0.161308
576,4.800000,0.015709,0.009815,-0.158252,-0.038504,0.053763,-0.160503,-0.153403,0.026314,-0.161309
577,4.808333,0.015750,0.009944,-0.158186,-0.038480,0.053888,-0.160438,-0.153382,0.026361,-0.161271
578,4.816667,0.015776,0.010067,-0.158118,-0.038483,0.053948,-0.160438,-0.153338,0.026432,-0.161197
579,4.825000,0.015796,0.010136,-0.158073,-0.038473,0.054003,-0.160402,-0.153340,0.026440,-0.161187
580,4.833333,0.015814,0.010168,-0.158056,-0.038446,0.054043,-0.160352,-0.153304,0.026476,-0.161124
581,4.841667,0.015838,0.010191,-0.158002,-0.038420,0.054076,-0.160291,-0.153281,0.026483,-0.161066
582,4.850000,0.015857,0.010200,-0.157971,-0.038391,0.054077,-0.160248,-0.153258,0.026486,-0.161016
583,4.858333,0.015889,0.010198,-0.157951,-0.038340,0.054085,-0.160173,-0.153205,0.026489,-0.160940
584,4.866667,0.015916,0.010156,-0.157946,-0.038287,0.054081,-0.160127,-0.153167,0.026476,-0.160904
585,4.875000,0.015953,0.010092,-0.157939,-0.038250,0.054072,-0.160102,-0.153131,0.026449,-0.160875
586,4.883333,0.015965,0.010042,-0.157997,-0.038170,0.054104,-0.159986,-0.153084,0.026449,-0.160818
587,4.891667,0.016048,0.010073,-0.157872,-0.038164,0.054061,-0.160028,-0.153043,0.026444,-0.160774
588,4.900000,0.016077,0.010099,-0.157820,-0.038128,0.054069,-0.159981,-0.153009,0.026446,-0.160732
589,4.908333,0.016108,0.010093,-0.157826,-0.038074,0.054101,-0.159918,-0.152964,0.026455,-0.160676
590,4.916667,0.016157,0.010142,-0.157762,-0.037986,0.054191,-0.159760,-0.152929,0.026452,-0.160660
591,4.925000,0.016194,0.010174,-0.157725,-0.037951,0.054224,-0.159721,-0.152902,0.026451,-0.160636
592,4.933333,0.016223,0.010199,-0.157717,-0.037934,0.054213,-0.159716,-0.152888,0.026451,-0.160637
593,4.941667,0.016253,0.010211,-0.157696,-0.037892,0.054255,-0.159650,-0.152855,0.026452,-0.160609
594,4.950000,0.016276,0.010225,-0.157640,-0.037873,0.054250,-0.159639,-0.152857,0.026435,-0.160627
595,4.958333,0.016358,0.010289,-0.157425,-0.037840,0.054262,-0.159541,-0.152827,0.026444,-0.160573
596,4.966667,0.016391,0.010310,-0.157327,-0.037841,0.054235,-0.159551,-0.152797,0.026449,-0.160526
597,4.975000,0.016400,0.010272,-0.157308,-0.037816,0.054233,-0.159477,-0.152785,0.026422,-0.160502
598,4.983333,0.016419,0.010308,-0.157195,-0.037825,0.054215,-0.159468,-0.152755,0.026427,-0.160434
599,4.991667,0.016423,0.010281,-0.157175,-0.037823,0.054154,-0.159430,-0.152750,0.026399,-0.160402
600,5.000000,0.016405,0.010218,-0.157194,-0.037813,0.054157,-0.159379,-0.152735,0.026367,-0.160352
601,5.008333,0.016412,0.010213,-0.157118,-0.037835,0.054102,-0.159417,-0.152751,0.026327,-0.160336
602,5.016667,0.016416,0.010200,-0.157044,-0.037830,0.054105,-0.159345,-0.152755,0.026280,-0.160306
603,5.025000,0.016409,0.010218,-0.156969,-0.037850,0.054088,-0.159343,-0.152738,0.026306,-0.160202
604,5.033333,0.016391,0.010195,-0.156964,-0.037856,0.054091,-0.159293,-0.152759,0.026289,-0.160197
605,5.041667,0.016385,0.010195,-0.156936,-0.037899,0.054079,-0.159302,-0.152754,0.026308,-0.160130
606,5.050000,0.016371,0.010232,-0.156892,-0.037951,0.054072,-0.159320,-0.152779,0.026317,-0.160093
607,5.058333,0.016342,0.010250,-0.156876,-0.037984,0.054102,-0.159290,-0.152802,0.026352,-0.160036
608,5.066667,0.016330,0.010312,-0.156792,-0.038004,0.054148,-0.159217,-0.152816,0.026418,-0.159967
609,5.075000,0.016286,0.010376,-0.156729,-0.038039,0.054186,-0.159194,-0.152816,0.026490,-0.159878
610,5.083333,0.016240,0.010387,-0.156737,-0.038068,0.054228,-0.159139,-0.152861,0.026507,-0.159876
611,5.091667,0.016238,0.010453,-0.156581,-0.038099,0.054245,-0.159103,-0.152897,0.026527,-0.159888
612,5.100000,0.016228,0.010473,-0.156496,-0.038117,0.054253,-0.159034,-0.152912,0.026565,-0.159827
613,5.108333,0.016218,0.010486,-0.156395,-0.038161,0.054228,-0.159018,-0.152909,0.026597,-0.159717
614,5.116667,0.016155,0.010401,-0.156423,-0.038204,0.054199,-0.158981,-0.152934,0.026582,-0.159693
615,5.125000,0.016147,0.010359,-0.156353,-0.038178,0.054204,-0.158843,-0.152941,0.026570,-0.159645
616,5.133333,0.016156,0.010283,-0.156280,-0.038168,0.054173,-0.158776,-0.152929,0.026562,-0.159614
617,5.141667,0.016186,0.010260,-0.156187,-0.038160,0.054132,-0.158745,-0.152903,0.026545,-0.159568
618,5.150000,0.016231,0.010289,-0.155956,-0.038142,0.054094,-0.158675,-0.152886,0.026521,-0.159559
619,5.158333,0.016224,0.010210,-0.155967,-0.038128,0.054043,-0.158643,-0.152868,0.026493,-0.159526
620,5.166667,0.016238,0.010161,-0.155937,-0.038114,0.053987,-0.158579,-0.152851,0.026475,-0.159497
621,5.175000,0.016227,0.010056,-0.156049,-0.038102,0.053944,-0.158606,-0.152846,0.026450,-0.159515
622,5.183333,0.016243,0.010036,-0.156049,-0.038079,0.053920,-0.158606,-0.152804,0.026443,-0.159497
623,5.191667,0.016258,0.009992,-0.156085,-0.038085,0.053834,-0.158767,-0.152799,0.026407,-0.159551
624,5.200000,0.016265,0.009938,-0.156147,-0.038077,0.053782,-0.158829,-0.152756,0.026419,-0.159532
625,5.208333,0.016265,0.009908,-0.156210,-0.038047,0.053797,-0.158820,-0.152757,0.026417,-0.159590
626,5.216667,0.016269,0.009886,-0.156236,-0.038025,0.053797,-0.158814,-0.152762,0.026403,-0.159620
627,5.225000,0.016265,0.009868,-0.156313,-0.038010,0.053792,-0.158850,-0.152756,0.026405,-0.159645
