Format Version,1.23,Take Name,Line_Air_NonDom,Take Notes,,Capture Frame Rate,120.000000,Export Frame Rate,120.000000,Capture Start Time,2021-04-06 10.19.49.892 AM,Total Frames in Take,636,Total Exported Frames,636,Rotation Type,Quaternion,Length Units,Meters,Coordinate Space,Global

,Type,Marker,Marker,Marker,Marker,Marker,Marker,Marker,Marker,Marker
,Name,Unlabeled 1420,Unlabeled 1420,Unlabeled 1420,Unlabeled 1421,Unlabeled 1421,Unlabeled 1421,Unlabeled 1422,Unlabeled 1422,Unlabeled 1422
,ID,"CBCC0","CBCC0","CBCC0","CC070","CC070","CC070","CC0B0","CC0B0","CC0B0"
,,Position,Position,Position,Position,Position,Position,Position,Position,Position
Frame,Time (Seconds),X,Y,Z,X,Y,Z,X,Y,Z
0,0.000000,0.036604,0.010994,-0.156446,-0.005093,0.039339,-0.156284,-0.113379,0.028002,-0.134316
1,0.008333,0.036563,0.010948,-0.156423,-0.005154,0.039289,-0.156334,-0.113404,0.028026,-0.134236
2,0.016667,0.036527,0.010910,-0.156335,-0.005216,0.039245,-0.156301,-0.113475,0.028010,-0.134231
3,0.025000,0.036475,0.010900,-0.156230,-0.005238,0.039311,-0.156087,-0.113529,0.028035,-0.134164
4,0.033333,0.036390,0.010791,-0.156262,-0.005248,0.039330,-0.155941,-0.113642,0.027979,-0.134229
5,0.041667,0.036326,0.010638,-0.156265,-0.005275,0.039319,-0.155877,-0.113690,0.027960,-0.134215
6,0.050000,0.036300,0.010593,-0.156174,-0.005271,0.039362,-0.155666,-0.113736,0.027941,-0.134145
7,0.058333,0.036251,0.010465,-0.156114,-0.005299,0.039333,-0.155633,-0.113841,0.027869,-0.134217
8,0.066667,0.036225,0.010461,-0.155969,-0.005338,0.039279,-0.155630,-0.113961,0.027756,-0.134332
9,0.075000,0.036202,0.010394,-0.155954,-0.005310,0.039270,-0.155492,-0.113978,0.027739,-0.134308
10,0.083333,0.036218,0.010348,-0.155896,-0.005279,0.039262,-0.155432,-0.113980,0.027711,-0.134327
11,0.091667,0.036242,0.010231,-0.155993,-0.005215,0.039263,-0.155395,-0.113914,0.027725,-0.134289
12,0.100000,0.036294,0.010234,-0.155968,-0.005223,0.039089,-0.155685,-0.113833,0.027755,-0.134228
13,0.108333,0.036322,0.010202,-0.156058,-0.005235,0.038948,-0.155956,-0.113674,0.027871,-0.134078
14,0.116667,0.036356,0.010155,-0.156209,-0.005167,0.038944,-0.155929,-0.113638,0.027810,-0.134214
15,0.125000,0.036400,0.010020,-0.156559,-0.005042,0.039067,-0.155645,-0.113502,0.027858,-0.134204
16,0.133333,0.036475,0.010011,-0.156717,-0.004926,0.039082,-0.155660,-0.113371,0.027896,-0.134236
17,0.141667,0.036602,0.010034,-0.156774,-0.004859,0.038908,-0.156058,-0.113299,0.027843,-0.134433
18,0.150000,0.036752,0.010073,-0.156899,-0.004706,0.038956,-0.156081,-0.113231,0.027784,-0.134632
19,0.158333,0.036971,0.010247,-0.156861,-0.004568,0.038964,-0.156222,-0.113162,0.027731,-0.134888
20,0.166667,0.037049,0.010254,-0.157119,-0.004459,0.038993,-0.156392,-0.113119,0.027676,-0.135167
21,0.175000,0.037131,0.010268,-0.157307,-0.004396,0.038997,-0.156725,-0.113035,0.027740,-0.135325
22,0.183333,0.037233,0.010330,-0.157545,-0.004299,0.039057,-0.156886,-0.112894,0.027796,-0.135491
23,0.191667,0.037356,0.010429,-0.157638,-0.004238,0.038990,-0.157231,-0.112830,0.027776,-0.135798
24,0.200000,0.037428,0.010427,-0.157883,-0.004105,0.039025,-0.157534,-0.112737,0.027801,-0.136036
25,0.208333,0.037453,0.010412,-0.158156,-0.004118,0.038815,-0.158220,-0.112649,0.027889,-0.136176
26,0.216667,0.037447,0.010307,-0.158604,-0.004097,0.038777,-0.158590,-0.112579,0.027940,-0.136274
27,0.225000,0.037457,0.010226,-0.158973,-0.004073,0.038850,-0.158811,-0.112426,0.028100,-0.136242
28,0.233333,0.037465,0.010196,-0.159251,-0.004020,0.038962,-0.158864,-0.112393,0.028077,-0.136443
29,0.241667,0.037447,0.010067,-0.159655,-0.004006,0.038973,-0.159090,-0.112335,0.028075,-0.136565
30,0.250000,0.037436,0.009939,-0.159931,-0.003991,0.038900,-0.159303,-0.112292,0.028054,-0.136713
31,0.258333,0.037396,0.009692,-0.160349,-0.003955,0.038872,-0.159394,-0.112274,0.027980,-0.136886
32,0.266667,0.037397,0.009516,-0.160547,-0.003932,0.038753,-0.159612,-0.112287,0.027849,-0.137139
33,0.275000,0.037369,0.009337,-0.160760,-0.003963,0.038523,-0.159936,-0.112335,0.027694,-0.137423
34,0.283333,0.037360,0.009196,-0.160867,-0.003915,0.038440,-0.160020,-0.112357,0.027565,-0.137623
35,0.291667,0.037353,0.009086,-0.160954,-0.003927,0.038308,-0.160276,-0.112384,0.027465,-0.137793
36,0.300000,0.037314,0.008939,-0.161162,-0.003963,0.038166,-0.160587,-0.112397,0.027391,-0.137924
37,0.308333,0.037293,0.008887,-0.161280,-0.004006,0.038083,-0.160809,-0.112413,0.027383,-0.137984
38,0.316667,0.037274,0.008897,-0.161340,-0.004049,0.038055,-0.160919,-0.112421,0.027426,-0.137981
39,0.325000,0.037243,0.008938,-0.161374,-0.004085,0.038071,-0.160961,-0.112443,0.027450,-0.137998
40,0.333333,0.037219,0.008972,-0.161386,-0.004129,0.038084,-0.161012,-0.112429,0.027515,-0.137938
41,0.341667,0.037222,0.009029,-0.161352,-0.004153,0.038081,-0.161016,-0.112441,0.027572,-0.137892
42,0.350000,0.037176,0.008998,-0.161392,-0.004183,0.038071,-0.161026,-0.112415,0.027668,-0.137762
43,0.358333,0.037210,0.009060,-0.161240,-0.004185,0.038091,-0.160937,-0.112384,0.027735,-0.137643
44,0.366667,0.037213,0.009067,-0.161195,-0.004177,0.038095,-0.160863,-0.112410,0.027731,-0.137643
45,0.375000,0.037219,0.009098,-0.161070,-0.004171,0.038131,-0.160756,-0.112397,0.027780,-0.137575
46,0.383333,0.037221,0.009139,-0.160983,-0.004196,0.038119,-0.160746,-0.112379,0.027834,-0.137475
47,0.391667,0.037232,0.009192,-0.160879,-0.004181,0.038169,-0.160630,-0.112382,0.027857,-0.137435
48,0.400000,0.037245,0.009254,-0.160805,-0.004179,0.038207,-0.160586,-0.112367,0.027891,-0.137377
49,0.408333,0.037261,0.009316,-0.160727,-0.004193,0.038222,-0.160583,-0.112366,0.027921,-0.137360
50,0.416667,0.037262,0.009343,-0.160743,-0.004162,0.038317,-0.160441,-0.112365,0.027921,-0.137350
51,0.425000,0.037282,0.009408,-0.160688,-0.004180,0.038321,-0.160457,-0.112313,0.027987,-0.137231
52,0.433333,0.037300,0.009459,-0.160614,-0.004153,0.038386,-0.160354,-0.112326,0.027982,-0.137262
53,0.441667,0.037318,0.009492,-0.160562,-0.004134,0.038418,-0.160289,-0.112308,0.028000,-0.137232
54,0.450000,0.037349,0.009528,-0.160484,-0.004107,0.038460,-0.160193,-0.112299,0.027991,-0.137254
55,0.458333,0.037358,0.009536,-0.160484,-0.004085,0.038481,-0.160150,-0.112288,0.027989,-0.137254
56,0.466667,0.037398,0.009609,-0.160338,-0.004072,0.038504,-0.160097,-0.112256,0.028026,-0.137202
57,0.475000,0.037413,0.009657,-0.160293,-0.004041,0.038579,-0.159982,-0.112291,0.027964,-0.137313
58,0.483333,0.037439,0.009739,-0.160189,-0.004036,0.038617,-0.159933,-0.112275,0.027972,-0.137289
59,0.491667,0.037439,0.009841,-0.160049,-0.004031,0.038660,-0.159888,-0.112263,0.028005,-0.137245
60,0.500000,0.037489,0.009950,-0.159901,-0.004036,0.038680,-0.159883,-0.112258,0.028029,-0.137253
61,0.508333,0.037496,0.009985,-0.159854,-0.004004,0.038755,-0.159775,-0.112242,0.028035,-0.137208
62,0.516667,0.037533,0.010050,-0.159731,-0.003986,0.038802,-0.159710,-0.112215,0.028069,-0.137116
63,0.525000,0.037561,0.010097,-0.159626,-0.003939,0.038864,-0.159567,-0.112175,0.028121,-0.137005
64,0.533333,0.037611,0.010213,-0.159427,-0.003904,0.038940,-0.159411,-0.112144,0.028143,-0.136888
65,0.541667,0.037677,0.010346,-0.159080,-0.003861,0.039026,-0.159156,-0.112105,0.028227,-0.136708
66,0.550000,0.037749,0.010479,-0.158712,-0.003790,0.039146,-0.158817,-0.112027,0.028385,-0.136377
67,0.558333,0.037858,0.010685,-0.158182,-0.003670,0.039339,-0.158364,-0.111970,0.028510,-0.136139
68,0.566667,0.037986,0.010929,-0.157565,-0.003524,0.039537,-0.157818,-0.111895,0.028758,-0.135779
69,0.575000,0.038110,0.011196,-0.156872,-0.003427,0.039677,-0.157372,-0.111819,0.029022,-0.135408
70,0.583333,0.038235,0.011447,-0.156117,-0.003294,0.039820,-0.156790,-0.111804,0.029294,-0.135109
71,0.591667,0.038409,0.011744,-0.155265,-0.003185,0.040003,-0.156213,-0.111780,0.029616,-0.134678
72,0.600000,0.038519,0.011862,-0.154604,-0.003017,0.040339,-0.155400,-0.111724,0.030050,-0.134136
73,0.608333,0.038591,0.011960,-0.153905,-0.002808,0.040763,-0.154353,-0.111744,0.030424,-0.133711
74,0.616667,0.038622,0.012014,-0.153323,-0.002670,0.041057,-0.153571,-0.111876,0.030771,-0.133443
75,0.625000,0.038628,0.012114,-0.152773,-0.002603,0.041282,-0.152972,-0.111849,0.031337,-0.132802
76,0.633333,0.038641,0.012301,-0.152076,-0.002554,0.041493,-0.152400,-0.111890,0.031832,-0.132298
77,0.641667,0.038694,0.012638,-0.151001,-0.002516,0.041700,-0.151768,-0.111943,0.032381,-0.131778
78,0.650000,0.038716,0.012831,-0.150059,-0.002475,0.041834,-0.151176,-0.111908,0.032996,-0.131068
79,0.658333,0.038743,0.012770,-0.149055,-0.002368,0.042027,-0.150346,-0.111900,0.033549,-0.130404
80,0.666667,0.038729,0.012621,-0.148213,-0.002232,0.042017,-0.149491,-0.112009,0.033949,-0.129954
81,0.675000,0.038736,0.012442,-0.147279,-0.002118,0.042056,-0.148496,-0.112299,0.034010,-0.129854
82,0.683333,0.038762,0.012179,-0.146191,-0.001920,0.042251,-0.147151,-0.112436,0.034212,-0.129452
83,0.691667,0.038817,0.012174,-0.144814,-0.001875,0.042015,-0.146412,-0.112407,0.034615,-0.128665
84,0.700000,0.038893,0.011978,-0.143402,-0.001729,0.041919,-0.145278,-0.112418,0.034894,-0.127982
85,0.708333,0.038808,0.011642,-0.142555,-0.001627,0.041804,-0.144325,-0.112308,0.035254,-0.127035
86,0.716667,0.038730,0.011208,-0.141611,-0.001507,0.041756,-0.143095,-0.112412,0.035345,-0.126458
87,0.725000,0.038747,0.011152,-0.140322,-0.001429,0.041700,-0.141874,-0.112430,0.035531,-0.125680
88,0.733333,0.038847,0.011085,-0.138618,-0.001245,0.041877,-0.140258,-0.112553,0.035578,-0.125095
89,0.741667,0.038889,0.011097,-0.137199,-0.001206,0.041682,-0.139110,-0.112575,0.035746,-0.124290
90,0.750000,0.038957,0.010903,-0.135674,-0.001113,0.041644,-0.137954,-0.112658,0.035801,-0.123682
91,0.758333,0.039041,0.011018,-0.134040,-0.001020,0.041539,-0.136636,-0.112577,0.036102,-0.122633
92,0.766667,0.039176,0.011023,-0.132099,-0.000821,0.041745,-0.134857,-0.112507,0.036328,-0.121741
93,0.775000,0.039098,0.010784,-0.130866,-0.000783,0.041589,-0.133656,-0.112606,0.036389,-0.120952
94,0.783333,0.039159,0.010574,-0.129250,-0.000698,0.041476,-0.132320,-0.112757,0.036363,-0.120358
95,0.791667,0.038960,0.010222,-0.128129,-0.000661,0.041311,-0.131106,-0.112834,0.036409,-0.119565
96,0.800000,0.038910,0.009998,-0.126607,-0.000589,0.041198,-0.129708,-0.112841,0.036571,-0.118660
97,0.808333,0.038899,0.009715,-0.125179,-0.000459,0.041288,-0.128075,-0.112820,0.036776,-0.117689
98,0.816667,0.038853,0.009512,-0.123866,-0.000432,0.041119,-0.126818,-0.112910,0.036794,-0.116921
99,0.825000,0.038935,0.009487,-0.121982,-0.000487,0.040788,-0.125856,-0.113026,0.036789,-0.116193
100,0.833333,0.038808,0.009146,-0.120904,-0.000448,0.040679,-0.124553,-0.113145,0.036739,-0.115518
101,0.841667,0.038658,0.008892,-0.119757,-0.000467,0.040634,-0.123237,-0.113266,0.036746,-0.114806
102,0.850000,0.038578,0.008814,-0.118275,-0.000529,0.040419,-0.122248,-0.113305,0.036820,-0.113995
103,0.858333,0.038423,0.008427,-0.117340,-0.000562,0.040246,-0.121212,-0.113301,0.036969,-0.113075
104,0.866667,0.038350,0.008283,-0.116194,-0.000524,0.040289,-0.119883,-0.113446,0.036929,-0.112499
105,0.875000,0.038374,0.008248,-0.114735,-0.000575,0.040167,-0.118857,-0.113649,0.036828,-0.111984
106,0.883333,0.038232,0.008302,-0.113370,-0.000732,0.039931,-0.118147,-0.113877,0.036702,-0.111612
107,0.891667,0.038084,0.008046,-0.112586,-0.000786,0.039786,-0.117201,-0.113833,0.036955,-0.110686
108,0.900000,0.037776,0.007393,-0.112114,-0.000820,0.039690,-0.116235,-0.113880,0.037049,-0.110047
109,0.908333,0.037893,0.007866,-0.110044,-0.000880,0.039627,-0.115202,-0.114003,0.037081,-0.109474
110,0.916667,0.037754,0.007563,-0.109207,-0.000957,0.039494,-0.114371,-0.114154,0.037085,-0.108994
111,0.925000,0.037615,0.007364,-0.108305,-0.001045,0.039341,-0.113625,-0.114342,0.036993,-0.108629
112,0.933333,0.037431,0.007111,-0.107563,-0.001049,0.039364,-0.112600,-0.114455,0.037010,-0.108029
113,0.941667,0.037376,0.007224,-0.106215,-0.001105,0.039318,-0.111711,-0.114498,0.037091,-0.107467
114,0.950000,0.037238,0.007167,-0.105382,-0.001192,0.039366,-0.110864,-0.114561,0.037172,-0.106915
115,0.958333,0.037140,0.007127,-0.104778,-0.001319,0.039306,-0.110317,-0.114578,0.037312,-0.106274
116,0.966667,0.037049,0.007234,-0.103987,-0.001492,0.039262,-0.109888,-0.114687,0.037306,-0.105836
117,0.975000,0.037031,0.007416,-0.103348,-0.001519,0.039550,-0.109069,-0.114869,0.037243,-0.105626
118,0.983333,0.037092,0.007993,-0.102365,-0.001557,0.039853,-0.108458,-0.114961,0.037326,-0.105213
119,0.991667,0.037044,0.008265,-0.102018,-0.001626,0.040175,-0.107978,-0.115000,0.037433,-0.104828
120,1.000000,0.037009,0.008541,-0.101683,-0.001675,0.040391,-0.107694,-0.115120,0.037409,-0.104792
121,1.008333,0.037009,0.008696,-0.101455,-0.001691,0.040524,-0.107512,-0.115137,0.037479,-0.104684
122,1.016667,0.036976,0.008876,-0.101492,-0.001729,0.040649,-0.107582,-0.115122,0.037600,-0.104628
123,1.025000,0.036917,0.009006,-0.101816,-0.001722,0.040848,-0.107690,-0.115047,0.037789,-0.104535
124,1.033333,0.037016,0.009314,-0.101892,-0.001674,0.041120,-0.107887,-0.115016,0.037886,-0.104725
125,1.041667,0.037118,0.009547,-0.102312,-0.001576,0.041349,-0.108162,-0.115014,0.037958,-0.105064
126,1.050000,0.037127,0.009498,-0.103169,-0.001563,0.041440,-0.108861,-0.114800,0.038232,-0.105140
127,1.058333,0.037192,0.009571,-0.104171,-0.001492,0.041651,-0.109507,-0.114628,0.038424,-0.105425
128,1.066667,0.037327,0.009926,-0.104739,-0.001403,0.041795,-0.110324,-0.114555,0.038527,-0.106071
129,1.075000,0.037485,0.010251,-0.105625,-0.001261,0.042064,-0.111087,-0.114433,0.038663,-0.106652
130,1.083333,0.037654,0.010324,-0.106784,-0.001069,0.042304,-0.111850,-0.114381,0.038677,-0.107467
131,1.091667,0.037788,0.010454,-0.107910,-0.000954,0.042391,-0.113066,-0.114357,0.038640,-0.108377
132,1.100000,0.037847,0.010569,-0.109286,-0.000961,0.042392,-0.114563,-0.114117,0.038872,-0.109070
133,1.108333,0.037901,0.010575,-0.110811,-0.000864,0.042560,-0.115715,-0.113891,0.039064,-0.109766
134,1.116667,0.038060,0.010699,-0.112323,-0.000801,0.042575,-0.117287,-0.113888,0.039012,-0.110855
135,1.125000,0.038114,0.010926,-0.113744,-0.000655,0.042817,-0.118520,-0.113905,0.038980,-0.112106
136,1.133333,0.038179,0.010910,-0.115586,-0.000671,0.042902,-0.120121,-0.113918,0.038946,-0.113312
137,1.141667,0.038109,0.010905,-0.117544,-0.000710,0.042853,-0.121972,-0.113599,0.039256,-0.113918
138,1.150000,0.038105,0.011005,-0.119156,-0.000711,0.043009,-0.123535,-0.113667,0.039238,-0.115279
139,1.158333,0.038034,0.010970,-0.121340,-0.000785,0.043088,-0.125295,-0.113722,0.039244,-0.116521
140,1.166667,0.038111,0.011288,-0.122891,-0.000870,0.043009,-0.127254,-0.113798,0.039202,-0.117841
141,1.175000,0.038100,0.011462,-0.124426,-0.000971,0.043105,-0.129010,-0.113862,0.039201,-0.119151
142,1.183333,0.038000,0.011451,-0.126598,-0.000917,0.043398,-0.130389,-0.113618,0.039532,-0.119858
143,1.191667,0.037907,0.011424,-0.128527,-0.001129,0.043180,-0.132617,-0.113741,0.039455,-0.121212
144,1.200000,0.037811,0.011603,-0.130243,-0.001247,0.043260,-0.134315,-0.113868,0.039461,-0.122585
145,1.208333,0.037553,0.011394,-0.132552,-0.001298,0.043418,-0.135721,-0.114065,0.039286,-0.124046
146,1.216667,0.037448,0.011256,-0.134529,-0.001531,0.043289,-0.137810,-0.114105,0.039344,-0.125132
147,1.225000,0.037251,0.011257,-0.136619,-0.001706,0.043154,-0.139686,-0.114247,0.039274,-0.126501
148,1.233333,0.037095,0.011151,-0.138442,-0.001908,0.043121,-0.141465,-0.114086,0.039435,-0.127262
149,1.241667,0.036857,0.010860,-0.140739,-0.002026,0.043084,-0.142916,-0.114243,0.039332,-0.128498
150,1.250000,0.036692,0.010614,-0.142547,-0.002277,0.042760,-0.145033,-0.114386,0.039229,-0.129762
151,1.258333,0.036519,0.010560,-0.144247,-0.002503,0.042557,-0.146723,-0.114570,0.038978,-0.131031
152,1.266667,0.036349,0.010247,-0.145960,-0.002592,0.042446,-0.147942,-0.114698,0.038726,-0.132225
153,1.275000,0.036241,0.009997,-0.147676,-0.002671,0.042377,-0.149250,-0.114739,0.038556,-0.133136
154,1.283333,0.036011,0.009517,-0.149449,-0.002891,0.041900,-0.150957,-0.114852,0.038255,-0.134223
155,1.291667,0.036146,0.009629,-0.150019,-0.003047,0.041430,-0.152438,-0.114742,0.038159,-0.134910
156,1.300000,0.036106,0.009426,-0.151131,-0.003010,0.041333,-0.153169,-0.114721,0.038011,-0.135686
157,1.308333,0.036023,0.009115,-0.152363,-0.003070,0.041071,-0.154089,-0.114787,0.037762,-0.136484
158,1.316667,0.035932,0.008706,-0.153704,-0.003175,0.040714,-0.155256,-0.114809,0.037529,-0.137168
159,1.325000,0.035930,0.008491,-0.154577,-0.003231,0.040431,-0.156288,-0.114921,0.037167,-0.138049
160,1.333333,0.035907,0.008254,-0.155407,-0.003266,0.040249,-0.157067,-0.114796,0.037157,-0.138450
161,1.341667,0.035910,0.008085,-0.156013,-0.003193,0.040185,-0.157578,-0.114811,0.036925,-0.139123
162,1.350000,0.035883,0.007961,-0.156728,-0.003160,0.040095,-0.158075,-0.114700,0.036854,-0.139520
163,1.358333,0.035864,0.007837,-0.157510,-0.003130,0.040055,-0.158555,-0.114609,0.036787,-0.139912
164,1.366667,0.035892,0.007821,-0.158090,-0.003125,0.039958,-0.159072,-0.114534,0.036762,-0.140261
165,1.375000,0.035845,0.007577,-0.159052,-0.003152,0.039800,-0.159778,-0.114470,0.036763,-0.140700
166,1.383333,0.035808,0.007396,-0.159759,-0.003168,0.039610,-0.160579,-0.114481,0.036676,-0.141215
167,1.391667,0.035813,0.007304,-0.160336,-0.003032,0.039744,-0.160821,-0.114491,0.036651,-0.141705
168,1.400000,0.035818,0.007202,-0.160894,-0.003049,0.039740,-0.161412,-0.114529,0.036531,-0.142283
169,1.408333,0.035821,0.007192,-0.161412,-0.002992,0.039776,-0.161824,-0.114547,0.036465,-0.142699
170,1.416667,0.035863,0.007348,-0.161753,-0.003029,0.039760,-0.162287,-0.114464,0.036544,-0.142918
171,1.425000,0.035860,0.007417,-0.162292,-0.003021,0.039786,-0.162650,-0.114431,0.036598,-0.143183
172,1.433333,0.035763,0.007276,-0.162967,-0.002975,0.039892,-0.162871,-0.114429,0.036586,-0.143485
173,1.441667,0.035707,0.007110,-0.163638,-0.002956,0.039927,-0.163131,-0.114422,0.036576,-0.143730
174,1.450000,0.035741,0.007159,-0.163852,-0.002970,0.039891,-0.163509,-0.114376,0.036609,-0.143861
175,1.458333,0.035754,0.007163,-0.164083,-0.003020,0.039805,-0.163904,-0.114338,0.036608,-0.144016
176,1.466667,0.035786,0.007236,-0.164149,-0.003046,0.039766,-0.164164,-0.114357,0.036585,-0.144160
177,1.475000,0.035751,0.007183,-0.164349,-0.003046,0.039843,-0.164185,-0.114387,0.036553,-0.144298
178,1.483333,0.035742,0.007200,-0.164352,-0.003063,0.039859,-0.164192,-0.114400,0.036561,-0.144297
179,1.491667,0.035751,0.007249,-0.164230,-0.003090,0.039818,-0.164174,-0.114355,0.036664,-0.144096
180,1.500000,0.035753,0.007317,-0.163992,-0.003074,0.039881,-0.163950,-0.114430,0.036624,-0.144110
181,1.508333,0.035745,0.007370,-0.163719,-0.003060,0.039953,-0.163632,-0.114434,0.036690,-0.143911
182,1.516667,0.035701,0.007402,-0.163394,-0.003053,0.040058,-0.163191,-0.114482,0.036715,-0.143728
183,1.525000,0.035696,0.007556,-0.162807,-0.003083,0.040123,-0.162776,-0.114538,0.036757,-0.143473
184,1.533333,0.035733,0.007720,-0.162131,-0.003222,0.039985,-0.162634,-0.114542,0.036849,-0.143028
185,1.541667,0.035774,0.007811,-0.161370,-0.003249,0.040041,-0.162109,-0.114615,0.036860,-0.142628
186,1.550000,0.035832,0.007886,-0.160388,-0.003269,0.040145,-0.161383,-0.114538,0.037048,-0.141878
187,1.558333,0.035879,0.008013,-0.159436,-0.003170,0.040402,-0.160222,-0.114562,0.037104,-0.141315
188,1.566667,0.035962,0.008349,-0.158005,-0.003177,0.040308,-0.159274,-0.114397,0.037345,-0.140185
189,1.575000,0.036049,0.008503,-0.156475,-0.003076,0.040461,-0.158044,-0.114585,0.037159,-0.139734
190,1.583333,0.036147,0.008572,-0.155064,-0.003016,0.040563,-0.156840,-0.114714,0.037092,-0.139133
191,1.591667,0.036270,0.008723,-0.153575,-0.002932,0.040553,-0.155413,-0.114665,0.037253,-0.138023
192,1.600000,0.036489,0.009027,-0.151343,-0.002697,0.041012,-0.153323,-0.114596,0.037393,-0.136857
193,1.608333,0.036586,0.009284,-0.149446,-0.002677,0.040981,-0.151967,-0.114484,0.037499,-0.135640
194,1.616667,0.036760,0.009353,-0.147484,-0.002545,0.041013,-0.150307,-0.114425,0.037637,-0.134365
195,1.625000,0.036776,0.009389,-0.145739,-0.002336,0.041414,-0.148067,-0.114361,0.037800,-0.133107
196,1.633333,0.036764,0.009354,-0.143846,-0.002275,0.041299,-0.146421,-0.114537,0.037634,-0.132180
197,1.641667,0.036913,0.009459,-0.141891,-0.002184,0.041359,-0.144775,-0.114412,0.037833,-0.130747
198,1.650000,0.036978,0.009558,-0.139833,-0.001980,0.041617,-0.142408,-0.114316,0.037999,-0.129369
199,1.658333,0.037167,0.009817,-0.137266,-0.001913,0.041630,-0.140729,-0.114198,0.038191,-0.127826
200,1.666667,0.037161,0.009702,-0.135574,-0.001777,0.041664,-0.138782,-0.114208,0.038245,-0.126575
201,1.675000,0.037379,0.010025,-0.132868,-0.001682,0.041870,-0.136631,-0.114406,0.038092,-0.125603
202,1.683333,0.037418,0.010095,-0.130683,-0.001606,0.041782,-0.134853,-0.114288,0.038291,-0.124077
203,1.691667,0.037404,0.009888,-0.128867,-0.001556,0.041694,-0.133071,-0.114191,0.038413,-0.122548
204,1.700000,0.037335,0.009922,-0.126695,-0.001464,0.041889,-0.130892,-0.114165,0.038533,-0.121173
205,1.708333,0.037381,0.009776,-0.124849,-0.001418,0.041809,-0.129145,-0.114372,0.038283,-0.120290
206,1.716667,0.037431,0.009831,-0.122828,-0.001332,0.041888,-0.127182,-0.114384,0.038260,-0.119002
207,1.725000,0.037620,0.010052,-0.120338,-0.001240,0.041886,-0.125293,-0.114237,0.038438,-0.117529
208,1.733333,0.037542,0.009770,-0.118959,-0.001176,0.041777,-0.123645,-0.114239,0.038337,-0.116396
209,1.741667,0.037563,0.009616,-0.117175,-0.001131,0.041665,-0.122021,-0.114077,0.038491,-0.114910
210,1.750000,0.037537,0.009513,-0.115375,-0.001077,0.041608,-0.120393,-0.114367,0.038115,-0.114382
211,1.758333,0.037553,0.009291,-0.113846,-0.001046,0.041396,-0.118994,-0.114273,0.038072,-0.113231
212,1.766667,0.037510,0.008938,-0.112546,-0.000966,0.041210,-0.117663,-0.114171,0.038071,-0.112141
213,1.775000,0.037647,0.009194,-0.110451,-0.000857,0.041154,-0.116166,-0.114035,0.038162,-0.111039
214,1.783333,0.037695,0.009079,-0.109008,-0.000860,0.041031,-0.115018,-0.114033,0.038090,-0.110191
215,1.791667,0.037690,0.008864,-0.107915,-0.000806,0.040928,-0.113872,-0.113915,0.038142,-0.109152
216,1.800000,0.037722,0.008717,-0.106749,-0.000742,0.040833,-0.112833,-0.113991,0.038011,-0.108667
217,1.808333,0.037808,0.008948,-0.105249,-0.000652,0.040796,-0.111852,-0.113971,0.037944,-0.108013
218,1.816667,0.037804,0.008696,-0.104628,-0.000572,0.040776,-0.110966,-0.113908,0.037957,-0.107388
219,1.825000,0.037946,0.008667,-0.103629,-0.000414,0.040761,-0.110087,-0.113766,0.037948,-0.106689
220,1.833333,0.037942,0.008446,-0.103256,-0.000297,0.040751,-0.109356,-0.113757,0.037815,-0.106399
221,1.841667,0.037989,0.008316,-0.102847,-0.000229,0.040628,-0.108970,-0.113653,0.037812,-0.105984
222,1.850000,0.038012,0.008078,-0.102631,-0.000185,0.040457,-0.108724,-0.113618,0.037694,-0.105858
223,1.858333,0.038250,0.008184,-0.101864,-0.000053,0.040375,-0.108486,-0.113497,0.037647,-0.105669
224,1.866667,0.038355,0.008040,-0.101717,0.000104,0.040307,-0.108253,-0.113402,0.037555,-0.105616
225,1.875000,0.038511,0.008030,-0.101502,0.000200,0.040114,-0.108299,-0.113090,0.037684,-0.105228
226,1.883333,0.038590,0.007898,-0.101508,0.000309,0.040020,-0.108328,-0.112955,0.037688,-0.105150
227,1.891667,0.038668,0.007865,-0.101577,0.000423,0.039999,-0.108364,-0.112821,0.037652,-0.105192
228,1.900000,0.038817,0.007975,-0.101546,0.000548,0.040024,-0.108426,-0.112714,0.037652,-0.105248
229,1.908333,0.038901,0.007945,-0.102006,0.000657,0.040043,-0.108713,-0.112558,0.037739,-0.105285
230,1.916667,0.038940,0.007782,-0.102713,0.000797,0.040203,-0.108858,-0.112468,0.037762,-0.105446
231,1.925000,0.039106,0.007961,-0.102950,0.000964,0.040426,-0.108978,-0.112372,0.037811,-0.105691
232,1.933333,0.039326,0.008273,-0.103252,0.001106,0.040643,-0.109253,-0.112348,0.037758,-0.106113
233,1.941667,0.039451,0.008477,-0.103635,0.001200,0.040790,-0.109684,-0.112291,0.037793,-0.106463
234,1.950000,0.039562,0.008668,-0.104318,0.001223,0.040876,-0.110435,-0.112158,0.037950,-0.106742
235,1.958333,0.039679,0.009008,-0.104875,0.001235,0.040982,-0.111300,-0.112011,0.038202,-0.107107
236,1.966667,0.039677,0.008812,-0.106322,0.001306,0.041137,-0.112042,-0.111911,0.038271,-0.107658
237,1.975000,0.039792,0.009186,-0.106935,0.001448,0.041454,-0.112705,-0.111740,0.038495,-0.108085
238,1.983333,0.039912,0.009519,-0.107874,0.001502,0.041697,-0.113635,-0.111773,0.038512,-0.108867
239,1.991667,0.039948,0.009723,-0.109114,0.001520,0.041885,-0.114779,-0.111797,0.038617,-0.109707
240,2.000000,0.039991,0.009728,-0.110771,0.001551,0.042078,-0.115949,-0.111725,0.038816,-0.110411
241,2.008333,0.040193,0.010303,-0.111550,0.001601,0.042366,-0.117074,-0.111673,0.038898,-0.111265
242,2.016667,0.040177,0.010569,-0.112972,0.001554,0.042537,-0.118486,-0.111496,0.039236,-0.111853
243,2.025000,0.040118,0.010400,-0.115090,0.001581,0.042725,-0.119907,-0.111453,0.039406,-0.112828
244,2.033333,0.040106,0.010538,-0.116724,0.001596,0.042877,-0.121356,-0.111440,0.039509,-0.113757
245,2.041667,0.040157,0.010837,-0.118212,0.001538,0.043004,-0.122919,-0.111425,0.039643,-0.114843
246,2.050000,0.040183,0.010886,-0.120118,0.001572,0.043139,-0.124503,-0.111540,0.039602,-0.116112
247,2.058333,0.040237,0.011121,-0.121710,0.001491,0.043160,-0.126353,-0.111279,0.039946,-0.116780
248,2.066667,0.040154,0.011204,-0.123669,0.001432,0.043238,-0.128069,-0.111256,0.040048,-0.117955
249,2.075000,0.040106,0.011040,-0.125848,0.001372,0.043140,-0.129986,-0.111338,0.040001,-0.119260
250,2.083333,0.040001,0.011037,-0.127900,0.001256,0.043146,-0.131850,-0.111427,0.039967,-0.120588
251,2.091667,0.039884,0.011045,-0.129807,0.001226,0.043258,-0.133392,-0.111594,0.039851,-0.122104
252,2.100000,0.039652,0.010583,-0.132468,0.001074,0.043187,-0.135382,-0.111392,0.040116,-0.122869
253,2.108333,0.039614,0.010705,-0.134186,0.000998,0.043083,-0.137216,-0.111512,0.039968,-0.124223
254,2.116667,0.039401,0.010457,-0.136307,0.000889,0.043111,-0.138906,-0.111520,0.040062,-0.125377
255,2.125000,0.039426,0.010578,-0.137990,0.000690,0.042785,-0.141001,-0.111718,0.039792,-0.126859
256,2.133333,0.039292,0.010332,-0.139902,0.000549,0.042709,-0.142771,-0.111725,0.039786,-0.127952
257,2.141667,0.039211,0.010339,-0.141545,0.000508,0.042692,-0.144087,-0.111947,0.039530,-0.129461
258,2.150000,0.039085,0.010077,-0.143373,0.000325,0.042474,-0.145826,-0.111733,0.039653,-0.130098
259,2.158333,0.038838,0.009588,-0.145611,0.000181,0.042225,-0.147537,-0.111837,0.039463,-0.131256
260,2.166667,0.038811,0.009577,-0.146841,0.000008,0.041903,-0.149148,-0.111975,0.039129,-0.132458
261,2.175000,0.038676,0.009377,-0.148303,-0.000077,0.041778,-0.150374,-0.111972,0.039035,-0.133358
262,2.183333,0.038569,0.009173,-0.149896,-0.000163,0.041629,-0.151670,-0.112083,0.038738,-0.134494
263,2.191667,0.038427,0.008608,-0.151678,-0.000335,0.041142,-0.153273,-0.112202,0.038422,-0.135515
264,2.200000,0.038286,0.008208,-0.153110,-0.000466,0.040774,-0.154580,-0.112113,0.038280,-0.136217
265,2.208333,0.038186,0.008012,-0.154304,-0.000430,0.040710,-0.155278,-0.111997,0.038152,-0.136755
266,2.216667,0.038088,0.007778,-0.155537,-0.000486,0.040514,-0.156254,-0.112060,0.037820,-0.137606
267,2.225000,0.037984,0.007369,-0.156816,-0.000591,0.040295,-0.157258,-0.112131,0.037521,-0.138349
268,2.233333,0.037814,0.006793,-0.158251,-0.000688,0.039921,-0.158298,-0.112185,0.037225,-0.139047
269,2.241667,0.037746,0.006497,-0.159127,-0.000803,0.039507,-0.159316,-0.112213,0.036982,-0.139604
270,2.250000,0.037659,0.006268,-0.159890,-0.000957,0.039100,-0.160296,-0.112275,0.036707,-0.140255
271,2.258333,0.037546,0.006082,-0.160732,-0.001047,0.038989,-0.160840,-0.112315,0.036529,-0.140670
272,2.266667,0.037463,0.006180,-0.161286,-0.001178,0.038926,-0.161358,-0.112444,0.036271,-0.141251
273,2.275000,0.037387,0.006224,-0.161736,-0.001205,0.039022,-0.161583,-0.112517,0.036166,-0.141596
274,2.283333,0.037315,0.006269,-0.162072,-0.001306,0.039037,-0.161922,-0.112666,0.036000,-0.142110
275,2.291667,0.037237,0.006251,-0.162434,-0.001400,0.039042,-0.162287,-0.112728,0.036019,-0.142314
276,2.300000,0.037199,0.006325,-0.162626,-0.001483,0.039131,-0.162544,-0.112774,0.036068,-0.142456
277,2.308333,0.037145,0.006461,-0.162685,-0.001570,0.039191,-0.162759,-0.112801,0.036141,-0.142471
278,2.316667,0.037071,0.006496,-0.162840,-0.001652,0.039214,-0.162888,-0.112842,0.036204,-0.142468
279,2.325000,0.037052,0.006557,-0.162826,-0.001701,0.039245,-0.162919,-0.112806,0.036368,-0.142251
280,2.333333,0.037071,0.006653,-0.162665,-0.001677,0.039334,-0.162727,-0.112854,0.036387,-0.142226
281,2.341667,0.037082,0.006691,-0.162493,-0.001635,0.039446,-0.162432,-0.112831,0.036479,-0.142048
282,2.350000,0.037150,0.006819,-0.162050,-0.001621,0.039509,-0.162107,-0.112822,0.036514,-0.141865
283,2.358333,0.037240,0.006930,-0.161504,-0.001548,0.039517,-0.161634,-0.112739,0.036659,-0.141390
284,2.366667,0.037298,0.007024,-0.160905,-0.001515,0.039496,-0.161180,-0.112625,0.036788,-0.140836
285,2.375000,0.037367,0.007061,-0.160293,-0.001486,0.039494,-0.160579,-0.112581,0.036882,-0.140317
286,2.383333,0.037492,0.007292,-0.159099,-0.001363,0.039760,-0.159507,-0.112594,0.036909,-0.139898
287,2.391667,0.037603,0.007296,-0.158121,-0.001254,0.039888,-0.158668,-0.112482,0.037056,-0.139201
288,2.400000,0.037755,0.007576,-0.156797,-0.001162,0.040011,-0.157774,-0.112397,0.037217,-0.138421
289,2.408333,0.037818,0.007732,-0.155680,-0.001091,0.039983,-0.156651,-0.112442,0.037257,-0.137838
290,2.416667,0.037898,0.007712,-0.154455,-0.000999,0.040106,-0.155576,-0.112675,0.037053,-0.137495
291,2.425000,0.038007,0.007944,-0.152969,-0.000874,0.040430,-0.154097,-0.112513,0.037352,-0.136256
292,2.433333,0.038106,0.008343,-0.151188,-0.000797,0.040552,-0.152720,-0.112501,0.037456,-0.135396
293,2.441667,0.038282,0.008600,-0.149251,-0.000687,0.040680,-0.151292,-0.112438,0.037689,-0.134274
294,2.450000,0.038314,0.008655,-0.147912,-0.000696,0.040730,-0.150080,-0.112377,0.037924,-0.133149
295,2.458333,0.038269,0.008646,-0.146495,-0.000584,0.041009,-0.148284,-0.112386,0.038031,-0.132010
296,2.466667,0.038237,0.008819,-0.144604,-0.000537,0.041125,-0.146667,-0.112581,0.037940,-0.131276
297,2.475000,0.038328,0.008932,-0.142831,-0.000491,0.041231,-0.145093,-0.112622,0.038111,-0.130055
298,2.483333,0.038364,0.009071,-0.140937,-0.000455,0.041312,-0.143343,-0.112476,0.038455,-0.128533
299,2.491667,0.038511,0.009494,-0.138336,-0.000412,0.041523,-0.141528,-0.112558,0.038458,-0.127455
300,2.500000,0.038533,0.009565,-0.136489,-0.000306,0.041583,-0.139583,-0.112685,0.038514,-0.126295
301,2.508333,0.038663,0.009913,-0.133836,-0.000242,0.041912,-0.137372,-0.112759,0.038573,-0.125010
302,2.516667,0.038547,0.009825,-0.132056,-0.000233,0.041891,-0.135501,-0.112643,0.038899,-0.123352
303,2.525000,0.038381,0.009602,-0.130286,-0.000211,0.042053,-0.133390,-0.112671,0.038991,-0.121871
304,2.533333,0.038503,0.009863,-0.127455,-0.000194,0.042095,-0.131332,-0.113029,0.038724,-0.121064
305,2.541667,0.038469,0.009881,-0.125371,-0.000241,0.042004,-0.129534,-0.112969,0.038886,-0.119494
306,2.550000,0.038503,0.010101,-0.122740,-0.000152,0.042172,-0.127183,-0.113000,0.038918,-0.118058
307,2.558333,0.038303,0.009605,-0.121165,-0.000210,0.042045,-0.125369,-0.113244,0.038803,-0.116952
308,2.566667,0.038300,0.009796,-0.118563,-0.000220,0.042090,-0.123232,-0.113280,0.038818,-0.115518
309,2.575000,0.038237,0.009640,-0.116679,-0.000199,0.042024,-0.121280,-0.113279,0.038870,-0.114092
310,2.583333,0.038324,0.009950,-0.113897,-0.000262,0.041885,-0.119512,-0.113305,0.038895,-0.112719
311,2.591667,0.038182,0.009647,-0.112300,-0.000190,0.041928,-0.117489,-0.113428,0.038752,-0.111569
312,2.600000,0.038075,0.009381,-0.110634,-0.000249,0.041748,-0.115964,-0.113427,0.038866,-0.110226
313,2.608333,0.038064,0.009437,-0.108595,-0.000302,0.041691,-0.114230,-0.113467,0.038768,-0.109136
314,2.616667,0.038060,0.009284,-0.106961,-0.000296,0.041570,-0.112727,-0.113415,0.038793,-0.107861
315,2.625000,0.038002,0.009103,-0.105525,-0.000326,0.041378,-0.111417,-0.113528,0.038691,-0.106921
316,2.633333,0.038061,0.009171,-0.103714,-0.000314,0.041302,-0.110012,-0.113558,0.038615,-0.106000
317,2.641667,0.037962,0.008783,-0.102778,-0.000208,0.041227,-0.108619,-0.113587,0.038470,-0.105158
318,2.650000,0.037928,0.008587,-0.101676,-0.000247,0.040982,-0.107753,-0.113520,0.038472,-0.104311
319,2.658333,0.037930,0.008294,-0.100816,-0.000246,0.040755,-0.106931,-0.113478,0.038396,-0.103570
320,2.666667,0.037927,0.008292,-0.099750,-0.000267,0.040469,-0.106292,-0.113402,0.038285,-0.102852
321,2.675000,0.037844,0.007783,-0.099537,-0.000179,0.040384,-0.105557,-0.113307,0.038247,-0.102249
322,2.683333,0.037937,0.007759,-0.098811,-0.000182,0.040167,-0.105186,-0.113260,0.038120,-0.101909
323,2.691667,0.038059,0.007684,-0.098315,-0.000121,0.039946,-0.104924,-0.113203,0.038005,-0.101673
324,2.700000,0.038111,0.007542,-0.098232,-0.000058,0.039773,-0.104779,-0.113146,0.037888,-0.101528
325,2.708333,0.038164,0.007396,-0.098282,0.000112,0.039816,-0.104525,-0.113041,0.037848,-0.101411
326,2.716667,0.038320,0.007449,-0.098185,0.000242,0.039829,-0.104488,-0.112957,0.037810,-0.101415
327,2.725000,0.038412,0.007362,-0.098501,0.000341,0.039787,-0.104713,-0.112928,0.037738,-0.101631
328,2.733333,0.038384,0.007011,-0.099457,0.000401,0.039765,-0.105112,-0.112926,0.037620,-0.102029
329,2.741667,0.038484,0.007124,-0.099849,0.000436,0.039846,-0.105628,-0.112832,0.037672,-0.102288
330,2.750000,0.038737,0.007643,-0.099987,0.000438,0.039906,-0.106375,-0.112786,0.037707,-0.102738
331,2.758333,0.038747,0.007788,-0.100926,0.000561,0.040219,-0.106868,-0.112620,0.037851,-0.103086
332,2.766667,0.038855,0.008068,-0.101825,0.000595,0.040341,-0.107842,-0.112433,0.038064,-0.103503
333,2.775000,0.038943,0.008187,-0.103119,0.000723,0.040669,-0.108654,-0.112379,0.038220,-0.104202
334,2.783333,0.039052,0.008568,-0.104160,0.000755,0.040970,-0.109676,-0.112336,0.038310,-0.105023
335,2.791667,0.039211,0.009108,-0.105160,0.000948,0.041509,-0.110387,-0.112354,0.038361,-0.105934
336,2.800000,0.039424,0.009461,-0.106512,0.000967,0.041705,-0.111867,-0.112258,0.038620,-0.106824
337,2.808333,0.039464,0.009684,-0.108284,0.001001,0.042013,-0.113302,-0.112066,0.038886,-0.107619
338,2.816667,0.039602,0.010178,-0.109658,0.001117,0.042402,-0.114641,-0.111930,0.039098,-0.108585
339,2.825000,0.039706,0.010421,-0.111581,0.001129,0.042662,-0.116286,-0.111904,0.039244,-0.109851
340,2.833333,0.039907,0.010977,-0.113045,0.001225,0.042990,-0.117890,-0.111910,0.039300,-0.111097
341,2.841667,0.039934,0.011145,-0.115359,0.001204,0.043301,-0.119729,-0.111802,0.039541,-0.112330
342,2.850000,0.039896,0.011338,-0.117607,0.001178,0.043448,-0.121827,-0.111586,0.039823,-0.113354
343,2.858333,0.039991,0.011738,-0.119501,0.001194,0.043681,-0.123825,-0.111571,0.039944,-0.114885
344,2.866667,0.040056,0.011865,-0.121866,0.001225,0.043863,-0.125876,-0.111531,0.040026,-0.116290
345,2.875000,0.040221,0.012354,-0.123709,0.001226,0.044138,-0.127823,-0.111370,0.040290,-0.117536
346,2.883333,0.040124,0.012317,-0.126434,0.001188,0.044395,-0.129869,-0.111377,0.040329,-0.119110
347,2.891667,0.040014,0.012480,-0.128925,0.001080,0.044373,-0.132282,-0.111379,0.040463,-0.120620
348,2.900000,0.039933,0.012520,-0.131605,0.001051,0.044639,-0.134294,-0.111466,0.040414,-0.122360
349,2.908333,0.039984,0.012804,-0.133774,0.000866,0.044548,-0.137006,-0.111295,0.040694,-0.123592
350,2.916667,0.039926,0.012952,-0.136201,0.000885,0.044884,-0.138907,-0.111322,0.040784,-0.125090
351,2.925000,0.039821,0.012911,-0.138776,0.000688,0.044852,-0.141327,-0.111406,0.040806,-0.126759
352,2.933333,0.039718,0.013147,-0.141008,0.000574,0.044936,-0.143529,-0.111490,0.040795,-0.128434
353,2.941667,0.039483,0.012908,-0.144013,0.000438,0.045070,-0.145624,-0.111489,0.040777,-0.129914
354,2.950000,0.039368,0.012907,-0.146267,0.000224,0.044753,-0.148207,-0.111509,0.040850,-0.131348
355,2.958333,0.039165,0.012649,-0.148651,0.000095,0.044754,-0.150204,-0.111572,0.040710,-0.132886
356,2.966667,0.038972,0.012373,-0.151290,0.000047,0.044801,-0.151911,-0.111805,0.040336,-0.134751
357,2.975000,0.038926,0.012375,-0.152956,-0.000174,0.044438,-0.154224,-0.111580,0.040480,-0.135710
358,2.983333,0.038919,0.012426,-0.154580,-0.000215,0.044396,-0.155653,-0.111679,0.040190,-0.137076
359,2.991667,0.038785,0.011956,-0.156690,-0.000343,0.044227,-0.157356,-0.111791,0.039818,-0.138520
360,3.000000,0.038631,0.011650,-0.158531,-0.000413,0.043841,-0.159008,-0.111848,0.039467,-0.139743
361,3.008333,0.038617,0.011404,-0.159866,-0.000469,0.043523,-0.160295,-0.111902,0.039094,-0.140897
362,3.016667,0.038543,0.010902,-0.161347,-0.000493,0.043203,-0.161407,-0.111654,0.039019,-0.141418
363,3.025000,0.038488,0.010309,-0.162726,-0.000551,0.042644,-0.162650,-0.111506,0.038735,-0.141990
364,3.033333,0.038506,0.009852,-0.163608,-0.000529,0.042106,-0.163654,-0.111516,0.038267,-0.142801
365,3.041667,0.038566,0.009480,-0.164163,-0.000404,0.041810,-0.164049,-0.111554,0.037717,-0.143598
366,3.050000,0.038593,0.008949,-0.164782,-0.000308,0.041377,-0.164431,-0.111469,0.037303,-0.144007
367,3.058333,0.038625,0.008414,-0.165283,-0.000225,0.040910,-0.164783,-0.111407,0.036888,-0.144328
368,3.066667,0.038704,0.008019,-0.165373,-0.000120,0.040529,-0.164895,-0.111239,0.036636,-0.144303
369,3.075000,0.038765,0.007403,-0.165497,0.000004,0.040260,-0.164732,-0.111060,0.036507,-0.144109
370,3.083333,0.038807,0.007019,-0.165258,0.000075,0.039789,-0.164613,-0.110914,0.036340,-0.143816
371,3.091667,0.038846,0.006845,-0.164966,0.000187,0.039696,-0.164111,-0.110907,0.036170,-0.143617
372,3.100000,0.038886,0.006935,-0.164335,0.000157,0.039604,-0.163797,-0.111042,0.035885,-0.143592
373,3.108333,0.038948,0.007094,-0.163624,0.000093,0.039541,-0.163496,-0.111120,0.035789,-0.143370
374,3.116667,0.039019,0.007214,-0.162694,0.000094,0.039617,-0.162939,-0.111147,0.035810,-0.142945
375,3.125000,0.039019,0.007222,-0.161994,0.000125,0.039756,-0.162146,-0.111033,0.036129,-0.142018
376,3.133333,0.039069,0.007451,-0.160950,0.000133,0.039886,-0.161304,-0.111005,0.036296,-0.141306
377,3.141667,0.039118,0.007702,-0.159845,0.000141,0.040009,-0.160244,-0.111011,0.036456,-0.140577
378,3.150000,0.039211,0.008085,-0.158344,0.000191,0.040243,-0.159086,-0.111004,0.036597,-0.139769
379,3.158333,0.039270,0.008286,-0.156847,0.000232,0.040426,-0.158024,-0.111044,0.036766,-0.138972
380,3.166667,0.039339,0.008540,-0.155475,0.000198,0.040555,-0.156916,-0.111311,0.036687,-0.138474
381,3.175000,0.039358,0.008699,-0.154165,0.000331,0.040863,-0.155234,-0.111170,0.037044,-0.137097
382,3.183333,0.039496,0.009074,-0.152073,0.000353,0.041075,-0.153804,-0.111157,0.037279,-0.136038
383,3.191667,0.039469,0.009275,-0.150558,0.000379,0.041285,-0.152387,-0.111157,0.037552,-0.134825
384,3.200000,0.039401,0.009289,-0.149145,0.000455,0.041576,-0.150554,-0.111109,0.037901,-0.133463
385,3.208333,0.039430,0.009684,-0.146910,0.000360,0.041667,-0.149074,-0.111459,0.037724,-0.132823
386,3.216667,0.039480,0.009964,-0.144996,0.000379,0.041887,-0.147348,-0.111396,0.038038,-0.131306
387,3.225000,0.039566,0.010221,-0.142754,0.000543,0.042383,-0.144863,-0.111430,0.038269,-0.129952
388,3.233333,0.039622,0.010721,-0.140187,0.000421,0.042327,-0.143517,-0.111513,0.038423,-0.128652
389,3.241667,0.039620,0.010735,-0.138181,0.000502,0.042540,-0.141259,-0.111651,0.038469,-0.127397
390,3.250000,0.039438,0.010720,-0.136028,0.000453,0.042697,-0.139301,-0.111692,0.038651,-0.125885
391,3.258333,0.039506,0.010954,-0.133561,0.000447,0.042672,-0.137233,-0.111696,0.038914,-0.124224
392,3.266667,0.039525,0.011297,-0.130628,0.000474,0.042896,-0.134767,-0.111937,0.038804,-0.122974
393,3.275000,0.039567,0.011189,-0.128207,0.000476,0.042835,-0.132670,-0.111912,0.038995,-0.121240
394,3.283333,0.039375,0.010951,-0.126009,0.000506,0.042838,-0.130243,-0.111983,0.039023,-0.119692
395,3.291667,0.039280,0.010723,-0.123630,0.000475,0.042635,-0.128230,-0.112181,0.038872,-0.118344
396,3.300000,0.039297,0.010820,-0.120770,0.000487,0.042655,-0.125763,-0.112258,0.038882,-0.116836
397,3.308333,0.039205,0.010437,-0.118627,0.000523,0.042517,-0.123494,-0.112252,0.038885,-0.115103
398,3.316667,0.039212,0.010527,-0.115596,0.000502,0.042412,-0.121105,-0.112570,0.038588,-0.113984
399,3.325000,0.038943,0.009892,-0.114003,0.000441,0.042079,-0.119143,-0.112538,0.038538,-0.112276
400,3.333333,0.039061,0.010093,-0.110888,0.000430,0.041978,-0.116895,-0.112480,0.038573,-0.110658
401,3.341667,0.038980,0.009798,-0.108854,0.000459,0.041777,-0.114897,-0.112629,0.038260,-0.109460
402,3.350000,0.038862,0.009639,-0.106670,0.000445,0.041646,-0.112884,-0.112729,0.038119,-0.108156
403,3.358333,0.038683,0.009061,-0.105241,0.000349,0.041285,-0.111250,-0.112733,0.037955,-0.106758
404,3.366667,0.038636,0.008819,-0.103447,0.000289,0.040942,-0.109749,-0.112688,0.037870,-0.105488
405,3.375000,0.038722,0.008632,-0.101495,0.000326,0.040681,-0.108146,-0.112598,0.037805,-0.104109
406,3.383333,0.038602,0.008088,-0.100421,0.000358,0.040332,-0.106836,-0.112802,0.037302,-0.103545
407,3.391667,0.038587,0.007558,-0.099348,0.000393,0.039961,-0.105693,-0.112788,0.037100,-0.102716
408,3.400000,0.038548,0.007191,-0.098270,0.000439,0.039570,-0.104674,-0.112759,0.036759,-0.101907
409,3.408333,0.038665,0.007076,-0.096842,0.000507,0.039304,-0.103696,-0.112658,0.036643,-0.101112
410,3.416667,0.038662,0.006682,-0.096399,0.000554,0.038954,-0.102984,-0.112555,0.036545,-0.100330
411,3.425000,0.038582,0.006123,-0.096262,0.000638,0.038750,-0.102297,-0.112448,0.036370,-0.099699
412,3.433333,0.038686,0.006171,-0.095763,0.000683,0.038697,-0.101826,-0.112336,0.036269,-0.099273
413,3.441667,0.038740,0.006160,-0.095590,0.000704,0.038713,-0.101501,-0.112237,0.036258,-0.098859
414,3.450000,0.038850,0.006216,-0.095299,0.000780,0.038755,-0.101234,-0.112203,0.036210,-0.098691
415,3.458333,0.038877,0.006200,-0.095269,0.000858,0.038769,-0.101084,-0.112157,0.036162,-0.098638
416,3.466667,0.038922,0.006183,-0.095249,0.000971,0.038890,-0.100995,-0.112018,0.036247,-0.098523
417,3.475000,0.039027,0.006260,-0.095191,0.001103,0.038921,-0.101080,-0.111998,0.036157,-0.098775
418,3.483333,0.039085,0.006246,-0.095270,0.001170,0.038920,-0.101262,-0.111921,0.036133,-0.098999
419,3.491667,0.039337,0.006406,-0.095484,0.001238,0.038891,-0.101592,-0.111883,0.036061,-0.099353
420,3.500000,0.039499,0.006406,-0.095921,0.001280,0.038706,-0.102203,-0.111815,0.036015,-0.099710
421,3.508333,0.039583,0.006413,-0.096317,0.001399,0.038813,-0.102550,-0.111567,0.036182,-0.099774
422,3.516667,0.039640,0.006504,-0.097043,0.001516,0.039029,-0.102906,-0.111430,0.036269,-0.100112
423,3.525000,0.039755,0.006810,-0.097419,0.001576,0.039198,-0.103423,-0.111349,0.036433,-0.100480
424,3.533333,0.039852,0.007078,-0.098099,0.001729,0.039652,-0.103755,-0.111325,0.036537,-0.100966
425,3.541667,0.040036,0.007697,-0.098423,0.001802,0.039960,-0.104382,-0.111248,0.036745,-0.101327
426,3.550000,0.040111,0.007944,-0.099559,0.001866,0.040431,-0.104969,-0.111318,0.036797,-0.102030
427,3.558333,0.040130,0.008265,-0.100673,0.001810,0.040674,-0.105932,-0.111316,0.037106,-0.102584
428,3.566667,0.040284,0.008935,-0.101249,0.001853,0.041140,-0.106712,-0.111293,0.037339,-0.103170
429,3.575000,0.040246,0.009346,-0.102371,0.001808,0.041544,-0.107700,-0.111202,0.037641,-0.103723
430,3.583333,0.040250,0.009659,-0.103906,0.001758,0.041930,-0.108844,-0.111180,0.037991,-0.104467
431,3.591667,0.040149,0.009912,-0.105569,0.001706,0.042300,-0.110095,-0.111147,0.038313,-0.105223
432,3.600000,0.040333,0.010735,-0.106408,0.001660,0.042713,-0.111439,-0.111232,0.038445,-0.106265
433,3.608333,0.040314,0.011223,-0.107965,0.001595,0.043163,-0.112794,-0.111234,0.038820,-0.107206
434,3.616667,0.040263,0.011472,-0.110070,0.001614,0.043675,-0.114087,-0.111371,0.038895,-0.108485
435,3.625000,0.040354,0.012065,-0.111488,0.001519,0.043958,-0.115928,-0.111429,0.039168,-0.109697
436,3.633333,0.040257,0.012383,-0.113686,0.001405,0.044313,-0.117789,-0.111394,0.039445,-0.110842
437,3.641667,0.040081,0.012381,-0.116482,0.001326,0.044631,-0.119688,-0.111285,0.039915,-0.111913
438,3.650000,0.039990,0.012765,-0.118726,0.001130,0.044678,-0.122229,-0.111397,0.040037,-0.113430
439,3.658333,0.040051,0.013108,-0.121164,0.001066,0.045024,-0.124308,-0.111499,0.040145,-0.115099
440,3.666667,0.040006,0.013524,-0.123509,0.000923,0.045253,-0.126750,-0.111575,0.040235,-0.116761
441,3.675000,0.039890,0.013776,-0.126206,0.000795,0.045470,-0.129163,-0.111394,0.040676,-0.117980
442,3.683333,0.039718,0.013838,-0.129249,0.000673,0.045715,-0.131509,-0.111529,0.040735,-0.119851
443,3.691667,0.039565,0.014049,-0.131914,0.000411,0.045657,-0.134524,-0.111765,0.040616,-0.121938
444,3.700000,0.039381,0.013870,-0.135247,0.000278,0.045928,-0.136912,-0.111899,0.040668,-0.123935
445,3.708333,0.039363,0.014314,-0.137562,0.000044,0.045795,-0.139951,-0.111759,0.040843,-0.125488
446,3.716667,0.039204,0.014199,-0.140800,-0.000085,0.045959,-0.142426,-0.111867,0.040853,-0.127477
447,3.725000,0.039076,0.014378,-0.143491,-0.000273,0.045837,-0.145333,-0.111964,0.040773,-0.129445
448,3.733333,0.038815,0.013964,-0.146929,-0.000425,0.045914,-0.147866,-0.111887,0.040854,-0.131178
449,3.741667,0.038673,0.013963,-0.149642,-0.000644,0.045706,-0.150853,-0.112053,0.040542,-0.133310
450,3.750000,0.038415,0.013505,-0.153077,-0.000720,0.045580,-0.153156,-0.112183,0.040278,-0.135432
451,3.758333,0.038298,0.013312,-0.155779,-0.000891,0.045245,-0.155980,-0.112052,0.040172,-0.137082
452,3.766667,0.038132,0.012674,-0.158705,-0.000887,0.045072,-0.158062,-0.112051,0.039849,-0.138948
453,3.775000,0.038132,0.012502,-0.160878,-0.001026,0.044585,-0.160534,-0.112244,0.039288,-0.141077
454,3.783333,0.038041,0.011900,-0.163282,-0.001024,0.044142,-0.162554,-0.112076,0.039040,-0.142502
455,3.791667,0.037936,0.011257,-0.165709,-0.001162,0.043510,-0.164937,-0.112006,0.038565,-0.144018
456,3.800000,0.037880,0.010789,-0.167696,-0.001169,0.042938,-0.166898,-0.111992,0.038016,-0.145613
457,3.808333,0.037806,0.010047,-0.169817,-0.001227,0.042372,-0.168593,-0.111924,0.037589,-0.146802
458,3.816667,0.037746,0.009456,-0.171692,-0.001187,0.041871,-0.170085,-0.111594,0.037429,-0.147504
459,3.825000,0.037776,0.009187,-0.172935,-0.001038,0.041630,-0.170989,-0.111532,0.036999,-0.148466
460,3.833333,0.037817,0.008779,-0.174176,-0.000960,0.041243,-0.171885,-0.111436,0.036669,-0.149131
461,3.841667,0.037887,0.008240,-0.175269,-0.000891,0.040747,-0.172821,-0.111367,0.036222,-0.149813
462,3.850000,0.038004,0.007900,-0.175818,-0.000793,0.040335,-0.173488,-0.111152,0.036023,-0.150187
463,3.858333,0.038180,0.007918,-0.175892,-0.000712,0.040133,-0.173832,-0.110957,0.035828,-0.150384
464,3.866667,0.038298,0.007920,-0.175963,-0.000614,0.040136,-0.173833,-0.110830,0.035709,-0.150423
465,3.875000,0.038431,0.008026,-0.175723,-0.000532,0.040183,-0.173712,-0.110799,0.035607,-0.150480
466,3.883333,0.038567,0.008208,-0.175390,-0.000441,0.040351,-0.173378,-0.110722,0.035657,-0.150265
467,3.891667,0.038674,0.008397,-0.174935,-0.000315,0.040577,-0.172840,-0.110623,0.035779,-0.149907
468,3.900000,0.038810,0.008530,-0.174195,-0.000157,0.040835,-0.172050,-0.110517,0.035919,-0.149426
469,3.908333,0.039034,0.008704,-0.173226,0.000032,0.041147,-0.171046,-0.110346,0.036189,-0.148609
470,3.916667,0.039200,0.008913,-0.172182,0.000242,0.041485,-0.169854,-0.110246,0.036374,-0.147913
471,3.925000,0.039407,0.009207,-0.170794,0.000438,0.041691,-0.168626,-0.110159,0.036473,-0.147147
472,3.933333,0.039564,0.009257,-0.169369,0.000536,0.041600,-0.167549,-0.110191,0.036486,-0.146356
473,3.941667,0.039823,0.009513,-0.167526,0.000703,0.041675,-0.166342,-0.110163,0.036459,-0.145536
474,3.950000,0.039974,0.009641,-0.165919,0.000856,0.041678,-0.164838,-0.109926,0.036784,-0.144061
475,3.958333,0.040207,0.009736,-0.163818,0.001120,0.042051,-0.162674,-0.109826,0.036939,-0.142821
476,3.966667,0.040365,0.009887,-0.161722,0.001159,0.042020,-0.161275,-0.109641,0.037235,-0.141213
477,3.975000,0.040575,0.010125,-0.159228,0.001330,0.042049,-0.159334,-0.109740,0.037189,-0.140071
478,3.983333,0.040707,0.010160,-0.156900,0.001401,0.042181,-0.157296,-0.109785,0.037350,-0.138681
479,3.991667,0.040813,0.010412,-0.154335,0.001434,0.042057,-0.155440,-0.109740,0.037527,-0.137022
480,4.000000,0.040875,0.010421,-0.151909,0.001561,0.042124,-0.153215,-0.109666,0.037793,-0.135228
481,4.008333,0.040789,0.010102,-0.149835,0.001640,0.042348,-0.150738,-0.109825,0.037807,-0.133866
482,4.016667,0.040966,0.010538,-0.146428,0.001702,0.042276,-0.148449,-0.109855,0.037947,-0.132092
483,4.025000,0.040991,0.010477,-0.143894,0.001822,0.042499,-0.145565,-0.109896,0.038038,-0.130340
484,4.033333,0.041035,0.010619,-0.140896,0.001837,0.042369,-0.143314,-0.110092,0.037933,-0.128825
485,4.041667,0.041080,0.010617,-0.137926,0.001834,0.042313,-0.140768,-0.110164,0.037964,-0.127064
486,4.050000,0.041003,0.010410,-0.135224,0.001881,0.042123,-0.138314,-0.110036,0.038192,-0.124961
487,4.058333,0.041040,0.010398,-0.132042,0.002012,0.042166,-0.135299,-0.110259,0.037968,-0.123470
488,4.066667,0.041045,0.010101,-0.129215,0.001957,0.041806,-0.133124,-0.110228,0.038060,-0.121478
489,4.075000,0.041096,0.010119,-0.125854,0.002002,0.041679,-0.130381,-0.110253,0.037992,-0.119727
490,4.083333,0.040952,0.009481,-0.123599,0.002035,0.041422,-0.127868,-0.110449,0.037747,-0.118170
491,4.091667,0.040890,0.009335,-0.120571,0.002062,0.041178,-0.125348,-0.110498,0.037646,-0.116520
492,4.100000,0.040894,0.008995,-0.117948,0.002151,0.041027,-0.122752,-0.110537,0.037543,-0.114781
493,4.108333,0.040887,0.008937,-0.115043,0.002095,0.040717,-0.120495,-0.110807,0.037217,-0.113612
494,4.116667,0.040715,0.008267,-0.113232,0.002137,0.040454,-0.118389,-0.110844,0.037012,-0.112100
495,4.125000,0.040732,0.008386,-0.110373,0.002134,0.040316,-0.116229,-0.110792,0.037042,-0.110518
496,4.133333,0.040697,0.008021,-0.108375,0.002139,0.040047,-0.114364,-0.110709,0.037019,-0.108908
497,4.141667,0.040570,0.007853,-0.106409,0.002171,0.039966,-0.112472,-0.110999,0.036689,-0.108075
498,4.150000,0.040452,0.007492,-0.104918,0.002102,0.039716,-0.111006,-0.111020,0.036588,-0.107010
499,4.158333,0.040374,0.007239,-0.103421,0.002075,0.039467,-0.109693,-0.110986,0.036518,-0.105829
500,4.166667,0.040465,0.007418,-0.101335,0.002113,0.039365,-0.108263,-0.110931,0.036522,-0.104829
501,4.175000,0.040397,0.007122,-0.100283,0.002092,0.039216,-0.107189,-0.110905,0.036531,-0.103928
502,4.183333,0.040311,0.006846,-0.099598,0.002141,0.039131,-0.106185,-0.110952,0.036340,-0.103339
503,4.191667,0.040371,0.006851,-0.098494,0.002155,0.039033,-0.105463,-0.110982,0.036307,-0.102774
504,4.200000,0.040297,0.006701,-0.097962,0.002103,0.038872,-0.105098,-0.111098,0.036204,-0.102488
505,4.208333,0.040367,0.006936,-0.097061,0.002146,0.038836,-0.104669,-0.111096,0.036144,-0.102238
506,4.216667,0.040288,0.006735,-0.097116,0.002196,0.038853,-0.104373,-0.111056,0.036187,-0.101979
507,4.225000,0.040308,0.006699,-0.097069,0.002220,0.038832,-0.104346,-0.111039,0.036193,-0.101922
508,4.233333,0.040374,0.006777,-0.097055,0.002221,0.038805,-0.104488,-0.111008,0.036202,-0.101947
509,4.241667,0.040365,0.006572,-0.097638,0.002256,0.038829,-0.104670,-0.111005,0.036164,-0.102142
510,4.250000,0.040344,0.006323,-0.098362,0.002248,0.038806,-0.105133,-0.110983,0.036176,-0.102378
511,4.258333,0.040521,0.006564,-0.098513,0.002343,0.038868,-0.105471,-0.110812,0.036278,-0.102558
512,4.266667,0.040674,0.006840,-0.098798,0.002390,0.038951,-0.106082,-0.110612,0.036421,-0.102726
513,4.275000,0.040694,0.006854,-0.099802,0.002463,0.038928,-0.106871,-0.110518,0.036492,-0.103130
514,4.283333,0.040823,0.007089,-0.100428,0.002565,0.039047,-0.107665,-0.110513,0.036475,-0.103963
515,4.291667,0.040869,0.006895,-0.101931,0.002780,0.039391,-0.108170,-0.110396,0.036589,-0.104483
516,4.300000,0.041102,0.007293,-0.102741,0.002912,0.039688,-0.108985,-0.110410,0.036530,-0.105389
517,4.308333,0.041349,0.007853,-0.103477,0.002921,0.039792,-0.110308,-0.110169,0.036772,-0.105912
518,4.316667,0.041381,0.007796,-0.105381,0.002989,0.039949,-0.111627,-0.110024,0.036979,-0.106738
519,4.325000,0.041537,0.008167,-0.106755,0.003151,0.040363,-0.112672,-0.109886,0.037161,-0.107548
520,4.333333,0.041652,0.008510,-0.108228,0.003219,0.040677,-0.114075,-0.109890,0.037142,-0.108734
521,4.341667,0.041900,0.008963,-0.109777,0.003346,0.041081,-0.115433,-0.109795,0.037392,-0.109737
522,4.350000,0.042036,0.009473,-0.111321,0.003383,0.041448,-0.116974,-0.109450,0.037777,-0.110419
523,4.358333,0.042217,0.010010,-0.112889,0.003469,0.041784,-0.118617,-0.109391,0.037954,-0.111681
524,4.366667,0.042371,0.010364,-0.114843,0.003522,0.042106,-0.120440,-0.109312,0.038164,-0.112862
525,4.375000,0.042646,0.011027,-0.116420,0.003671,0.042583,-0.122059,-0.109049,0.038582,-0.113858
526,4.383333,0.042716,0.011262,-0.118872,0.003674,0.042825,-0.124174,-0.108836,0.038895,-0.115000
527,4.391667,0.042756,0.011749,-0.120965,0.003783,0.043367,-0.125879,-0.108744,0.039174,-0.116342
528,4.400000,0.042901,0.011992,-0.123495,0.003813,0.043751,-0.127929,-0.108712,0.039256,-0.117861
529,4.408333,0.043053,0.012561,-0.125354,0.003905,0.044024,-0.129985,-0.108440,0.039675,-0.118939
530,4.416667,0.042999,0.012501,-0.128309,0.003889,0.044233,-0.132232,-0.108378,0.039802,-0.120470
531,4.425000,0.043134,0.012970,-0.130263,0.003960,0.044512,-0.134252,-0.108380,0.039877,-0.122110
532,4.433333,0.043046,0.012749,-0.133121,0.003976,0.044773,-0.136303,-0.108088,0.040173,-0.123227
533,4.441667,0.043320,0.013354,-0.134569,0.004011,0.044809,-0.138467,-0.108141,0.040145,-0.124938
534,4.450000,0.043275,0.013295,-0.137190,0.003962,0.044885,-0.140539,-0.108207,0.040103,-0.126598
535,4.458333,0.043165,0.013140,-0.139742,0.003863,0.044832,-0.142926,-0.108099,0.040214,-0.127884
536,4.466667,0.043126,0.013172,-0.141933,0.003861,0.044953,-0.144753,-0.107859,0.040515,-0.129013
537,4.475000,0.042970,0.013013,-0.144607,0.003799,0.045055,-0.146718,-0.108023,0.040258,-0.130776
538,4.483333,0.042933,0.013140,-0.146557,0.003670,0.044956,-0.148992,-0.108031,0.040292,-0.132142
539,4.491667,0.042803,0.012849,-0.148888,0.003528,0.044753,-0.150954,-0.108068,0.040215,-0.133523
540,4.500000,0.042735,0.012744,-0.150877,0.003487,0.044704,-0.152745,-0.108017,0.040121,-0.134709
541,4.508333,0.042663,0.012597,-0.152476,0.003337,0.044372,-0.154693,-0.107966,0.040063,-0.135822
542,4.516667,0.042456,0.012206,-0.154479,0.003295,0.044157,-0.156089,-0.108083,0.039784,-0.137198
543,4.525000,0.042348,0.011744,-0.156266,0.003157,0.043752,-0.157824,-0.108296,0.039278,-0.138679
544,4.533333,0.042236,0.011289,-0.157679,0.003014,0.043257,-0.159431,-0.108197,0.039153,-0.139470
545,4.541667,0.042152,0.010785,-0.158916,0.002984,0.042866,-0.160601,-0.108079,0.038930,-0.140161
546,4.550000,0.042066,0.010270,-0.159989,0.002960,0.042452,-0.161541,-0.108179,0.038387,-0.141284
547,4.558333,0.041971,0.009584,-0.161172,0.002936,0.042002,-0.162414,-0.108183,0.037996,-0.142005
548,4.566667,0.041891,0.009034,-0.162061,0.002874,0.041437,-0.163357,-0.108175,0.037689,-0.142540
549,4.575000,0.041825,0.008448,-0.162877,0.002782,0.040733,-0.164408,-0.108205,0.037287,-0.143113
550,4.583333,0.041809,0.008000,-0.163352,0.002817,0.040358,-0.164756,-0.108215,0.036885,-0.143586
551,4.591667,0.041784,0.007492,-0.163812,0.002851,0.039955,-0.165024,-0.108231,0.036525,-0.143925
552,4.600000,0.041744,0.006991,-0.164129,0.002817,0.039358,-0.165404,-0.108212,0.036173,-0.144154
553,4.608333,0.041672,0.006330,-0.164440,0.002774,0.038832,-0.165721,-0.108242,0.035756,-0.144476
554,4.616667,0.041703,0.005999,-0.164347,0.002806,0.038496,-0.165766,-0.108220,0.035457,-0.144491
555,4.625000,0.041700,0.005937,-0.164367,0.002689,0.038148,-0.166000,-0.108231,0.035133,-0.144572
556,4.633333,0.041679,0.005920,-0.164334,0.002652,0.038184,-0.165872,-0.108269,0.034989,-0.144522
557,4.641667,0.041652,0.005894,-0.164281,0.002620,0.038144,-0.165814,-0.108320,0.034907,-0.144493
558,4.650000,0.041622,0.005872,-0.164271,0.002594,0.038148,-0.165725,-0.108285,0.035032,-0.144181
559,4.658333,0.041595,0.005883,-0.164213,0.002571,0.038186,-0.165637,-0.108303,0.035108,-0.144072
560,4.666667,0.041564,0.005938,-0.164042,0.002556,0.038228,-0.165569,-0.108256,0.035258,-0.143812
561,4.675000,0.041545,0.005942,-0.163904,0.002589,0.038325,-0.165395,-0.108192,0.035441,-0.143543
562,4.683333,0.041573,0.005989,-0.163724,0.002617,0.038376,-0.165279,-0.108174,0.035505,-0.143452
563,4.691667,0.041621,0.006037,-0.163590,0.002676,0.038449,-0.165115,-0.108112,0.035585,-0.143317
564,4.700000,0.041681,0.006119,-0.163397,0.002730,0.038506,-0.164953,-0.108077,0.035625,-0.143215
565,4.708333,0.041734,0.006196,-0.163202,0.002771,0.038572,-0.164787,-0.108039,0.035669,-0.143101
566,4.716667,0.041778,0.006262,-0.163033,0.002830,0.038658,-0.164576,-0.107988,0.035731,-0.142928
567,4.725000,0.041831,0.006335,-0.162858,0.002899,0.038733,-0.164359,-0.107911,0.035813,-0.142728
568,4.733333,0.041881,0.006363,-0.162706,0.002983,0.038812,-0.164085,-0.107870,0.035840,-0.142623
569,4.741667,0.041979,0.006486,-0.162358,0.003051,0.038840,-0.163883,-0.107843,0.035816,-0.142554
570,4.750000,0.041973,0.006320,-0.162462,0.003081,0.038819,-0.163753,-0.107779,0.035843,-0.142392
571,4.758333,0.041988,0.006305,-0.162348,0.003122,0.038759,-0.163567,-0.107782,0.035821,-0.142327
572,4.766667,0.041977,0.006267,-0.162251,0.003110,0.038706,-0.163482,-0.107836,0.035705,-0.142395
573,4.775000,0.042001,0.006242,-0.162125,0.003091,0.038636,-0.163403,-0.107906,0.035599,-0.142424
574,4.783333,0.041989,0.006217,-0.162051,0.003078,0.038610,-0.163352,-0.107879,0.035589,-0.142262
575,4.791667,0.041993,0.006214,-0.161870,0.003014,0.038486,-0.163422,-0.107910,0.035524,-0.142247
576,4.800000,0.041960,0.006217,-0.161653,0.002965,0.038417,-0.163412,-0.107915,0.035511,-0.142145
577,4.808333,0.041939,0.006242,-0.161450,0.002912,0.038366,-0.163361,-0.107958,0.035464,-0.142111
578,4.816667,0.041901,0.006222,-0.161404,0.002852,0.038305,-0.163363,-0.107994,0.035426,-0.142050
579,4.825000,0.041840,0.006124,-0.161501,0.002825,0.038280,-0.163306,-0.107989,0.035427,-0.141899
580,4.833333,0.041795,0.006070,-0.161541,0.002792,0.038264,-0.163226,-0.108027,0.035363,-0.141888
581,4.841667,0.041766,0.006026,-0.161535,0.002755,0.038228,-0.163181,-0.108042,0.035326,-0.141804
582,4.850000,0.041708,0.005975,-0.161591,0.002729,0.038244,-0.163087,-0.108057,0.035299,-0.141713
583,4.858333,0.041688,0.005976,-0.161605,0.002683,0.038253,-0.163034,-0.108101,0.035216,-0.141713
584,4.866667,0.041661,0.006000,-0.161582,0.002668,0.038318,-0.162879,-0.108116,0.035175,-0.141664
585,4.875000,0.041649,0.006001,-0.161581,0.002629,0.038313,-0.162865,-0.108129,0.035143,-0.141633
586,4.883333,0.041630,0.006011,-0.161568,0.002611,0.038321,-0.162821,-0.108173,0.035078,-0.141679
587,4.891667,0.041605,0.006028,-0.161585,0.002594,0.038345,-0.162731,-0.108181,0.035054,-0.141628
588,4.900000,0.041596,0.006051,-0.161546,0.002574,0.038359,-0.162690,-0.108228,0.034983,-0.141664
589,4.908333,0.041593,0.005993,-0.161621,0.002560,0.038348,-0.162683,-0.108277,0.034886,-0.141726
590,4.916667,0.041614,0.006069,-0.161520,0.002574,0.038349,-0.162643,-0.108260,0.034857,-0.141690
591,4.925000,0.041609,0.006031,-0.161565,0.002596,0.038356,-0.162583,-0.108243,0.034789,-0.141654
592,4.933333,0.041632,0.006021,-0.161544,0.002602,0.038357,-0.162527,-0.108270,0.034670,-0.141729
593,4.941667,0.041631,0.005985,-0.161564,0.002601,0.038334,-0.162510,-0.108260,0.034612,-0.141691
594,4.950000,0.041640,0.006001,-0.161520,0.002610,0.038335,-0.162448,-0.108294,0.034528,-0.141730
595,4.958333,0.041644,0.005969,-0.161548,0.002609,0.038309,-0.162437,-0.108258,0.034525,-0.141627
596,4.966667,0.041669,0.005964,-0.161482,0.002608,0.038280,-0.162420,-0.108230,0.034522,-0.141532
597,4.975000,0.041666,0.005926,-0.161507,0.002622,0.038282,-0.162344,-0.108200,0.034496,-0.141457
598,4.983333,0.041670,0.005939,-0.161470,0.002621,0.038270,-0.162285,-0.108193,0.034472,-0.141382
599,4.991667,0.041669,0.005951,-0.161423,0.002609,0.038254,-0.162256,-0.108181,0.034455,-0.141291
600,5.000000,0.041670,0.005949,-0.161429,0.002586,0.038209,-0.162251,-0.108176,0.034418,-0.141226
601,5.008333,0.041676,0.005948,-0.161430,0.002565,0.038170,-0.162259,-0.108160,0.034385,-0.141160
602,5.016667,0.041682,0.005942,-0.161441,0.002553,0.038114,-0.162304,-0.108151,0.034295,-0.141121
603,5.025000,0.041689,0.005943,-0.161428,0.002549,0.038103,-0.162281,-0.108108,0.034287,-0.141005
604,5.033333,0.041682,0.005950,-0.161407,0.002532,0.038093,-0.162261,-0.108104,0.034258,-0.140954
605,5.041667,0.041685,0.005956,-0.161372,0.002511,0.038068,-0.162254,-0.108099,0.034223,-0.140924
606,5.050000,0.041685,0.005947,-0.161391,0.002519,0.038061,-0.162229,-0.108112,0.034146,-0.140960
607,5.058333,0.041711,0.005930,-0.161374,0.002533,0.038052,-0.162210,-0.108058,0.034151,-0.140869
608,5.066667,0.041719,0.005917,-0.161361,0.002532,0.038024,-0.162221,-0.108051,0.034107,-0.140872
609,5.075000,0.041713,0.005912,-0.161375,0.002517,0.037986,-0.162241,-0.108024,0.034109,-0.140768
610,5.083333,0.041704,0.005894,-0.161393,0.002509,0.037976,-0.162203,-0.108034,0.034070,-0.140757
611,5.091667,0.041697,0.005916,-0.161346,0.002497,0.037965,-0.162178,-0.108040,0.034025,-0.140752
612,5.100000,0.041695,0.005877,-0.161386,0.002487,0.037943,-0.162155,-0.108076,0.033921,-0.140839
613,5.108333,0.041703,0.005895,-0.161356,0.002484,0.037922,-0.162144,-0.108088,0.033866,-0.140869
614,5.116667,0.041707,0.005896,-0.161351,0.002478,0.037923,-0.162106,-0.108082,0.033853,-0.140812
615,5.125000,0.041685,0.005906,-0.161370,0.002451,0.037920,-0.162077,-0.108107,0.033799,-0.140794
616,5.133333,0.041674,0.005977,-0.161257,0.002373,0.037844,-0.162171,-0.108230,0.033663,-0.140939
617,5.141667,0.041640,0.006010,-0.161248,0.002334,0.037840,-0.162117,-0.108318,0.033538,-0.141027
618,5.150000,0.041632,0.006022,-0.161254,0.002261,0.037769,-0.162226,-0.108357,0.033474,-0.141056
619,5.158333,0.041624,0.006046,-0.161242,0.002221,0.037724,-0.162251,-0.108399,0.033422,-0.141092
620,5.166667,0.041615,0.006080,-0.161207,0.002178,0.037666,-0.162251,-0.108440,0.033363,-0.141117
621,5.175000,0.041588,0.006087,-0.161184,0.002112,0.037595,-0.162288,-0.108508,0.033288,-0.141163
622,5.183333,0.041545,0.006084,-0.161207,0.002059,0.037529,-0.162259,-0.108615,0.033168,-0.141280
623,5.191667,0.041486,0.006031,-0.161295,0.002007,0.037475,-0.162298,-0.108743,0.033029,-0.141448
624,5.200000,0.041484,0.006047,-0.161270,0.001981,0.037444,-0.162284,-0.108776,0.032943,-0.141479
625,5.208333,0.041461,0.006031,-0.161305,0.001941,0.037382,-0.162333,-0.108815,0.032888,-0.141528
626,5.216667,0.041448,0.006029,-0.161298,0.001931,0.037403,-0.162272,-0.108838,0.032830,-0.141549
627,5.225000,0.041445,0.006058,-0.161260,0.001888,0.037348,-0.162333,-0.108859,0.032788,-0.141572
628,5.233333,0.041416,0.006002,-0.161325,0.001871,0.037333,-0.162330,-0.108881,0.032713,-0.141615
629,5.241667,0.041419,0.006077,-0.161216,0.001854,0.037278,-0.162360,-0.108887,0.032671,-0.141637
630,5.250000,0.041409,0.006012,-0.161280,0.001838,0.037256,-0.162378,-0.108889,0.032606,-0.141659
631,5.258333,0.041352,0.005990,-0.161369,0.001842,0.037231,-0.162385,-0.108907,0.032514,-0.141742
632,5.266667,0.041421,0.006006,-0.161316,0.001864,0.037261,-0.162328,-0.108906,0.032470,-0.141779
633,5.275000,0.041423,0.006009,-0.161281,0.001876,0.037271,-0.162271,-0.108904,0.032432,-0.141792
634,5.283333,0.041442,0.006083,-0.161199,0.001861,0.037216,-0.162368,-0.108883,0.032449,-0.141755
635,5.291667,0.041440,0.006047,-0.161204,0.001864,0.037211,-0.162351,-0.108883,0.032444,-0.141754
